a,b,same_cat,is_d23_pnl,is_d23_n,is_d23_w,oos_d4_pnl,oos_d4_n,oos_d4_w
GALAXY_SOUNDS_DARK_MATTER,GALAXY_SOUNDS_BLACK_HOLES,1,25875.0,19,17,-3685.0,8,5
GALAXY_SOUNDS_DARK_MATTER,GALAXY_SOUNDS_PLANETARY_RINGS,1,-955.0,14,10,-2790.0,5,3
GALAXY_SOUNDS_DARK_MATTER,GALAXY_SOUNDS_SOLAR_WINDS,1,21860.0,20,17,-9600.0,5,2
GALAXY_SOUNDS_DARK_MATTER,GALAXY_SOUNDS_SOLAR_FLAMES,1,4765.0,16,12,9455.0,11,10
GALAXY_SOUNDS_DARK_MATTER,SLEEP_POD_SUEDE,0,11335.0,17,12,7205.0,8,5
GALAXY_SOUNDS_DARK_MATTER,SLEEP_POD_LAMB_WOOL,0,11195.0,20,18,14055.0,11,10
GALAXY_SOUNDS_DARK_MATTER,SLEEP_POD_POLYESTER,0,16505.0,15,12,11865.0,10,8
GALAXY_SOUNDS_DARK_MATTER,SLEEP_POD_NYLON,0,27360.0,26,22,-1035.0,7,4
GALAXY_SOUNDS_DARK_MATTER,SLEEP_POD_COTTON,0,19225.0,15,13,-3960.0,6,4
GALAXY_SOUNDS_DARK_MATTER,MICROCHIP_CIRCLE,0,8095.0,14,12,-5930.0,9,5
GALAXY_SOUNDS_DARK_MATTER,MICROCHIP_OVAL,0,21255.0,18,14,19020.0,11,11
GALAXY_SOUNDS_DARK_MATTER,MICROCHIP_SQUARE,0,17670.0,22,18,24345.0,10,7
GALAXY_SOUNDS_DARK_MATTER,MICROCHIP_RECTANGLE,0,26530.0,24,20,2960.0,9,6
GALAXY_SOUNDS_DARK_MATTER,MICROCHIP_TRIANGLE,0,37190.0,22,19,21610.0,11,11
GALAXY_SOUNDS_DARK_MATTER,PEBBLES_XS,0,970.0,14,10,23935.0,13,13
GALAXY_SOUNDS_DARK_MATTER,PEBBLES_S,0,14425.0,18,14,25040.0,14,13
GALAXY_SOUNDS_DARK_MATTER,PEBBLES_M,0,20875.0,22,17,8930.0,11,9
GALAXY_SOUNDS_DARK_MATTER,PEBBLES_L,0,20870.0,20,17,-7705.0,6,3
GALAXY_SOUNDS_DARK_MATTER,PEBBLES_XL,0,55440.0,23,18,-9915.0,9,6
GALAXY_SOUNDS_DARK_MATTER,ROBOT_VACUUMING,0,16655.0,18,14,8895.0,11,8
GALAXY_SOUNDS_DARK_MATTER,ROBOT_MOPPING,0,5330.0,19,13,2890.0,6,4
GALAXY_SOUNDS_DARK_MATTER,ROBOT_DISHES,0,21150.0,21,17,11285.0,11,10
GALAXY_SOUNDS_DARK_MATTER,ROBOT_LAUNDRY,0,29095.0,24,21,19510.0,13,11
GALAXY_SOUNDS_DARK_MATTER,ROBOT_IRONING,0,9295.0,16,14,12415.0,15,13
GALAXY_SOUNDS_DARK_MATTER,UV_VISOR_YELLOW,0,34805.0,23,20,14940.0,13,10
GALAXY_SOUNDS_DARK_MATTER,UV_VISOR_AMBER,0,9120.0,17,14,16165.0,12,11
GALAXY_SOUNDS_DARK_MATTER,UV_VISOR_ORANGE,0,9965.0,21,15,-2505.0,6,3
GALAXY_SOUNDS_DARK_MATTER,UV_VISOR_RED,0,24045.0,24,22,7385.0,9,8
GALAXY_SOUNDS_DARK_MATTER,UV_VISOR_MAGENTA,0,12435.0,19,13,1630.0,11,8
GALAXY_SOUNDS_DARK_MATTER,TRANSLATOR_SPACE_GRAY,0,1715.0,15,9,19245.0,13,11
GALAXY_SOUNDS_DARK_MATTER,TRANSLATOR_ASTRO_BLACK,0,21410.0,22,20,12145.0,14,12
GALAXY_SOUNDS_DARK_MATTER,TRANSLATOR_ECLIPSE_CHARCOAL,0,24770.0,26,22,9905.0,14,13
GALAXY_SOUNDS_DARK_MATTER,TRANSLATOR_GRAPHITE_MIST,0,21080.0,22,19,5700.0,11,9
GALAXY_SOUNDS_DARK_MATTER,TRANSLATOR_VOID_BLUE,0,19790.0,20,18,5100.0,9,7
GALAXY_SOUNDS_DARK_MATTER,PANEL_1X2,0,6500.0,16,13,-195.0,11,7
GALAXY_SOUNDS_DARK_MATTER,PANEL_2X2,0,10295.0,19,16,15095.0,12,10
GALAXY_SOUNDS_DARK_MATTER,PANEL_1X4,0,-495.0,18,14,12870.0,13,11
GALAXY_SOUNDS_DARK_MATTER,PANEL_2X4,0,29365.0,24,21,2075.0,10,7
GALAXY_SOUNDS_DARK_MATTER,PANEL_4X4,0,28735.0,26,22,-2860.0,9,6
GALAXY_SOUNDS_DARK_MATTER,OXYGEN_SHAKE_MORNING_BREATH,0,-2390.0,15,12,1915.0,8,4
GALAXY_SOUNDS_DARK_MATTER,OXYGEN_SHAKE_EVENING_BREATH,0,15555.0,24,20,14570.0,14,13
GALAXY_SOUNDS_DARK_MATTER,OXYGEN_SHAKE_MINT,0,5575.0,14,9,1310.0,9,7
GALAXY_SOUNDS_DARK_MATTER,OXYGEN_SHAKE_CHOCOLATE,0,35685.0,28,25,-8380.0,8,5
GALAXY_SOUNDS_DARK_MATTER,OXYGEN_SHAKE_GARLIC,0,21945.0,23,19,-4130.0,8,5
GALAXY_SOUNDS_DARK_MATTER,SNACKPACK_CHOCOLATE,0,25030.0,27,23,2615.0,8,6
GALAXY_SOUNDS_DARK_MATTER,SNACKPACK_VANILLA,0,27890.0,22,19,9040.0,12,9
GALAXY_SOUNDS_DARK_MATTER,SNACKPACK_PISTACHIO,0,22320.0,22,19,7585.0,11,10
GALAXY_SOUNDS_DARK_MATTER,SNACKPACK_STRAWBERRY,0,20060.0,18,15,5160.0,9,7
GALAXY_SOUNDS_DARK_MATTER,SNACKPACK_RASPBERRY,0,23900.0,22,19,5520.0,10,7
GALAXY_SOUNDS_BLACK_HOLES,GALAXY_SOUNDS_PLANETARY_RINGS,1,15825.0,15,12,1690.0,9,7
GALAXY_SOUNDS_BLACK_HOLES,GALAXY_SOUNDS_SOLAR_WINDS,1,810.0,18,13,-6895.0,6,3
GALAXY_SOUNDS_BLACK_HOLES,GALAXY_SOUNDS_SOLAR_FLAMES,1,-15160.0,13,7,195.0,12,9
GALAXY_SOUNDS_BLACK_HOLES,SLEEP_POD_SUEDE,0,6200.0,13,9,1170.0,9,6
GALAXY_SOUNDS_BLACK_HOLES,SLEEP_POD_LAMB_WOOL,0,5130.0,17,13,10560.0,14,12
GALAXY_SOUNDS_BLACK_HOLES,SLEEP_POD_POLYESTER,0,29255.0,23,19,21070.0,14,13
GALAXY_SOUNDS_BLACK_HOLES,SLEEP_POD_NYLON,0,1715.0,13,9,-2415.0,11,8
GALAXY_SOUNDS_BLACK_HOLES,SLEEP_POD_COTTON,0,9055.0,15,12,-3480.0,10,8
GALAXY_SOUNDS_BLACK_HOLES,MICROCHIP_CIRCLE,0,10960.0,14,10,13400.0,14,11
GALAXY_SOUNDS_BLACK_HOLES,MICROCHIP_OVAL,0,17910.0,16,14,-21420.0,5,3
GALAXY_SOUNDS_BLACK_HOLES,MICROCHIP_SQUARE,0,-5085.0,14,11,8230.0,9,7
GALAXY_SOUNDS_BLACK_HOLES,MICROCHIP_RECTANGLE,0,21785.0,16,13,16220.0,12,10
GALAXY_SOUNDS_BLACK_HOLES,MICROCHIP_TRIANGLE,0,37875.0,20,17,5785.0,14,12
GALAXY_SOUNDS_BLACK_HOLES,PEBBLES_XS,0,6275.0,19,15,21790.0,17,15
GALAXY_SOUNDS_BLACK_HOLES,PEBBLES_S,0,2420.0,16,11,-550.0,9,5
GALAXY_SOUNDS_BLACK_HOLES,PEBBLES_M,0,3095.0,16,13,13270.0,15,13
GALAXY_SOUNDS_BLACK_HOLES,PEBBLES_L,0,-1915.0,16,10,10960.0,11,9
GALAXY_SOUNDS_BLACK_HOLES,PEBBLES_XL,0,50210.0,21,17,14835.0,12,10
GALAXY_SOUNDS_BLACK_HOLES,ROBOT_VACUUMING,0,4415.0,13,10,16030.0,10,9
GALAXY_SOUNDS_BLACK_HOLES,ROBOT_MOPPING,0,-14980.0,11,8,1745.0,11,8
GALAXY_SOUNDS_BLACK_HOLES,ROBOT_DISHES,0,15090.0,15,12,10175.0,10,7
GALAXY_SOUNDS_BLACK_HOLES,ROBOT_LAUNDRY,0,12570.0,16,12,-535.0,10,6
GALAXY_SOUNDS_BLACK_HOLES,ROBOT_IRONING,0,17570.0,20,18,4295.0,12,10
GALAXY_SOUNDS_BLACK_HOLES,UV_VISOR_YELLOW,0,33380.0,26,21,-15385.0,10,7
GALAXY_SOUNDS_BLACK_HOLES,UV_VISOR_AMBER,0,12230.0,17,12,2055.0,12,8
GALAXY_SOUNDS_BLACK_HOLES,UV_VISOR_ORANGE,0,9350.0,17,13,24625.0,13,12
GALAXY_SOUNDS_BLACK_HOLES,UV_VISOR_RED,0,7670.0,18,15,5625.0,10,8
GALAXY_SOUNDS_BLACK_HOLES,UV_VISOR_MAGENTA,0,15100.0,17,12,7170.0,15,12
GALAXY_SOUNDS_BLACK_HOLES,TRANSLATOR_SPACE_GRAY,0,9570.0,16,9,-12210.0,8,6
GALAXY_SOUNDS_BLACK_HOLES,TRANSLATOR_ASTRO_BLACK,0,20975.0,20,18,9070.0,13,11
GALAXY_SOUNDS_BLACK_HOLES,TRANSLATOR_ECLIPSE_CHARCOAL,0,27715.0,19,14,14920.0,18,16
GALAXY_SOUNDS_BLACK_HOLES,TRANSLATOR_GRAPHITE_MIST,0,5320.0,17,12,-14340.0,8,6
GALAXY_SOUNDS_BLACK_HOLES,TRANSLATOR_VOID_BLUE,0,24590.0,18,16,16955.0,19,18
GALAXY_SOUNDS_BLACK_HOLES,PANEL_1X2,0,580.0,17,11,10400.0,12,9
GALAXY_SOUNDS_BLACK_HOLES,PANEL_2X2,0,12535.0,14,12,630.0,13,9
GALAXY_SOUNDS_BLACK_HOLES,PANEL_1X4,0,15645.0,17,16,-12625.0,6,2
GALAXY_SOUNDS_BLACK_HOLES,PANEL_2X4,0,31600.0,20,17,4170.0,11,9
GALAXY_SOUNDS_BLACK_HOLES,PANEL_4X4,0,7685.0,14,9,2060.0,9,8
GALAXY_SOUNDS_BLACK_HOLES,OXYGEN_SHAKE_MORNING_BREATH,0,1025.0,17,12,11555.0,14,11
GALAXY_SOUNDS_BLACK_HOLES,OXYGEN_SHAKE_EVENING_BREATH,0,-2560.0,14,8,7765.0,11,8
GALAXY_SOUNDS_BLACK_HOLES,OXYGEN_SHAKE_MINT,0,26105.0,21,18,-30285.0,4,0
GALAXY_SOUNDS_BLACK_HOLES,OXYGEN_SHAKE_CHOCOLATE,0,18790.0,17,14,-235.0,13,11
GALAXY_SOUNDS_BLACK_HOLES,OXYGEN_SHAKE_GARLIC,0,12390.0,16,12,23480.0,18,16
GALAXY_SOUNDS_BLACK_HOLES,SNACKPACK_CHOCOLATE,0,8245.0,15,11,1425.0,13,10
GALAXY_SOUNDS_BLACK_HOLES,SNACKPACK_VANILLA,0,21615.0,20,18,4950.0,11,8
GALAXY_SOUNDS_BLACK_HOLES,SNACKPACK_PISTACHIO,0,12075.0,16,11,3865.0,14,12
GALAXY_SOUNDS_BLACK_HOLES,SNACKPACK_STRAWBERRY,0,19470.0,17,13,1135.0,12,10
GALAXY_SOUNDS_BLACK_HOLES,SNACKPACK_RASPBERRY,0,14505.0,16,12,5050.0,10,6
GALAXY_SOUNDS_PLANETARY_RINGS,GALAXY_SOUNDS_SOLAR_WINDS,1,-2015.0,16,13,-15520.0,8,5
GALAXY_SOUNDS_PLANETARY_RINGS,GALAXY_SOUNDS_SOLAR_FLAMES,1,-21245.0,14,8,-1685.0,9,7
GALAXY_SOUNDS_PLANETARY_RINGS,SLEEP_POD_SUEDE,0,19310.0,20,15,10825.0,12,11
GALAXY_SOUNDS_PLANETARY_RINGS,SLEEP_POD_LAMB_WOOL,0,-17345.0,11,5,18970.0,10,9
GALAXY_SOUNDS_PLANETARY_RINGS,SLEEP_POD_POLYESTER,0,4790.0,15,12,-1005.0,7,5
GALAXY_SOUNDS_PLANETARY_RINGS,SLEEP_POD_NYLON,0,8610.0,22,20,-21180.0,4,1
GALAXY_SOUNDS_PLANETARY_RINGS,SLEEP_POD_COTTON,0,-6040.0,14,8,-12195.0,7,5
GALAXY_SOUNDS_PLANETARY_RINGS,MICROCHIP_CIRCLE,0,7525.0,21,18,-10800.0,9,7
GALAXY_SOUNDS_PLANETARY_RINGS,MICROCHIP_OVAL,0,-20820.0,13,9,6190.0,11,8
GALAXY_SOUNDS_PLANETARY_RINGS,MICROCHIP_SQUARE,0,2975.0,17,12,29830.0,11,10
GALAXY_SOUNDS_PLANETARY_RINGS,MICROCHIP_RECTANGLE,0,-1095.0,16,12,995.0,8,7
GALAXY_SOUNDS_PLANETARY_RINGS,MICROCHIP_TRIANGLE,0,15025.0,16,11,7660.0,9,8
GALAXY_SOUNDS_PLANETARY_RINGS,PEBBLES_XS,0,-1880.0,19,15,-155.0,8,6
GALAXY_SOUNDS_PLANETARY_RINGS,PEBBLES_S,0,5310.0,18,15,12970.0,10,7
GALAXY_SOUNDS_PLANETARY_RINGS,PEBBLES_M,0,-24420.0,15,11,615.0,9,5
GALAXY_SOUNDS_PLANETARY_RINGS,PEBBLES_L,0,15345.0,19,16,-2950.0,8,5
GALAXY_SOUNDS_PLANETARY_RINGS,PEBBLES_XL,0,28985.0,19,14,-15145.0,9,6
GALAXY_SOUNDS_PLANETARY_RINGS,ROBOT_VACUUMING,0,-9545.0,13,7,-12815.0,6,3
GALAXY_SOUNDS_PLANETARY_RINGS,ROBOT_MOPPING,0,-11095.0,20,15,6490.0,11,8
GALAXY_SOUNDS_PLANETARY_RINGS,ROBOT_DISHES,0,16780.0,20,15,-10950.0,5,2
GALAXY_SOUNDS_PLANETARY_RINGS,ROBOT_LAUNDRY,0,3050.0,21,16,7115.0,9,6
GALAXY_SOUNDS_PLANETARY_RINGS,ROBOT_IRONING,0,9960.0,21,18,-17830.0,5,3
GALAXY_SOUNDS_PLANETARY_RINGS,UV_VISOR_YELLOW,0,-9340.0,14,11,-12030.0,6,3
GALAXY_SOUNDS_PLANETARY_RINGS,UV_VISOR_AMBER,0,-4740.0,24,21,1640.0,7,5
GALAXY_SOUNDS_PLANETARY_RINGS,UV_VISOR_ORANGE,0,9595.0,19,14,-3920.0,8,7
GALAXY_SOUNDS_PLANETARY_RINGS,UV_VISOR_RED,0,-3575.0,14,9,-9535.0,8,5
GALAXY_SOUNDS_PLANETARY_RINGS,UV_VISOR_MAGENTA,0,9125.0,18,14,-16605.0,5,3
GALAXY_SOUNDS_PLANETARY_RINGS,TRANSLATOR_SPACE_GRAY,0,6420.0,19,15,6180.0,9,7
GALAXY_SOUNDS_PLANETARY_RINGS,TRANSLATOR_ASTRO_BLACK,0,-270.0,16,10,-4200.0,6,3
GALAXY_SOUNDS_PLANETARY_RINGS,TRANSLATOR_ECLIPSE_CHARCOAL,0,5720.0,17,13,-3075.0,11,9
GALAXY_SOUNDS_PLANETARY_RINGS,TRANSLATOR_GRAPHITE_MIST,0,18265.0,21,18,-11860.0,11,9
GALAXY_SOUNDS_PLANETARY_RINGS,TRANSLATOR_VOID_BLUE,0,16415.0,16,11,4175.0,12,10
GALAXY_SOUNDS_PLANETARY_RINGS,PANEL_1X2,0,-10945.0,16,12,-17455.0,4,0
GALAXY_SOUNDS_PLANETARY_RINGS,PANEL_2X2,0,-2400.0,20,16,-370.0,5,2
GALAXY_SOUNDS_PLANETARY_RINGS,PANEL_1X4,0,-6295.0,17,12,-4495.0,4,1
GALAXY_SOUNDS_PLANETARY_RINGS,PANEL_2X4,0,11745.0,23,20,-10625.0,6,2
GALAXY_SOUNDS_PLANETARY_RINGS,PANEL_4X4,0,8160.0,19,16,-30945.0,6,3
GALAXY_SOUNDS_PLANETARY_RINGS,OXYGEN_SHAKE_MORNING_BREATH,0,-8885.0,15,9,-3780.0,9,6
GALAXY_SOUNDS_PLANETARY_RINGS,OXYGEN_SHAKE_EVENING_BREATH,0,920.0,21,16,-13840.0,4,2
GALAXY_SOUNDS_PLANETARY_RINGS,OXYGEN_SHAKE_MINT,0,13735.0,20,15,-10530.0,7,3
GALAXY_SOUNDS_PLANETARY_RINGS,OXYGEN_SHAKE_CHOCOLATE,0,16650.0,21,17,-240.0,10,8
GALAXY_SOUNDS_PLANETARY_RINGS,OXYGEN_SHAKE_GARLIC,0,-570.0,17,13,-3090.0,9,6
GALAXY_SOUNDS_PLANETARY_RINGS,SNACKPACK_CHOCOLATE,0,-1695.0,18,14,-23065.0,3,0
GALAXY_SOUNDS_PLANETARY_RINGS,SNACKPACK_VANILLA,0,-3265.0,15,13,-1650.0,9,7
GALAXY_SOUNDS_PLANETARY_RINGS,SNACKPACK_PISTACHIO,0,-6370.0,13,8,-10995.0,6,4
GALAXY_SOUNDS_PLANETARY_RINGS,SNACKPACK_STRAWBERRY,0,-525.0,17,13,-4015.0,9,7
GALAXY_SOUNDS_PLANETARY_RINGS,SNACKPACK_RASPBERRY,0,1945.0,14,11,-750.0,6,4
GALAXY_SOUNDS_SOLAR_WINDS,GALAXY_SOUNDS_SOLAR_FLAMES,1,-4465.0,15,11,895.0,10,7
GALAXY_SOUNDS_SOLAR_WINDS,SLEEP_POD_SUEDE,0,19495.0,21,20,-19110.0,6,1
GALAXY_SOUNDS_SOLAR_WINDS,SLEEP_POD_LAMB_WOOL,0,8730.0,18,13,-12295.0,6,2
GALAXY_SOUNDS_SOLAR_WINDS,SLEEP_POD_POLYESTER,0,14900.0,19,15,11245.0,11,9
GALAXY_SOUNDS_SOLAR_WINDS,SLEEP_POD_NYLON,0,30995.0,25,22,9950.0,12,9
GALAXY_SOUNDS_SOLAR_WINDS,SLEEP_POD_COTTON,0,18270.0,18,13,-925.0,8,5
GALAXY_SOUNDS_SOLAR_WINDS,MICROCHIP_CIRCLE,0,5285.0,17,13,-5205.0,9,7
GALAXY_SOUNDS_SOLAR_WINDS,MICROCHIP_OVAL,0,11110.0,20,15,-17855.0,6,4
GALAXY_SOUNDS_SOLAR_WINDS,MICROCHIP_SQUARE,0,-4325.0,13,9,-3950.0,8,5
GALAXY_SOUNDS_SOLAR_WINDS,MICROCHIP_RECTANGLE,0,14455.0,20,16,60.0,9,7
GALAXY_SOUNDS_SOLAR_WINDS,MICROCHIP_TRIANGLE,0,36885.0,21,18,3525.0,9,7
GALAXY_SOUNDS_SOLAR_WINDS,PEBBLES_XS,0,17145.0,23,19,305.0,8,6
GALAXY_SOUNDS_SOLAR_WINDS,PEBBLES_S,0,33505.0,28,24,11480.0,13,11
GALAXY_SOUNDS_SOLAR_WINDS,PEBBLES_M,0,23880.0,20,16,-8585.0,9,5
GALAXY_SOUNDS_SOLAR_WINDS,PEBBLES_L,0,-980.0,17,12,-4750.0,9,7
GALAXY_SOUNDS_SOLAR_WINDS,PEBBLES_XL,0,30820.0,20,15,20370.0,15,13
GALAXY_SOUNDS_SOLAR_WINDS,ROBOT_VACUUMING,0,4110.0,17,12,-8900.0,7,2
GALAXY_SOUNDS_SOLAR_WINDS,ROBOT_MOPPING,0,-1895.0,16,12,-6960.0,6,3
GALAXY_SOUNDS_SOLAR_WINDS,ROBOT_DISHES,0,8860.0,17,13,10940.0,9,7
GALAXY_SOUNDS_SOLAR_WINDS,ROBOT_LAUNDRY,0,3475.0,20,16,-9685.0,7,3
GALAXY_SOUNDS_SOLAR_WINDS,ROBOT_IRONING,0,-4060.0,18,14,-265.0,8,5
GALAXY_SOUNDS_SOLAR_WINDS,UV_VISOR_YELLOW,0,2090.0,20,16,-11685.0,7,3
GALAXY_SOUNDS_SOLAR_WINDS,UV_VISOR_AMBER,0,-3630.0,15,10,-11155.0,4,1
GALAXY_SOUNDS_SOLAR_WINDS,UV_VISOR_ORANGE,0,21035.0,22,19,-4095.0,8,4
GALAXY_SOUNDS_SOLAR_WINDS,UV_VISOR_RED,0,19005.0,21,17,12810.0,12,10
GALAXY_SOUNDS_SOLAR_WINDS,UV_VISOR_MAGENTA,0,1675.0,16,12,6200.0,11,9
GALAXY_SOUNDS_SOLAR_WINDS,TRANSLATOR_SPACE_GRAY,0,19895.0,20,17,-11350.0,7,4
GALAXY_SOUNDS_SOLAR_WINDS,TRANSLATOR_ASTRO_BLACK,0,-4655.0,14,11,3135.0,9,5
GALAXY_SOUNDS_SOLAR_WINDS,TRANSLATOR_ECLIPSE_CHARCOAL,0,-7200.0,15,9,4190.0,10,7
GALAXY_SOUNDS_SOLAR_WINDS,TRANSLATOR_GRAPHITE_MIST,0,32925.0,26,24,-1270.0,8,5
GALAXY_SOUNDS_SOLAR_WINDS,TRANSLATOR_VOID_BLUE,0,-13825.0,12,6,-895.0,10,7
GALAXY_SOUNDS_SOLAR_WINDS,PANEL_1X2,0,4285.0,13,10,3525.0,8,6
GALAXY_SOUNDS_SOLAR_WINDS,PANEL_2X2,0,11965.0,24,21,-9230.0,5,2
GALAXY_SOUNDS_SOLAR_WINDS,PANEL_1X4,0,-20370.0,12,9,-11845.0,6,2
GALAXY_SOUNDS_SOLAR_WINDS,PANEL_2X4,0,3740.0,17,13,7710.0,9,7
GALAXY_SOUNDS_SOLAR_WINDS,PANEL_4X4,0,6975.0,17,13,-8680.0,7,3
GALAXY_SOUNDS_SOLAR_WINDS,OXYGEN_SHAKE_MORNING_BREATH,0,-16100.0,15,10,-16060.0,5,0
GALAXY_SOUNDS_SOLAR_WINDS,OXYGEN_SHAKE_EVENING_BREATH,0,28510.0,26,21,-2890.0,9,5
GALAXY_SOUNDS_SOLAR_WINDS,OXYGEN_SHAKE_MINT,0,32560.0,29,25,-4410.0,10,8
GALAXY_SOUNDS_SOLAR_WINDS,OXYGEN_SHAKE_CHOCOLATE,0,19025.0,21,19,-3130.0,10,8
GALAXY_SOUNDS_SOLAR_WINDS,OXYGEN_SHAKE_GARLIC,0,4575.0,20,16,-5515.0,8,5
GALAXY_SOUNDS_SOLAR_WINDS,SNACKPACK_CHOCOLATE,0,6315.0,18,14,-8680.0,6,2
GALAXY_SOUNDS_SOLAR_WINDS,SNACKPACK_VANILLA,0,5905.0,18,14,-10905.0,6,2
GALAXY_SOUNDS_SOLAR_WINDS,SNACKPACK_PISTACHIO,0,11605.0,22,17,-1705.0,7,4
GALAXY_SOUNDS_SOLAR_WINDS,SNACKPACK_STRAWBERRY,0,-2430.0,14,9,-870.0,7,4
GALAXY_SOUNDS_SOLAR_WINDS,SNACKPACK_RASPBERRY,0,15415.0,20,15,-15165.0,6,2
GALAXY_SOUNDS_SOLAR_FLAMES,SLEEP_POD_SUEDE,0,-8260.0,16,12,2350.0,12,8
GALAXY_SOUNDS_SOLAR_FLAMES,SLEEP_POD_LAMB_WOOL,0,-38555.0,9,4,14955.0,12,9
GALAXY_SOUNDS_SOLAR_FLAMES,SLEEP_POD_POLYESTER,0,1310.0,13,9,25080.0,16,14
GALAXY_SOUNDS_SOLAR_FLAMES,SLEEP_POD_NYLON,0,-9040.0,14,9,20050.0,20,18
GALAXY_SOUNDS_SOLAR_FLAMES,SLEEP_POD_COTTON,0,6365.0,19,14,1245.0,12,10
GALAXY_SOUNDS_SOLAR_FLAMES,MICROCHIP_CIRCLE,0,-14095.0,14,8,3010.0,11,8
GALAXY_SOUNDS_SOLAR_FLAMES,MICROCHIP_OVAL,0,-3265.0,13,6,-16635.0,5,2
GALAXY_SOUNDS_SOLAR_FLAMES,MICROCHIP_SQUARE,0,-4740.0,15,10,14335.0,10,9
GALAXY_SOUNDS_SOLAR_FLAMES,MICROCHIP_RECTANGLE,0,-1530.0,16,11,7145.0,10,8
GALAXY_SOUNDS_SOLAR_FLAMES,MICROCHIP_TRIANGLE,0,26760.0,17,13,20945.0,19,16
GALAXY_SOUNDS_SOLAR_FLAMES,PEBBLES_XS,0,18260.0,18,14,-14095.0,6,3
GALAXY_SOUNDS_SOLAR_FLAMES,PEBBLES_S,0,26025.0,23,18,23505.0,14,12
GALAXY_SOUNDS_SOLAR_FLAMES,PEBBLES_M,0,4655.0,17,11,11540.0,11,8
GALAXY_SOUNDS_SOLAR_FLAMES,PEBBLES_L,0,-13285.0,14,10,680.0,10,8
GALAXY_SOUNDS_SOLAR_FLAMES,PEBBLES_XL,0,-3105.0,18,12,-1675.0,9,6
GALAXY_SOUNDS_SOLAR_FLAMES,ROBOT_VACUUMING,0,11545.0,17,15,6635.0,11,9
GALAXY_SOUNDS_SOLAR_FLAMES,ROBOT_MOPPING,0,-20445.0,11,7,18695.0,13,12
GALAXY_SOUNDS_SOLAR_FLAMES,ROBOT_DISHES,0,-220.0,17,13,5590.0,7,6
GALAXY_SOUNDS_SOLAR_FLAMES,ROBOT_LAUNDRY,0,19815.0,18,14,5605.0,8,6
GALAXY_SOUNDS_SOLAR_FLAMES,ROBOT_IRONING,0,-25750.0,13,7,-8310.0,8,5
GALAXY_SOUNDS_SOLAR_FLAMES,UV_VISOR_YELLOW,0,8280.0,15,9,-9955.0,7,5
GALAXY_SOUNDS_SOLAR_FLAMES,UV_VISOR_AMBER,0,-10950.0,15,9,3245.0,8,6
GALAXY_SOUNDS_SOLAR_FLAMES,UV_VISOR_ORANGE,0,1295.0,17,13,4145.0,11,8
GALAXY_SOUNDS_SOLAR_FLAMES,UV_VISOR_RED,0,-5425.0,14,10,3475.0,8,5
GALAXY_SOUNDS_SOLAR_FLAMES,UV_VISOR_MAGENTA,0,-16805.0,11,4,-9265.0,9,6
GALAXY_SOUNDS_SOLAR_FLAMES,TRANSLATOR_SPACE_GRAY,0,-17750.0,14,9,270.0,8,3
GALAXY_SOUNDS_SOLAR_FLAMES,TRANSLATOR_ASTRO_BLACK,0,8245.0,15,13,2470.0,9,5
GALAXY_SOUNDS_SOLAR_FLAMES,TRANSLATOR_ECLIPSE_CHARCOAL,0,855.0,16,9,-4610.0,8,4
GALAXY_SOUNDS_SOLAR_FLAMES,TRANSLATOR_GRAPHITE_MIST,0,6285.0,14,10,-4580.0,9,5
GALAXY_SOUNDS_SOLAR_FLAMES,TRANSLATOR_VOID_BLUE,0,-20425.0,9,4,8715.0,13,9
GALAXY_SOUNDS_SOLAR_FLAMES,PANEL_1X2,0,-17710.0,11,8,11570.0,13,9
GALAXY_SOUNDS_SOLAR_FLAMES,PANEL_2X2,0,-7385.0,16,11,12745.0,12,11
GALAXY_SOUNDS_SOLAR_FLAMES,PANEL_1X4,0,-11305.0,14,9,-3270.0,6,4
GALAXY_SOUNDS_SOLAR_FLAMES,PANEL_2X4,0,-12115.0,14,9,13725.0,13,11
GALAXY_SOUNDS_SOLAR_FLAMES,PANEL_4X4,0,-12645.0,14,9,-20425.0,6,2
GALAXY_SOUNDS_SOLAR_FLAMES,OXYGEN_SHAKE_MORNING_BREATH,0,-16075.0,12,7,310.0,10,8
GALAXY_SOUNDS_SOLAR_FLAMES,OXYGEN_SHAKE_EVENING_BREATH,0,3810.0,17,14,5680.0,13,12
GALAXY_SOUNDS_SOLAR_FLAMES,OXYGEN_SHAKE_MINT,0,-5065.0,13,6,835.0,9,6
GALAXY_SOUNDS_SOLAR_FLAMES,OXYGEN_SHAKE_CHOCOLATE,0,-410.0,19,14,10215.0,9,6
GALAXY_SOUNDS_SOLAR_FLAMES,OXYGEN_SHAKE_GARLIC,0,7510.0,17,13,3925.0,10,7
GALAXY_SOUNDS_SOLAR_FLAMES,SNACKPACK_CHOCOLATE,0,-19965.0,9,3,-6340.0,7,3
GALAXY_SOUNDS_SOLAR_FLAMES,SNACKPACK_VANILLA,0,-6820.0,13,9,15980.0,17,16
GALAXY_SOUNDS_SOLAR_FLAMES,SNACKPACK_PISTACHIO,0,-1565.0,13,8,17450.0,22,20
GALAXY_SOUNDS_SOLAR_FLAMES,SNACKPACK_STRAWBERRY,0,10990.0,17,13,15975.0,18,15
GALAXY_SOUNDS_SOLAR_FLAMES,SNACKPACK_RASPBERRY,0,-17790.0,12,6,9890.0,12,11
SLEEP_POD_SUEDE,SLEEP_POD_LAMB_WOOL,1,4130.0,15,9,22170.0,14,12
SLEEP_POD_SUEDE,SLEEP_POD_POLYESTER,1,16100.0,14,12,11695.0,11,8
SLEEP_POD_SUEDE,SLEEP_POD_NYLON,1,-7150.0,13,7,4905.0,12,9
SLEEP_POD_SUEDE,SLEEP_POD_COTTON,1,13285.0,21,17,-8070.0,8,5
SLEEP_POD_SUEDE,MICROCHIP_CIRCLE,0,13085.0,22,17,-310.0,10,7
SLEEP_POD_SUEDE,MICROCHIP_OVAL,0,6980.0,20,14,6565.0,10,8
SLEEP_POD_SUEDE,MICROCHIP_SQUARE,0,25795.0,19,16,24250.0,10,9
SLEEP_POD_SUEDE,MICROCHIP_RECTANGLE,0,-2820.0,18,13,22180.0,16,15
SLEEP_POD_SUEDE,MICROCHIP_TRIANGLE,0,25515.0,20,18,21090.0,14,13
SLEEP_POD_SUEDE,PEBBLES_XS,0,-105.0,22,17,17335.0,13,11
SLEEP_POD_SUEDE,PEBBLES_S,0,7000.0,17,12,11530.0,10,8
SLEEP_POD_SUEDE,PEBBLES_M,0,14280.0,21,17,32345.0,16,15
SLEEP_POD_SUEDE,PEBBLES_L,0,-3715.0,16,12,1005.0,7,4
SLEEP_POD_SUEDE,PEBBLES_XL,0,41335.0,22,16,5515.0,13,10
SLEEP_POD_SUEDE,ROBOT_VACUUMING,0,10445.0,20,16,6815.0,11,8
SLEEP_POD_SUEDE,ROBOT_MOPPING,0,2375.0,19,15,17510.0,13,11
SLEEP_POD_SUEDE,ROBOT_DISHES,0,26200.0,26,22,5370.0,9,6
SLEEP_POD_SUEDE,ROBOT_LAUNDRY,0,-5910.0,18,14,335.0,7,5
SLEEP_POD_SUEDE,ROBOT_IRONING,0,7180.0,18,13,6070.0,10,8
SLEEP_POD_SUEDE,UV_VISOR_YELLOW,0,-6605.0,12,9,6690.0,10,8
SLEEP_POD_SUEDE,UV_VISOR_AMBER,0,-13100.0,14,9,4230.0,7,5
SLEEP_POD_SUEDE,UV_VISOR_ORANGE,0,21785.0,21,19,6115.0,8,7
SLEEP_POD_SUEDE,UV_VISOR_RED,0,8965.0,15,10,12240.0,13,10
SLEEP_POD_SUEDE,UV_VISOR_MAGENTA,0,12685.0,19,16,555.0,9,6
SLEEP_POD_SUEDE,TRANSLATOR_SPACE_GRAY,0,9905.0,19,16,19290.0,12,11
SLEEP_POD_SUEDE,TRANSLATOR_ASTRO_BLACK,0,375.0,18,16,16375.0,12,10
SLEEP_POD_SUEDE,TRANSLATOR_ECLIPSE_CHARCOAL,0,4115.0,17,12,5850.0,10,7
SLEEP_POD_SUEDE,TRANSLATOR_GRAPHITE_MIST,0,16550.0,22,20,1275.0,7,3
SLEEP_POD_SUEDE,TRANSLATOR_VOID_BLUE,0,7095.0,14,10,3460.0,8,7
SLEEP_POD_SUEDE,PANEL_1X2,0,145.0,15,11,1320.0,8,5
SLEEP_POD_SUEDE,PANEL_2X2,0,5215.0,17,14,895.0,9,6
SLEEP_POD_SUEDE,PANEL_1X4,0,14575.0,19,14,715.0,10,7
SLEEP_POD_SUEDE,PANEL_2X4,0,9725.0,19,15,3155.0,9,5
SLEEP_POD_SUEDE,PANEL_4X4,0,14015.0,20,16,-1485.0,9,4
SLEEP_POD_SUEDE,OXYGEN_SHAKE_MORNING_BREATH,0,-17075.0,11,6,15985.0,13,11
SLEEP_POD_SUEDE,OXYGEN_SHAKE_EVENING_BREATH,0,11355.0,24,20,-2910.0,7,4
SLEEP_POD_SUEDE,OXYGEN_SHAKE_MINT,0,25175.0,25,23,-7550.0,11,8
SLEEP_POD_SUEDE,OXYGEN_SHAKE_CHOCOLATE,0,26475.0,25,22,-3660.0,8,4
SLEEP_POD_SUEDE,OXYGEN_SHAKE_GARLIC,0,-9545.0,17,13,-2985.0,7,4
SLEEP_POD_SUEDE,SNACKPACK_CHOCOLATE,0,6535.0,18,15,3180.0,9,6
SLEEP_POD_SUEDE,SNACKPACK_VANILLA,0,-195.0,16,12,12900.0,12,10
SLEEP_POD_SUEDE,SNACKPACK_PISTACHIO,0,3915.0,18,15,2305.0,9,5
SLEEP_POD_SUEDE,SNACKPACK_STRAWBERRY,0,13380.0,20,16,6320.0,11,8
SLEEP_POD_SUEDE,SNACKPACK_RASPBERRY,0,11340.0,17,15,18530.0,14,13
SLEEP_POD_LAMB_WOOL,SLEEP_POD_POLYESTER,1,-810.0,16,12,6090.0,10,8
SLEEP_POD_LAMB_WOOL,SLEEP_POD_NYLON,1,11720.0,15,12,995.0,11,8
SLEEP_POD_LAMB_WOOL,SLEEP_POD_COTTON,1,9000.0,17,13,-5740.0,10,7
SLEEP_POD_LAMB_WOOL,MICROCHIP_CIRCLE,0,7080.0,18,14,6835.0,14,12
SLEEP_POD_LAMB_WOOL,MICROCHIP_OVAL,0,-195.0,14,10,-2705.0,8,5
SLEEP_POD_LAMB_WOOL,MICROCHIP_SQUARE,0,11935.0,18,14,25860.0,10,10
SLEEP_POD_LAMB_WOOL,MICROCHIP_RECTANGLE,0,24735.0,21,18,20665.0,14,13
SLEEP_POD_LAMB_WOOL,MICROCHIP_TRIANGLE,0,15255.0,15,9,19880.0,12,10
SLEEP_POD_LAMB_WOOL,PEBBLES_XS,0,23200.0,21,17,10505.0,14,11
SLEEP_POD_LAMB_WOOL,PEBBLES_S,0,-7890.0,18,11,23795.0,15,13
SLEEP_POD_LAMB_WOOL,PEBBLES_M,0,27360.0,23,20,4610.0,9,7
SLEEP_POD_LAMB_WOOL,PEBBLES_L,0,10410.0,18,12,-10170.0,7,3
SLEEP_POD_LAMB_WOOL,PEBBLES_XL,0,41300.0,20,16,1070.0,9,5
SLEEP_POD_LAMB_WOOL,ROBOT_VACUUMING,0,-3030.0,15,10,5.0,6,4
SLEEP_POD_LAMB_WOOL,ROBOT_MOPPING,0,-7665.0,14,10,8110.0,8,4
SLEEP_POD_LAMB_WOOL,ROBOT_DISHES,0,19380.0,22,17,-1590.0,6,3
SLEEP_POD_LAMB_WOOL,ROBOT_LAUNDRY,0,-19100.0,10,4,12300.0,11,9
SLEEP_POD_LAMB_WOOL,ROBOT_IRONING,0,2905.0,17,13,7025.0,10,7
SLEEP_POD_LAMB_WOOL,UV_VISOR_YELLOW,0,6375.0,19,14,-5345.0,8,6
SLEEP_POD_LAMB_WOOL,UV_VISOR_AMBER,0,5330.0,18,13,10235.0,11,8
SLEEP_POD_LAMB_WOOL,UV_VISOR_ORANGE,0,5970.0,16,10,4720.0,8,6
SLEEP_POD_LAMB_WOOL,UV_VISOR_RED,0,13740.0,16,12,16320.0,13,11
SLEEP_POD_LAMB_WOOL,UV_VISOR_MAGENTA,0,3935.0,21,17,10570.0,13,10
SLEEP_POD_LAMB_WOOL,TRANSLATOR_SPACE_GRAY,0,34740.0,29,27,7780.0,13,12
SLEEP_POD_LAMB_WOOL,TRANSLATOR_ASTRO_BLACK,0,-15805.0,10,6,9910.0,10,8
SLEEP_POD_LAMB_WOOL,TRANSLATOR_ECLIPSE_CHARCOAL,0,-21560.0,10,5,5215.0,9,7
SLEEP_POD_LAMB_WOOL,TRANSLATOR_GRAPHITE_MIST,0,-2350.0,13,7,-4580.0,9,7
SLEEP_POD_LAMB_WOOL,TRANSLATOR_VOID_BLUE,0,-13290.0,15,9,14015.0,9,8
SLEEP_POD_LAMB_WOOL,PANEL_1X2,0,19655.0,20,16,8950.0,12,8
SLEEP_POD_LAMB_WOOL,PANEL_2X2,0,16310.0,19,16,15690.0,14,12
SLEEP_POD_LAMB_WOOL,PANEL_1X4,0,-11310.0,14,10,5625.0,9,6
SLEEP_POD_LAMB_WOOL,PANEL_2X4,0,16670.0,20,16,11000.0,14,11
SLEEP_POD_LAMB_WOOL,PANEL_4X4,0,11855.0,21,16,-14185.0,7,5
SLEEP_POD_LAMB_WOOL,OXYGEN_SHAKE_MORNING_BREATH,0,-13520.0,15,9,7790.0,10,7
SLEEP_POD_LAMB_WOOL,OXYGEN_SHAKE_EVENING_BREATH,0,8390.0,18,14,3985.0,8,6
SLEEP_POD_LAMB_WOOL,OXYGEN_SHAKE_MINT,0,14380.0,18,14,-2500.0,9,6
SLEEP_POD_LAMB_WOOL,OXYGEN_SHAKE_CHOCOLATE,0,4415.0,17,13,10370.0,11,9
SLEEP_POD_LAMB_WOOL,OXYGEN_SHAKE_GARLIC,0,-6115.0,14,10,16140.0,12,10
SLEEP_POD_LAMB_WOOL,SNACKPACK_CHOCOLATE,0,12495.0,21,16,-1360.0,7,4
SLEEP_POD_LAMB_WOOL,SNACKPACK_VANILLA,0,-10.0,18,12,23195.0,17,15
SLEEP_POD_LAMB_WOOL,SNACKPACK_PISTACHIO,0,4185.0,19,15,4370.0,9,7
SLEEP_POD_LAMB_WOOL,SNACKPACK_STRAWBERRY,0,3870.0,19,16,4185.0,9,7
SLEEP_POD_LAMB_WOOL,SNACKPACK_RASPBERRY,0,7100.0,17,12,6090.0,9,8
SLEEP_POD_POLYESTER,SLEEP_POD_NYLON,1,11700.0,19,15,12440.0,12,11
SLEEP_POD_POLYESTER,SLEEP_POD_COTTON,1,26535.0,23,18,13910.0,10,8
SLEEP_POD_POLYESTER,MICROCHIP_CIRCLE,0,2125.0,16,10,3240.0,11,8
SLEEP_POD_POLYESTER,MICROCHIP_OVAL,0,6505.0,12,8,12210.0,13,12
SLEEP_POD_POLYESTER,MICROCHIP_SQUARE,0,5735.0,17,11,20605.0,10,8
SLEEP_POD_POLYESTER,MICROCHIP_RECTANGLE,0,-5295.0,10,6,16735.0,12,11
SLEEP_POD_POLYESTER,MICROCHIP_TRIANGLE,0,33645.0,17,14,47830.0,27,26
SLEEP_POD_POLYESTER,PEBBLES_XS,0,-6555.0,15,9,24805.0,13,11
SLEEP_POD_POLYESTER,PEBBLES_S,0,23080.0,23,19,24260.0,12,10
SLEEP_POD_POLYESTER,PEBBLES_M,0,27820.0,29,26,12415.0,12,9
SLEEP_POD_POLYESTER,PEBBLES_L,0,14980.0,17,15,32900.0,20,19
SLEEP_POD_POLYESTER,PEBBLES_XL,0,8480.0,15,9,-2400.0,10,8
SLEEP_POD_POLYESTER,ROBOT_VACUUMING,0,6850.0,17,14,21160.0,11,11
SLEEP_POD_POLYESTER,ROBOT_MOPPING,0,-2295.0,16,11,11505.0,9,9
SLEEP_POD_POLYESTER,ROBOT_DISHES,0,14650.0,16,13,33360.0,15,14
SLEEP_POD_POLYESTER,ROBOT_LAUNDRY,0,16375.0,18,15,5270.0,8,7
SLEEP_POD_POLYESTER,ROBOT_IRONING,0,11360.0,15,12,19160.0,11,10
SLEEP_POD_POLYESTER,UV_VISOR_YELLOW,0,35290.0,26,23,6830.0,9,7
SLEEP_POD_POLYESTER,UV_VISOR_AMBER,0,-9530.0,17,13,11245.0,14,12
SLEEP_POD_POLYESTER,UV_VISOR_ORANGE,0,13195.0,15,11,20800.0,12,11
SLEEP_POD_POLYESTER,UV_VISOR_RED,0,16640.0,18,15,17790.0,11,9
SLEEP_POD_POLYESTER,UV_VISOR_MAGENTA,0,9850.0,18,14,16540.0,10,10
SLEEP_POD_POLYESTER,TRANSLATOR_SPACE_GRAY,0,7645.0,19,15,8160.0,11,9
SLEEP_POD_POLYESTER,TRANSLATOR_ASTRO_BLACK,0,12735.0,20,15,18260.0,12,12
SLEEP_POD_POLYESTER,TRANSLATOR_ECLIPSE_CHARCOAL,0,21975.0,19,16,26830.0,14,14
SLEEP_POD_POLYESTER,TRANSLATOR_GRAPHITE_MIST,0,17030.0,22,19,26205.0,19,17
SLEEP_POD_POLYESTER,TRANSLATOR_VOID_BLUE,0,28125.0,16,14,13560.0,12,11
SLEEP_POD_POLYESTER,PANEL_1X2,0,-1805.0,16,12,4205.0,9,6
SLEEP_POD_POLYESTER,PANEL_2X2,0,39080.0,25,24,5490.0,7,6
SLEEP_POD_POLYESTER,PANEL_1X4,0,3980.0,13,10,11420.0,13,11
SLEEP_POD_POLYESTER,PANEL_2X4,0,4890.0,16,11,13420.0,12,9
SLEEP_POD_POLYESTER,PANEL_4X4,0,16945.0,21,18,1900.0,9,5
SLEEP_POD_POLYESTER,OXYGEN_SHAKE_MORNING_BREATH,0,-335.0,18,13,14060.0,11,9
SLEEP_POD_POLYESTER,OXYGEN_SHAKE_EVENING_BREATH,0,2160.0,16,12,18965.0,12,11
SLEEP_POD_POLYESTER,OXYGEN_SHAKE_MINT,0,22525.0,19,18,-295.0,8,6
SLEEP_POD_POLYESTER,OXYGEN_SHAKE_CHOCOLATE,0,20900.0,18,15,6515.0,11,9
SLEEP_POD_POLYESTER,OXYGEN_SHAKE_GARLIC,0,17180.0,23,21,7985.0,10,7
SLEEP_POD_POLYESTER,SNACKPACK_CHOCOLATE,0,1780.0,15,11,28110.0,19,18
SLEEP_POD_POLYESTER,SNACKPACK_VANILLA,0,8185.0,13,10,24820.0,16,14
SLEEP_POD_POLYESTER,SNACKPACK_PISTACHIO,0,7675.0,14,12,30220.0,24,22
SLEEP_POD_POLYESTER,SNACKPACK_STRAWBERRY,0,22220.0,20,18,31715.0,22,21
SLEEP_POD_POLYESTER,SNACKPACK_RASPBERRY,0,8190.0,15,12,16970.0,10,9
SLEEP_POD_NYLON,SLEEP_POD_COTTON,1,13825.0,16,12,2820.0,8,6
SLEEP_POD_NYLON,MICROCHIP_CIRCLE,0,10695.0,18,13,12215.0,12,9
SLEEP_POD_NYLON,MICROCHIP_OVAL,0,-645.0,13,8,-18570.0,5,3
SLEEP_POD_NYLON,MICROCHIP_SQUARE,0,13395.0,18,15,3595.0,9,7
SLEEP_POD_NYLON,MICROCHIP_RECTANGLE,0,17255.0,22,20,9405.0,12,10
SLEEP_POD_NYLON,MICROCHIP_TRIANGLE,0,20590.0,16,14,12210.0,14,12
SLEEP_POD_NYLON,PEBBLES_XS,0,15275.0,19,15,11185.0,12,9
SLEEP_POD_NYLON,PEBBLES_S,0,23130.0,22,17,1725.0,9,7
SLEEP_POD_NYLON,PEBBLES_M,0,25365.0,21,16,-1035.0,9,5
SLEEP_POD_NYLON,PEBBLES_L,0,2645.0,17,12,-1160.0,11,10
SLEEP_POD_NYLON,PEBBLES_XL,0,13985.0,18,12,17905.0,11,9
SLEEP_POD_NYLON,ROBOT_VACUUMING,0,5105.0,16,12,6430.0,10,8
SLEEP_POD_NYLON,ROBOT_MOPPING,0,5770.0,18,15,5680.0,12,9
SLEEP_POD_NYLON,ROBOT_DISHES,0,19705.0,22,17,19300.0,12,12
SLEEP_POD_NYLON,ROBOT_LAUNDRY,0,4065.0,16,12,1915.0,9,6
SLEEP_POD_NYLON,ROBOT_IRONING,0,14370.0,21,15,4610.0,9,7
SLEEP_POD_NYLON,UV_VISOR_YELLOW,0,-240.0,17,13,-7925.0,9,7
SLEEP_POD_NYLON,UV_VISOR_AMBER,0,21250.0,22,19,-310.0,9,5
SLEEP_POD_NYLON,UV_VISOR_ORANGE,0,7100.0,15,12,10845.0,12,11
SLEEP_POD_NYLON,UV_VISOR_RED,0,20390.0,22,18,15960.0,10,9
SLEEP_POD_NYLON,UV_VISOR_MAGENTA,0,1985.0,15,12,-8950.0,7,2
SLEEP_POD_NYLON,TRANSLATOR_SPACE_GRAY,0,20065.0,22,17,-7330.0,6,3
SLEEP_POD_NYLON,TRANSLATOR_ASTRO_BLACK,0,6180.0,17,12,9425.0,10,7
SLEEP_POD_NYLON,TRANSLATOR_ECLIPSE_CHARCOAL,0,-2335.0,14,10,11505.0,13,11
SLEEP_POD_NYLON,TRANSLATOR_GRAPHITE_MIST,0,18630.0,17,15,1355.0,11,9
SLEEP_POD_NYLON,TRANSLATOR_VOID_BLUE,0,-2575.0,15,9,6710.0,9,6
SLEEP_POD_NYLON,PANEL_1X2,0,13050.0,17,12,11600.0,11,10
SLEEP_POD_NYLON,PANEL_2X2,0,14455.0,23,19,4685.0,13,10
SLEEP_POD_NYLON,PANEL_1X4,0,-19070.0,12,8,9675.0,13,10
SLEEP_POD_NYLON,PANEL_2X4,0,20100.0,22,18,15045.0,12,11
SLEEP_POD_NYLON,PANEL_4X4,0,10500.0,16,12,-10660.0,6,1
SLEEP_POD_NYLON,OXYGEN_SHAKE_MORNING_BREATH,0,-17910.0,12,7,4290.0,11,9
SLEEP_POD_NYLON,OXYGEN_SHAKE_EVENING_BREATH,0,10765.0,17,14,6955.0,11,10
SLEEP_POD_NYLON,OXYGEN_SHAKE_MINT,0,24230.0,20,17,-7220.0,6,3
SLEEP_POD_NYLON,OXYGEN_SHAKE_CHOCOLATE,0,15500.0,21,17,11320.0,10,8
SLEEP_POD_NYLON,OXYGEN_SHAKE_GARLIC,0,3670.0,23,18,2615.0,8,4
SLEEP_POD_NYLON,SNACKPACK_CHOCOLATE,0,21260.0,27,23,890.0,8,5
SLEEP_POD_NYLON,SNACKPACK_VANILLA,0,11595.0,18,12,6060.0,12,10
SLEEP_POD_NYLON,SNACKPACK_PISTACHIO,0,5575.0,17,13,9965.0,17,16
SLEEP_POD_NYLON,SNACKPACK_STRAWBERRY,0,6235.0,17,12,11420.0,14,12
SLEEP_POD_NYLON,SNACKPACK_RASPBERRY,0,14270.0,14,12,5995.0,12,9
SLEEP_POD_COTTON,MICROCHIP_CIRCLE,0,365.0,12,7,-16625.0,8,5
SLEEP_POD_COTTON,MICROCHIP_OVAL,0,-11115.0,11,6,-5365.0,9,6
SLEEP_POD_COTTON,MICROCHIP_SQUARE,0,10725.0,17,13,11595.0,10,8
SLEEP_POD_COTTON,MICROCHIP_RECTANGLE,0,-165.0,18,13,14090.0,9,8
SLEEP_POD_COTTON,MICROCHIP_TRIANGLE,0,25840.0,18,14,4775.0,10,7
SLEEP_POD_COTTON,PEBBLES_XS,0,4745.0,15,10,3645.0,8,6
SLEEP_POD_COTTON,PEBBLES_S,0,20410.0,22,17,5150.0,9,7
SLEEP_POD_COTTON,PEBBLES_M,0,19800.0,23,19,-14125.0,6,3
SLEEP_POD_COTTON,PEBBLES_L,0,-9415.0,13,9,19980.0,14,12
SLEEP_POD_COTTON,PEBBLES_XL,0,23980.0,19,14,2570.0,11,9
SLEEP_POD_COTTON,ROBOT_VACUUMING,0,23365.0,20,15,-7690.0,5,3
SLEEP_POD_COTTON,ROBOT_MOPPING,0,12655.0,13,9,-3255.0,7,5
SLEEP_POD_COTTON,ROBOT_DISHES,0,23435.0,21,17,16805.0,8,7
SLEEP_POD_COTTON,ROBOT_LAUNDRY,0,20205.0,22,18,-12675.0,5,3
SLEEP_POD_COTTON,ROBOT_IRONING,0,-7050.0,19,14,13205.0,7,7
SLEEP_POD_COTTON,UV_VISOR_YELLOW,0,18685.0,15,10,-7060.0,5,3
SLEEP_POD_COTTON,UV_VISOR_AMBER,0,-400.0,16,11,-1310.0,6,5
SLEEP_POD_COTTON,UV_VISOR_ORANGE,0,330.0,17,13,23235.0,12,12
SLEEP_POD_COTTON,UV_VISOR_RED,0,2510.0,15,10,17660.0,13,12
SLEEP_POD_COTTON,UV_VISOR_MAGENTA,0,32770.0,24,20,-13165.0,5,3
SLEEP_POD_COTTON,TRANSLATOR_SPACE_GRAY,0,21780.0,25,22,-11300.0,7,5
SLEEP_POD_COTTON,TRANSLATOR_ASTRO_BLACK,0,16990.0,20,16,2485.0,7,5
SLEEP_POD_COTTON,TRANSLATOR_ECLIPSE_CHARCOAL,0,-2045.0,15,11,9755.0,10,7
SLEEP_POD_COTTON,TRANSLATOR_GRAPHITE_MIST,0,15815.0,20,15,-3280.0,8,5
SLEEP_POD_COTTON,TRANSLATOR_VOID_BLUE,0,5365.0,14,9,8465.0,10,8
SLEEP_POD_COTTON,PANEL_1X2,0,7270.0,18,13,-9995.0,6,3
SLEEP_POD_COTTON,PANEL_2X2,0,13680.0,14,10,-3465.0,5,4
SLEEP_POD_COTTON,PANEL_1X4,0,-8945.0,15,10,-8575.0,7,5
SLEEP_POD_COTTON,PANEL_2X4,0,21910.0,20,15,-10100.0,6,3
SLEEP_POD_COTTON,PANEL_4X4,0,11715.0,17,10,1245.0,11,9
SLEEP_POD_COTTON,OXYGEN_SHAKE_MORNING_BREATH,0,-9615.0,13,9,-5805.0,6,4
SLEEP_POD_COTTON,OXYGEN_SHAKE_EVENING_BREATH,0,-14195.0,13,8,350.0,6,4
SLEEP_POD_COTTON,OXYGEN_SHAKE_MINT,0,18105.0,21,17,-28910.0,5,3
SLEEP_POD_COTTON,OXYGEN_SHAKE_CHOCOLATE,0,18425.0,19,14,-10750.0,8,6
SLEEP_POD_COTTON,OXYGEN_SHAKE_GARLIC,0,17675.0,25,20,-6530.0,8,5
SLEEP_POD_COTTON,SNACKPACK_CHOCOLATE,0,6745.0,15,12,-11510.0,5,2
SLEEP_POD_COTTON,SNACKPACK_VANILLA,0,21790.0,22,19,3095.0,9,6
SLEEP_POD_COTTON,SNACKPACK_PISTACHIO,0,-5070.0,12,8,2985.0,8,6
SLEEP_POD_COTTON,SNACKPACK_STRAWBERRY,0,1935.0,14,9,-3560.0,5,3
SLEEP_POD_COTTON,SNACKPACK_RASPBERRY,0,21390.0,22,18,-7900.0,3,0
MICROCHIP_CIRCLE,MICROCHIP_OVAL,1,28475.0,24,20,-32280.0,2,0
MICROCHIP_CIRCLE,MICROCHIP_SQUARE,1,-20590.0,12,8,18540.0,12,10
MICROCHIP_CIRCLE,MICROCHIP_RECTANGLE,1,37555.0,27,23,6660.0,13,12
MICROCHIP_CIRCLE,MICROCHIP_TRIANGLE,1,25120.0,18,14,-785.0,9,6
MICROCHIP_CIRCLE,PEBBLES_XS,0,20210.0,23,19,-17085.0,7,2
MICROCHIP_CIRCLE,PEBBLES_S,0,16260.0,16,11,-11220.0,7,4
MICROCHIP_CIRCLE,PEBBLES_M,0,-18060.0,12,7,20010.0,17,15
MICROCHIP_CIRCLE,PEBBLES_L,0,-23000.0,11,5,-11005.0,10,8
MICROCHIP_CIRCLE,PEBBLES_XL,0,66600.0,25,21,45030.0,16,14
MICROCHIP_CIRCLE,ROBOT_VACUUMING,0,6070.0,19,14,915.0,9,6
MICROCHIP_CIRCLE,ROBOT_MOPPING,0,-5040.0,18,12,-595.0,9,7
MICROCHIP_CIRCLE,ROBOT_DISHES,0,12425.0,18,14,8125.0,9,6
MICROCHIP_CIRCLE,ROBOT_LAUNDRY,0,3860.0,15,11,-4060.0,8,5
MICROCHIP_CIRCLE,ROBOT_IRONING,0,5025.0,16,11,-10135.0,5,4
MICROCHIP_CIRCLE,UV_VISOR_YELLOW,0,16780.0,18,15,-24635.0,6,4
MICROCHIP_CIRCLE,UV_VISOR_AMBER,0,6995.0,19,14,-6045.0,8,5
MICROCHIP_CIRCLE,UV_VISOR_ORANGE,0,24940.0,25,23,-6895.0,6,4
MICROCHIP_CIRCLE,UV_VISOR_RED,0,10345.0,18,13,15660.0,12,10
MICROCHIP_CIRCLE,UV_VISOR_MAGENTA,0,13165.0,17,14,-7450.0,8,6
MICROCHIP_CIRCLE,TRANSLATOR_SPACE_GRAY,0,10770.0,22,17,-18075.0,5,3
MICROCHIP_CIRCLE,TRANSLATOR_ASTRO_BLACK,0,1005.0,11,7,-1395.0,8,5
MICROCHIP_CIRCLE,TRANSLATOR_ECLIPSE_CHARCOAL,0,19230.0,18,12,-11790.0,5,3
MICROCHIP_CIRCLE,TRANSLATOR_GRAPHITE_MIST,0,22575.0,20,18,-18355.0,5,3
MICROCHIP_CIRCLE,TRANSLATOR_VOID_BLUE,0,14205.0,21,18,3715.0,10,9
MICROCHIP_CIRCLE,PANEL_1X2,0,2205.0,16,12,7305.0,10,7
MICROCHIP_CIRCLE,PANEL_2X2,0,-2625.0,14,9,-4510.0,9,6
MICROCHIP_CIRCLE,PANEL_1X4,0,-11805.0,12,6,4040.0,12,9
MICROCHIP_CIRCLE,PANEL_2X4,0,18375.0,20,15,14140.0,12,9
MICROCHIP_CIRCLE,PANEL_4X4,0,-1490.0,15,11,-26745.0,4,2
MICROCHIP_CIRCLE,OXYGEN_SHAKE_MORNING_BREATH,0,6960.0,13,8,-550.0,11,9
MICROCHIP_CIRCLE,OXYGEN_SHAKE_EVENING_BREATH,0,-950.0,21,14,-530.0,9,7
MICROCHIP_CIRCLE,OXYGEN_SHAKE_MINT,0,24525.0,23,20,-16365.0,6,2
MICROCHIP_CIRCLE,OXYGEN_SHAKE_CHOCOLATE,0,15355.0,20,18,15830.0,13,12
MICROCHIP_CIRCLE,OXYGEN_SHAKE_GARLIC,0,-2635.0,15,10,24700.0,15,13
MICROCHIP_CIRCLE,SNACKPACK_CHOCOLATE,0,9780.0,20,15,-2890.0,9,6
MICROCHIP_CIRCLE,SNACKPACK_VANILLA,0,14495.0,20,17,-2415.0,7,5
MICROCHIP_CIRCLE,SNACKPACK_PISTACHIO,0,12555.0,18,14,-7540.0,7,4
MICROCHIP_CIRCLE,SNACKPACK_STRAWBERRY,0,3655.0,16,11,4580.0,11,9
MICROCHIP_CIRCLE,SNACKPACK_RASPBERRY,0,20340.0,18,15,6170.0,14,11
MICROCHIP_OVAL,MICROCHIP_SQUARE,1,4780.0,17,11,17470.0,9,8
MICROCHIP_OVAL,MICROCHIP_RECTANGLE,1,37500.0,23,21,-9345.0,5,4
MICROCHIP_OVAL,MICROCHIP_TRIANGLE,1,25870.0,21,18,41815.0,22,22
MICROCHIP_OVAL,PEBBLES_XS,0,33095.0,21,19,31560.0,24,22
MICROCHIP_OVAL,PEBBLES_S,0,11515.0,16,10,34010.0,16,15
MICROCHIP_OVAL,PEBBLES_M,0,-10885.0,13,9,20600.0,14,11
MICROCHIP_OVAL,PEBBLES_L,0,-14960.0,15,10,6095.0,10,7
MICROCHIP_OVAL,PEBBLES_XL,0,21565.0,17,14,-19965.0,9,5
MICROCHIP_OVAL,ROBOT_VACUUMING,0,9930.0,17,13,5255.0,11,7
MICROCHIP_OVAL,ROBOT_MOPPING,0,190.0,17,14,8140.0,9,7
MICROCHIP_OVAL,ROBOT_DISHES,0,9720.0,17,13,-5735.0,8,6
MICROCHIP_OVAL,ROBOT_LAUNDRY,0,4845.0,18,12,6875.0,9,6
MICROCHIP_OVAL,ROBOT_IRONING,0,10655.0,19,14,-9175.0,6,4
MICROCHIP_OVAL,UV_VISOR_YELLOW,0,20920.0,21,17,9320.0,10,8
MICROCHIP_OVAL,UV_VISOR_AMBER,0,-1850.0,15,10,4545.0,8,6
MICROCHIP_OVAL,UV_VISOR_ORANGE,0,-5180.0,14,7,-11850.0,4,2
MICROCHIP_OVAL,UV_VISOR_RED,0,19640.0,18,14,-5395.0,8,5
MICROCHIP_OVAL,UV_VISOR_MAGENTA,0,-4475.0,14,8,5310.0,12,10
MICROCHIP_OVAL,TRANSLATOR_SPACE_GRAY,0,-6370.0,14,8,20390.0,13,13
MICROCHIP_OVAL,TRANSLATOR_ASTRO_BLACK,0,15520.0,19,15,6250.0,8,5
MICROCHIP_OVAL,TRANSLATOR_ECLIPSE_CHARCOAL,0,31155.0,25,22,8785.0,17,16
MICROCHIP_OVAL,TRANSLATOR_GRAPHITE_MIST,0,20635.0,21,17,15450.0,16,14
MICROCHIP_OVAL,TRANSLATOR_VOID_BLUE,0,1420.0,18,13,-9195.0,7,6
MICROCHIP_OVAL,PANEL_1X2,0,23225.0,21,17,-8680.0,7,4
MICROCHIP_OVAL,PANEL_2X2,0,-14665.0,14,8,4075.0,9,7
MICROCHIP_OVAL,PANEL_1X4,0,4685.0,14,10,-3945.0,7,4
MICROCHIP_OVAL,PANEL_2X4,0,26220.0,22,17,-10295.0,7,5
MICROCHIP_OVAL,PANEL_4X4,0,20280.0,18,15,2995.0,13,10
MICROCHIP_OVAL,OXYGEN_SHAKE_MORNING_BREATH,0,13500.0,18,14,-7685.0,6,3
MICROCHIP_OVAL,OXYGEN_SHAKE_EVENING_BREATH,0,-3465.0,15,11,-2340.0,8,7
MICROCHIP_OVAL,OXYGEN_SHAKE_MINT,0,19080.0,19,14,-3380.0,9,8
MICROCHIP_OVAL,OXYGEN_SHAKE_CHOCOLATE,0,9985.0,18,15,-22220.0,5,3
MICROCHIP_OVAL,OXYGEN_SHAKE_GARLIC,0,-5145.0,17,12,-23635.0,4,2
MICROCHIP_OVAL,SNACKPACK_CHOCOLATE,0,240.0,16,11,10205.0,16,14
MICROCHIP_OVAL,SNACKPACK_VANILLA,0,20840.0,23,18,-4280.0,8,5
MICROCHIP_OVAL,SNACKPACK_PISTACHIO,0,19725.0,21,17,-1565.0,8,6
MICROCHIP_OVAL,SNACKPACK_STRAWBERRY,0,8475.0,18,16,-6550.0,8,6
MICROCHIP_OVAL,SNACKPACK_RASPBERRY,0,11885.0,17,13,3655.0,11,8
MICROCHIP_SQUARE,MICROCHIP_RECTANGLE,1,-18665.0,14,11,20140.0,9,8
MICROCHIP_SQUARE,MICROCHIP_TRIANGLE,1,28385.0,19,17,10940.0,7,5
MICROCHIP_SQUARE,PEBBLES_XS,0,-22175.0,13,6,24340.0,13,10
MICROCHIP_SQUARE,PEBBLES_S,0,4205.0,18,13,23625.0,11,10
MICROCHIP_SQUARE,PEBBLES_M,0,14910.0,20,17,22565.0,10,8
MICROCHIP_SQUARE,PEBBLES_L,0,-5385.0,16,10,16645.0,9,7
MICROCHIP_SQUARE,PEBBLES_XL,0,38825.0,21,17,19495.0,11,8
MICROCHIP_SQUARE,ROBOT_VACUUMING,0,-2815.0,16,11,21605.0,11,10
MICROCHIP_SQUARE,ROBOT_MOPPING,0,4400.0,16,12,19420.0,10,9
MICROCHIP_SQUARE,ROBOT_DISHES,0,24215.0,19,14,6095.0,9,6
MICROCHIP_SQUARE,ROBOT_LAUNDRY,0,2000.0,15,11,14985.0,7,6
MICROCHIP_SQUARE,ROBOT_IRONING,0,-13635.0,16,12,10850.0,9,7
MICROCHIP_SQUARE,UV_VISOR_YELLOW,0,13385.0,16,11,9380.0,9,7
MICROCHIP_SQUARE,UV_VISOR_AMBER,0,-8620.0,20,15,11675.0,7,6
MICROCHIP_SQUARE,UV_VISOR_ORANGE,0,-10710.0,11,5,15550.0,11,8
MICROCHIP_SQUARE,UV_VISOR_RED,0,1200.0,17,11,-6200.0,6,3
MICROCHIP_SQUARE,UV_VISOR_MAGENTA,0,-3205.0,14,10,5975.0,9,7
MICROCHIP_SQUARE,TRANSLATOR_SPACE_GRAY,0,-155.0,15,10,26375.0,12,11
MICROCHIP_SQUARE,TRANSLATOR_ASTRO_BLACK,0,-23250.0,12,9,7180.0,7,4
MICROCHIP_SQUARE,TRANSLATOR_ECLIPSE_CHARCOAL,0,150.0,18,13,4390.0,7,4
MICROCHIP_SQUARE,TRANSLATOR_GRAPHITE_MIST,0,7835.0,18,13,-5365.0,6,3
MICROCHIP_SQUARE,TRANSLATOR_VOID_BLUE,0,10790.0,16,11,21305.0,10,8
MICROCHIP_SQUARE,PANEL_1X2,0,-7690.0,16,11,8135.0,10,7
MICROCHIP_SQUARE,PANEL_2X2,0,7380.0,17,12,19310.0,13,11
MICROCHIP_SQUARE,PANEL_1X4,0,-10990.0,15,9,12170.0,9,7
MICROCHIP_SQUARE,PANEL_2X4,0,-5270.0,13,8,22905.0,15,13
MICROCHIP_SQUARE,PANEL_4X4,0,1510.0,18,14,9970.0,11,8
MICROCHIP_SQUARE,OXYGEN_SHAKE_MORNING_BREATH,0,-13245.0,16,11,25900.0,14,13
MICROCHIP_SQUARE,OXYGEN_SHAKE_EVENING_BREATH,0,8560.0,17,13,8355.0,9,6
MICROCHIP_SQUARE,OXYGEN_SHAKE_MINT,0,2225.0,15,9,1785.0,7,5
MICROCHIP_SQUARE,OXYGEN_SHAKE_CHOCOLATE,0,4115.0,18,16,3870.0,7,5
MICROCHIP_SQUARE,OXYGEN_SHAKE_GARLIC,0,18140.0,19,14,11110.0,9,6
MICROCHIP_SQUARE,SNACKPACK_CHOCOLATE,0,1160.0,18,14,9280.0,9,6
MICROCHIP_SQUARE,SNACKPACK_VANILLA,0,-1020.0,15,12,20420.0,10,8
MICROCHIP_SQUARE,SNACKPACK_PISTACHIO,0,-3410.0,15,12,17740.0,10,7
MICROCHIP_SQUARE,SNACKPACK_STRAWBERRY,0,13650.0,18,14,17295.0,10,7
MICROCHIP_SQUARE,SNACKPACK_RASPBERRY,0,13445.0,17,13,19895.0,11,9
MICROCHIP_RECTANGLE,MICROCHIP_TRIANGLE,1,19140.0,17,14,15310.0,11,10
MICROCHIP_RECTANGLE,PEBBLES_XS,0,63360.0,32,31,2145.0,10,8
MICROCHIP_RECTANGLE,PEBBLES_S,0,3020.0,16,10,18275.0,13,11
MICROCHIP_RECTANGLE,PEBBLES_M,0,5460.0,20,15,13175.0,14,12
MICROCHIP_RECTANGLE,PEBBLES_L,0,-6110.0,15,9,7735.0,12,9
MICROCHIP_RECTANGLE,PEBBLES_XL,0,28000.0,20,15,22880.0,13,12
MICROCHIP_RECTANGLE,ROBOT_VACUUMING,0,6525.0,17,13,9700.0,9,8
MICROCHIP_RECTANGLE,ROBOT_MOPPING,0,-14585.0,14,9,27240.0,16,15
MICROCHIP_RECTANGLE,ROBOT_DISHES,0,35945.0,31,29,19370.0,12,10
MICROCHIP_RECTANGLE,ROBOT_LAUNDRY,0,17350.0,25,20,4660.0,13,10
MICROCHIP_RECTANGLE,ROBOT_IRONING,0,27490.0,24,20,-6410.0,4,2
MICROCHIP_RECTANGLE,UV_VISOR_YELLOW,0,20970.0,22,18,-735.0,10,7
MICROCHIP_RECTANGLE,UV_VISOR_AMBER,0,31555.0,28,23,495.0,9,6
MICROCHIP_RECTANGLE,UV_VISOR_ORANGE,0,7620.0,19,15,9810.0,7,6
MICROCHIP_RECTANGLE,UV_VISOR_RED,0,15180.0,18,13,4010.0,9,7
MICROCHIP_RECTANGLE,UV_VISOR_MAGENTA,0,6600.0,17,13,10205.0,13,11
MICROCHIP_RECTANGLE,TRANSLATOR_SPACE_GRAY,0,43790.0,35,31,12225.0,14,13
MICROCHIP_RECTANGLE,TRANSLATOR_ASTRO_BLACK,0,24515.0,21,17,13990.0,12,9
MICROCHIP_RECTANGLE,TRANSLATOR_ECLIPSE_CHARCOAL,0,25945.0,21,17,7705.0,9,7
MICROCHIP_RECTANGLE,TRANSLATOR_GRAPHITE_MIST,0,11490.0,16,12,-2855.0,9,6
MICROCHIP_RECTANGLE,TRANSLATOR_VOID_BLUE,0,4775.0,18,12,34075.0,20,19
MICROCHIP_RECTANGLE,PANEL_1X2,0,8735.0,16,12,15225.0,14,13
MICROCHIP_RECTANGLE,PANEL_2X2,0,-1375.0,20,15,-3610.0,8,5
MICROCHIP_RECTANGLE,PANEL_1X4,0,18045.0,19,15,530.0,11,8
MICROCHIP_RECTANGLE,PANEL_2X4,0,4045.0,17,12,22515.0,17,16
MICROCHIP_RECTANGLE,PANEL_4X4,0,36600.0,25,22,-14190.0,6,3
MICROCHIP_RECTANGLE,OXYGEN_SHAKE_MORNING_BREATH,0,27160.0,17,13,11860.0,13,11
MICROCHIP_RECTANGLE,OXYGEN_SHAKE_EVENING_BREATH,0,21190.0,25,22,9875.0,10,7
MICROCHIP_RECTANGLE,OXYGEN_SHAKE_MINT,0,29645.0,24,22,-16890.0,7,5
MICROCHIP_RECTANGLE,OXYGEN_SHAKE_CHOCOLATE,0,27905.0,24,20,10225.0,13,11
MICROCHIP_RECTANGLE,OXYGEN_SHAKE_GARLIC,0,11700.0,25,22,25830.0,14,11
MICROCHIP_RECTANGLE,SNACKPACK_CHOCOLATE,0,23220.0,26,24,-7065.0,7,4
MICROCHIP_RECTANGLE,SNACKPACK_VANILLA,0,13525.0,19,14,19060.0,16,14
MICROCHIP_RECTANGLE,SNACKPACK_PISTACHIO,0,22015.0,24,20,195.0,7,5
MICROCHIP_RECTANGLE,SNACKPACK_STRAWBERRY,0,12335.0,19,14,16875.0,14,13
MICROCHIP_RECTANGLE,SNACKPACK_RASPBERRY,0,25445.0,25,21,1905.0,9,7
MICROCHIP_TRIANGLE,PEBBLES_XS,0,10425.0,16,11,27065.0,14,13
MICROCHIP_TRIANGLE,PEBBLES_S,0,25700.0,16,13,30215.0,12,10
MICROCHIP_TRIANGLE,PEBBLES_M,0,40420.0,23,20,28370.0,15,14
MICROCHIP_TRIANGLE,PEBBLES_L,0,43810.0,21,18,23415.0,15,13
MICROCHIP_TRIANGLE,PEBBLES_XL,0,23025.0,17,14,-17740.0,8,5
MICROCHIP_TRIANGLE,ROBOT_VACUUMING,0,25690.0,18,15,37370.0,20,19
MICROCHIP_TRIANGLE,ROBOT_MOPPING,0,12655.0,18,14,20285.0,10,10
MICROCHIP_TRIANGLE,ROBOT_DISHES,0,30315.0,21,17,30855.0,17,15
MICROCHIP_TRIANGLE,ROBOT_LAUNDRY,0,57285.0,26,26,30405.0,16,15
MICROCHIP_TRIANGLE,ROBOT_IRONING,0,-3125.0,15,11,12530.0,11,9
MICROCHIP_TRIANGLE,UV_VISOR_YELLOW,0,40055.0,23,21,18495.0,12,10
MICROCHIP_TRIANGLE,UV_VISOR_AMBER,0,9830.0,15,12,16250.0,11,10
MICROCHIP_TRIANGLE,UV_VISOR_ORANGE,0,31640.0,22,19,6000.0,7,5
MICROCHIP_TRIANGLE,UV_VISOR_RED,0,19770.0,19,15,10395.0,11,9
MICROCHIP_TRIANGLE,UV_VISOR_MAGENTA,0,30665.0,19,16,17845.0,12,11
MICROCHIP_TRIANGLE,TRANSLATOR_SPACE_GRAY,0,20070.0,19,15,26835.0,13,12
MICROCHIP_TRIANGLE,TRANSLATOR_ASTRO_BLACK,0,38110.0,22,21,21005.0,15,15
MICROCHIP_TRIANGLE,TRANSLATOR_ECLIPSE_CHARCOAL,0,29995.0,23,18,26170.0,17,16
MICROCHIP_TRIANGLE,TRANSLATOR_GRAPHITE_MIST,0,49945.0,29,27,21065.0,14,13
MICROCHIP_TRIANGLE,TRANSLATOR_VOID_BLUE,0,39255.0,22,18,20060.0,16,15
MICROCHIP_TRIANGLE,PANEL_1X2,0,17825.0,18,14,7235.0,10,7
MICROCHIP_TRIANGLE,PANEL_2X2,0,25410.0,17,13,24695.0,16,14
MICROCHIP_TRIANGLE,PANEL_1X4,0,4820.0,15,12,18330.0,12,11
MICROCHIP_TRIANGLE,PANEL_2X4,0,32935.0,23,20,17625.0,12,10
MICROCHIP_TRIANGLE,PANEL_4X4,0,26485.0,18,14,10550.0,12,10
MICROCHIP_TRIANGLE,OXYGEN_SHAKE_MORNING_BREATH,0,26840.0,19,15,8840.0,9,6
MICROCHIP_TRIANGLE,OXYGEN_SHAKE_EVENING_BREATH,0,38795.0,22,20,15560.0,12,11
MICROCHIP_TRIANGLE,OXYGEN_SHAKE_MINT,0,42635.0,25,23,1205.0,8,6
MICROCHIP_TRIANGLE,OXYGEN_SHAKE_CHOCOLATE,0,33590.0,20,19,-8650.0,5,3
MICROCHIP_TRIANGLE,OXYGEN_SHAKE_GARLIC,0,37350.0,21,18,700.0,9,7
MICROCHIP_TRIANGLE,SNACKPACK_CHOCOLATE,0,18545.0,15,10,23245.0,16,15
MICROCHIP_TRIANGLE,SNACKPACK_VANILLA,0,37790.0,25,22,14760.0,15,13
MICROCHIP_TRIANGLE,SNACKPACK_PISTACHIO,0,38005.0,22,21,21160.0,16,15
MICROCHIP_TRIANGLE,SNACKPACK_STRAWBERRY,0,47375.0,23,23,15530.0,13,12
MICROCHIP_TRIANGLE,SNACKPACK_RASPBERRY,0,36670.0,21,19,18550.0,12,10
PEBBLES_XS,PEBBLES_S,1,14275.0,15,11,27055.0,16,15
PEBBLES_XS,PEBBLES_M,1,-5355.0,14,7,21420.0,13,10
PEBBLES_XS,PEBBLES_L,1,-11855.0,15,8,22240.0,12,12
PEBBLES_XS,PEBBLES_XL,1,60110.0,25,20,-10460.0,8,5
PEBBLES_XS,ROBOT_VACUUMING,0,13310.0,14,11,23565.0,13,12
PEBBLES_XS,ROBOT_MOPPING,0,-1425.0,20,14,1590.0,10,7
PEBBLES_XS,ROBOT_DISHES,0,24700.0,23,19,14235.0,13,10
PEBBLES_XS,ROBOT_LAUNDRY,0,10925.0,20,16,5770.0,12,8
PEBBLES_XS,ROBOT_IRONING,0,23670.0,20,17,18185.0,13,12
PEBBLES_XS,UV_VISOR_YELLOW,0,5600.0,21,16,6290.0,9,6
PEBBLES_XS,UV_VISOR_AMBER,0,22555.0,21,16,15655.0,13,10
PEBBLES_XS,UV_VISOR_ORANGE,0,4120.0,17,14,-3045.0,6,5
PEBBLES_XS,UV_VISOR_RED,0,19465.0,18,12,6135.0,9,5
PEBBLES_XS,UV_VISOR_MAGENTA,0,2440.0,15,10,27715.0,20,19
PEBBLES_XS,TRANSLATOR_SPACE_GRAY,0,13255.0,21,16,17820.0,15,13
PEBBLES_XS,TRANSLATOR_ASTRO_BLACK,0,48290.0,28,25,3730.0,9,7
PEBBLES_XS,TRANSLATOR_ECLIPSE_CHARCOAL,0,16875.0,19,14,21790.0,17,15
PEBBLES_XS,TRANSLATOR_GRAPHITE_MIST,0,20185.0,19,15,9635.0,8,7
PEBBLES_XS,TRANSLATOR_VOID_BLUE,0,14345.0,24,19,1725.0,10,8
PEBBLES_XS,PANEL_1X2,0,4480.0,14,10,-4370.0,9,5
PEBBLES_XS,PANEL_2X2,0,-2860.0,14,10,7165.0,11,8
PEBBLES_XS,PANEL_1X4,0,9320.0,16,12,3290.0,9,5
PEBBLES_XS,PANEL_2X4,0,-14495.0,14,9,-11435.0,8,3
PEBBLES_XS,PANEL_4X4,0,22555.0,21,16,18745.0,14,13
PEBBLES_XS,OXYGEN_SHAKE_MORNING_BREATH,0,37990.0,24,21,9130.0,12,10
PEBBLES_XS,OXYGEN_SHAKE_EVENING_BREATH,0,27130.0,24,22,-1485.0,7,5
PEBBLES_XS,OXYGEN_SHAKE_MINT,0,23270.0,25,21,-14330.0,6,2
PEBBLES_XS,OXYGEN_SHAKE_CHOCOLATE,0,27725.0,23,19,-18765.0,5,1
PEBBLES_XS,OXYGEN_SHAKE_GARLIC,0,-8990.0,14,9,-4520.0,8,5
PEBBLES_XS,SNACKPACK_CHOCOLATE,0,15940.0,20,15,9785.0,11,8
PEBBLES_XS,SNACKPACK_VANILLA,0,5945.0,17,12,4600.0,12,9
PEBBLES_XS,SNACKPACK_PISTACHIO,0,22065.0,21,18,5030.0,10,8
PEBBLES_XS,SNACKPACK_STRAWBERRY,0,10835.0,19,14,-2235.0,7,5
PEBBLES_XS,SNACKPACK_RASPBERRY,0,22800.0,20,15,7310.0,11,7
PEBBLES_S,PEBBLES_M,1,-7220.0,15,11,6790.0,10,6
PEBBLES_S,PEBBLES_L,1,18980.0,22,16,31990.0,13,11
PEBBLES_S,PEBBLES_XL,1,14200.0,17,11,23695.0,12,9
PEBBLES_S,ROBOT_VACUUMING,0,16670.0,19,16,18025.0,13,11
PEBBLES_S,ROBOT_MOPPING,0,-1770.0,15,9,13505.0,9,6
PEBBLES_S,ROBOT_DISHES,0,-1295.0,14,10,450.0,8,6
PEBBLES_S,ROBOT_LAUNDRY,0,36690.0,22,19,21650.0,13,11
PEBBLES_S,ROBOT_IRONING,0,13770.0,18,14,15705.0,12,10
PEBBLES_S,UV_VISOR_YELLOW,0,25275.0,22,19,7735.0,9,5
PEBBLES_S,UV_VISOR_AMBER,0,18950.0,20,16,14765.0,9,8
PEBBLES_S,UV_VISOR_ORANGE,0,10115.0,19,13,1595.0,9,7
PEBBLES_S,UV_VISOR_RED,0,21670.0,25,22,-1170.0,7,5
PEBBLES_S,UV_VISOR_MAGENTA,0,15270.0,18,13,5910.0,12,10
PEBBLES_S,TRANSLATOR_SPACE_GRAY,0,15745.0,20,15,21065.0,14,13
PEBBLES_S,TRANSLATOR_ASTRO_BLACK,0,12165.0,21,16,2800.0,6,3
PEBBLES_S,TRANSLATOR_ECLIPSE_CHARCOAL,0,23805.0,22,19,12770.0,11,9
PEBBLES_S,TRANSLATOR_GRAPHITE_MIST,0,25715.0,20,16,6760.0,8,5
PEBBLES_S,TRANSLATOR_VOID_BLUE,0,17970.0,20,16,18010.0,13,11
PEBBLES_S,PANEL_1X2,0,1695.0,16,12,1535.0,9,6
PEBBLES_S,PANEL_2X2,0,24770.0,25,20,26755.0,18,17
PEBBLES_S,PANEL_1X4,0,-6605.0,15,9,12720.0,12,10
PEBBLES_S,PANEL_2X4,0,-4995.0,15,10,6410.0,11,8
PEBBLES_S,PANEL_4X4,0,3125.0,18,12,5290.0,10,7
PEBBLES_S,OXYGEN_SHAKE_MORNING_BREATH,0,8040.0,19,15,10485.0,11,8
PEBBLES_S,OXYGEN_SHAKE_EVENING_BREATH,0,24500.0,22,18,25140.0,15,13
PEBBLES_S,OXYGEN_SHAKE_MINT,0,41290.0,27,23,8290.0,12,10
PEBBLES_S,OXYGEN_SHAKE_CHOCOLATE,0,30650.0,24,20,-8635.0,7,4
PEBBLES_S,OXYGEN_SHAKE_GARLIC,0,14595.0,24,20,-6105.0,8,5
PEBBLES_S,SNACKPACK_CHOCOLATE,0,14185.0,22,17,5280.0,8,6
PEBBLES_S,SNACKPACK_VANILLA,0,29955.0,24,21,20175.0,17,15
PEBBLES_S,SNACKPACK_PISTACHIO,0,33275.0,26,20,13795.0,10,8
PEBBLES_S,SNACKPACK_STRAWBERRY,0,20410.0,23,19,11135.0,9,6
PEBBLES_S,SNACKPACK_RASPBERRY,0,13770.0,19,13,11215.0,11,8
PEBBLES_M,PEBBLES_L,1,-2515.0,15,11,1065.0,9,5
PEBBLES_M,PEBBLES_XL,1,33420.0,20,14,32640.0,16,14
PEBBLES_M,ROBOT_VACUUMING,0,30565.0,27,24,26635.0,19,18
PEBBLES_M,ROBOT_MOPPING,0,7050.0,19,12,15260.0,13,10
PEBBLES_M,ROBOT_DISHES,0,10340.0,18,13,8080.0,9,7
PEBBLES_M,ROBOT_LAUNDRY,0,15145.0,21,18,14045.0,13,10
PEBBLES_M,ROBOT_IRONING,0,-9290.0,12,8,7845.0,11,9
PEBBLES_M,UV_VISOR_YELLOW,0,21295.0,23,20,6535.0,11,9
PEBBLES_M,UV_VISOR_AMBER,0,-1105.0,18,15,7150.0,10,8
PEBBLES_M,UV_VISOR_ORANGE,0,-3235.0,16,12,-230.0,11,9
PEBBLES_M,UV_VISOR_RED,0,31305.0,25,22,9895.0,10,8
PEBBLES_M,UV_VISOR_MAGENTA,0,-7245.0,18,12,7635.0,13,11
PEBBLES_M,TRANSLATOR_SPACE_GRAY,0,26830.0,29,24,10475.0,10,7
PEBBLES_M,TRANSLATOR_ASTRO_BLACK,0,11120.0,19,14,15365.0,13,11
PEBBLES_M,TRANSLATOR_ECLIPSE_CHARCOAL,0,-5690.0,20,14,11070.0,12,10
PEBBLES_M,TRANSLATOR_GRAPHITE_MIST,0,17620.0,20,17,5395.0,9,8
PEBBLES_M,TRANSLATOR_VOID_BLUE,0,-2335.0,18,12,12555.0,14,12
PEBBLES_M,PANEL_1X2,0,14170.0,20,16,18295.0,18,16
PEBBLES_M,PANEL_2X2,0,-1140.0,19,15,17455.0,13,11
PEBBLES_M,PANEL_1X4,0,-10340.0,18,13,9010.0,11,9
PEBBLES_M,PANEL_2X4,0,490.0,18,14,10240.0,11,9
PEBBLES_M,PANEL_4X4,0,27365.0,30,26,3840.0,11,9
PEBBLES_M,OXYGEN_SHAKE_MORNING_BREATH,0,-33175.0,11,6,16850.0,14,13
PEBBLES_M,OXYGEN_SHAKE_EVENING_BREATH,0,5075.0,17,11,3055.0,12,10
PEBBLES_M,OXYGEN_SHAKE_MINT,0,9660.0,19,15,-5890.0,8,4
PEBBLES_M,OXYGEN_SHAKE_CHOCOLATE,0,6385.0,19,14,11750.0,14,12
PEBBLES_M,OXYGEN_SHAKE_GARLIC,0,10090.0,25,20,14935.0,15,14
PEBBLES_M,SNACKPACK_CHOCOLATE,0,10505.0,19,15,27220.0,22,20
PEBBLES_M,SNACKPACK_VANILLA,0,11335.0,20,14,8460.0,11,9
PEBBLES_M,SNACKPACK_PISTACHIO,0,400.0,16,11,15275.0,15,13
PEBBLES_M,SNACKPACK_STRAWBERRY,0,10330.0,19,15,11250.0,12,10
PEBBLES_M,SNACKPACK_RASPBERRY,0,10565.0,20,15,20285.0,15,14
PEBBLES_L,PEBBLES_XL,1,17630.0,17,11,12970.0,14,12
PEBBLES_L,ROBOT_VACUUMING,0,3460.0,15,11,130.0,8,6
PEBBLES_L,ROBOT_MOPPING,0,-16030.0,16,11,8240.0,10,8
PEBBLES_L,ROBOT_DISHES,0,5275.0,19,14,-1705.0,11,10
PEBBLES_L,ROBOT_LAUNDRY,0,14225.0,16,13,-1335.0,12,9
PEBBLES_L,ROBOT_IRONING,0,-21275.0,9,3,13110.0,12,11
PEBBLES_L,UV_VISOR_YELLOW,0,7555.0,17,14,-515.0,8,5
PEBBLES_L,UV_VISOR_AMBER,0,2030.0,18,13,-7190.0,9,7
PEBBLES_L,UV_VISOR_ORANGE,0,10805.0,20,14,23135.0,14,12
PEBBLES_L,UV_VISOR_RED,0,14725.0,19,14,-2160.0,8,6
PEBBLES_L,UV_VISOR_MAGENTA,0,-10110.0,16,10,-2795.0,9,6
PEBBLES_L,TRANSLATOR_SPACE_GRAY,0,-430.0,16,11,10390.0,15,12
PEBBLES_L,TRANSLATOR_ASTRO_BLACK,0,6430.0,17,11,15045.0,13,11
PEBBLES_L,TRANSLATOR_ECLIPSE_CHARCOAL,0,1940.0,18,14,19140.0,13,11
PEBBLES_L,TRANSLATOR_GRAPHITE_MIST,0,4875.0,17,14,3740.0,10,6
PEBBLES_L,TRANSLATOR_VOID_BLUE,0,9975.0,20,16,9310.0,15,11
PEBBLES_L,PANEL_1X2,0,-15045.0,13,9,-6040.0,9,7
PEBBLES_L,PANEL_2X2,0,8615.0,13,10,-18960.0,5,3
PEBBLES_L,PANEL_1X4,0,-10970.0,16,11,6505.0,12,9
PEBBLES_L,PANEL_2X4,0,-13705.0,19,15,-8550.0,10,7
PEBBLES_L,PANEL_4X4,0,-11940.0,15,10,3685.0,10,7
PEBBLES_L,OXYGEN_SHAKE_MORNING_BREATH,0,-32495.0,10,3,11070.0,17,14
PEBBLES_L,OXYGEN_SHAKE_EVENING_BREATH,0,-1945.0,15,8,4495.0,10,7
PEBBLES_L,OXYGEN_SHAKE_MINT,0,6300.0,18,13,-17400.0,6,4
PEBBLES_L,OXYGEN_SHAKE_CHOCOLATE,0,-3670.0,15,10,-5155.0,11,10
PEBBLES_L,OXYGEN_SHAKE_GARLIC,0,17800.0,19,15,-7995.0,10,8
PEBBLES_L,SNACKPACK_CHOCOLATE,0,3965.0,16,12,4860.0,14,12
PEBBLES_L,SNACKPACK_VANILLA,0,-2670.0,18,13,-6680.0,8,5
PEBBLES_L,SNACKPACK_PISTACHIO,0,-7670.0,16,10,10110.0,15,13
PEBBLES_L,SNACKPACK_STRAWBERRY,0,-1685.0,17,12,5990.0,14,12
PEBBLES_L,SNACKPACK_RASPBERRY,0,9615.0,17,11,-6655.0,8,5
PEBBLES_XL,ROBOT_VACUUMING,0,10135.0,18,15,15825.0,14,12
PEBBLES_XL,ROBOT_MOPPING,0,5710.0,17,12,9855.0,12,10
PEBBLES_XL,ROBOT_DISHES,0,33045.0,20,15,870.0,6,4
PEBBLES_XL,ROBOT_LAUNDRY,0,5095.0,17,10,-8710.0,11,7
PEBBLES_XL,ROBOT_IRONING,0,49240.0,25,20,12080.0,15,13
PEBBLES_XL,UV_VISOR_YELLOW,0,40900.0,20,15,-39250.0,5,2
PEBBLES_XL,UV_VISOR_AMBER,0,-4460.0,15,8,-8430.0,8,6
PEBBLES_XL,UV_VISOR_ORANGE,0,40490.0,21,17,19955.0,17,15
PEBBLES_XL,UV_VISOR_RED,0,12940.0,16,12,19415.0,13,11
PEBBLES_XL,UV_VISOR_MAGENTA,0,7650.0,15,9,21995.0,13,10
PEBBLES_XL,TRANSLATOR_SPACE_GRAY,0,15515.0,17,10,-25265.0,7,3
PEBBLES_XL,TRANSLATOR_ASTRO_BLACK,0,27940.0,20,15,2585.0,11,9
PEBBLES_XL,TRANSLATOR_ECLIPSE_CHARCOAL,0,38120.0,21,17,12425.0,14,12
PEBBLES_XL,TRANSLATOR_GRAPHITE_MIST,0,28870.0,21,15,-13620.0,9,6
PEBBLES_XL,TRANSLATOR_VOID_BLUE,0,39535.0,20,14,1655.0,10,8
PEBBLES_XL,PANEL_1X2,0,-21415.0,12,5,17225.0,11,9
PEBBLES_XL,PANEL_2X2,0,39430.0,20,17,-1390.0,8,5
PEBBLES_XL,PANEL_1X4,0,-5120.0,13,7,8955.0,11,8
PEBBLES_XL,PANEL_2X4,0,62675.0,24,19,33255.0,14,13
PEBBLES_XL,PANEL_4X4,0,10455.0,19,12,-2730.0,12,10
PEBBLES_XL,OXYGEN_SHAKE_MORNING_BREATH,0,58505.0,24,21,26035.0,14,11
PEBBLES_XL,OXYGEN_SHAKE_EVENING_BREATH,0,-6325.0,14,8,-2890.0,10,6
PEBBLES_XL,OXYGEN_SHAKE_MINT,0,22110.0,19,14,12105.0,12,9
PEBBLES_XL,OXYGEN_SHAKE_CHOCOLATE,0,72030.0,27,24,31215.0,16,13
PEBBLES_XL,OXYGEN_SHAKE_GARLIC,0,23195.0,19,15,33750.0,16,14
PEBBLES_XL,SNACKPACK_CHOCOLATE,0,3255.0,16,11,13100.0,13,10
PEBBLES_XL,SNACKPACK_VANILLA,0,16170.0,18,12,3745.0,11,8
PEBBLES_XL,SNACKPACK_PISTACHIO,0,30355.0,19,13,-5580.0,9,6
PEBBLES_XL,SNACKPACK_STRAWBERRY,0,32355.0,18,14,2235.0,10,7
PEBBLES_XL,SNACKPACK_RASPBERRY,0,22705.0,19,13,15255.0,13,10
ROBOT_VACUUMING,ROBOT_MOPPING,1,-21850.0,12,8,20415.0,13,11
ROBOT_VACUUMING,ROBOT_DISHES,1,12330.0,18,15,19075.0,11,10
ROBOT_VACUUMING,ROBOT_LAUNDRY,1,30345.0,25,22,14955.0,14,13
ROBOT_VACUUMING,ROBOT_IRONING,1,470.0,16,11,5590.0,9,7
ROBOT_VACUUMING,UV_VISOR_YELLOW,0,9585.0,16,12,3135.0,10,8
ROBOT_VACUUMING,UV_VISOR_AMBER,0,-435.0,15,10,19080.0,12,12
ROBOT_VACUUMING,UV_VISOR_ORANGE,0,-5780.0,14,8,3240.0,7,5
ROBOT_VACUUMING,UV_VISOR_RED,0,19100.0,20,16,11835.0,9,7
ROBOT_VACUUMING,UV_VISOR_MAGENTA,0,13630.0,22,18,4255.0,9,8
ROBOT_VACUUMING,TRANSLATOR_SPACE_GRAY,0,1310.0,16,11,1360.0,7,5
ROBOT_VACUUMING,TRANSLATOR_ASTRO_BLACK,0,34610.0,25,23,17355.0,15,13
ROBOT_VACUUMING,TRANSLATOR_ECLIPSE_CHARCOAL,0,10335.0,15,12,14000.0,14,12
ROBOT_VACUUMING,TRANSLATOR_GRAPHITE_MIST,0,15105.0,19,13,3920.0,9,7
ROBOT_VACUUMING,TRANSLATOR_VOID_BLUE,0,6020.0,19,13,12965.0,14,12
ROBOT_VACUUMING,PANEL_1X2,0,-10760.0,12,8,12030.0,12,10
ROBOT_VACUUMING,PANEL_2X2,0,12425.0,24,19,7550.0,9,7
ROBOT_VACUUMING,PANEL_1X4,0,-4850.0,12,8,6900.0,9,6
ROBOT_VACUUMING,PANEL_2X4,0,2315.0,17,11,14720.0,12,10
ROBOT_VACUUMING,PANEL_4X4,0,12010.0,17,11,-655.0,9,6
ROBOT_VACUUMING,OXYGEN_SHAKE_MORNING_BREATH,0,14140.0,21,16,22530.0,18,18
ROBOT_VACUUMING,OXYGEN_SHAKE_EVENING_BREATH,0,1405.0,17,15,10265.0,10,8
ROBOT_VACUUMING,OXYGEN_SHAKE_MINT,0,27690.0,24,21,-17340.0,5,2
ROBOT_VACUUMING,OXYGEN_SHAKE_CHOCOLATE,0,10240.0,18,14,-3950.0,7,4
ROBOT_VACUUMING,OXYGEN_SHAKE_GARLIC,0,7570.0,17,13,6000.0,10,8
ROBOT_VACUUMING,SNACKPACK_CHOCOLATE,0,12255.0,17,13,17295.0,14,13
ROBOT_VACUUMING,SNACKPACK_VANILLA,0,10250.0,18,13,11945.0,13,11
ROBOT_VACUUMING,SNACKPACK_PISTACHIO,0,4740.0,14,9,8190.0,8,6
ROBOT_VACUUMING,SNACKPACK_STRAWBERRY,0,15995.0,20,18,5755.0,7,4
ROBOT_VACUUMING,SNACKPACK_RASPBERRY,0,19470.0,22,19,32470.0,27,27
ROBOT_MOPPING,ROBOT_DISHES,1,-10135.0,14,10,7100.0,9,6
ROBOT_MOPPING,ROBOT_LAUNDRY,1,-38755.0,9,4,13530.0,10,7
ROBOT_MOPPING,ROBOT_IRONING,1,-41095.0,10,5,11615.0,10,8
ROBOT_MOPPING,UV_VISOR_YELLOW,0,-4780.0,15,10,-10250.0,5,1
ROBOT_MOPPING,UV_VISOR_AMBER,0,-17050.0,13,7,8110.0,10,8
ROBOT_MOPPING,UV_VISOR_ORANGE,0,-1810.0,21,17,13590.0,12,8
ROBOT_MOPPING,UV_VISOR_RED,0,-17635.0,13,7,14890.0,13,11
ROBOT_MOPPING,UV_VISOR_MAGENTA,0,-1720.0,18,13,6935.0,12,9
ROBOT_MOPPING,TRANSLATOR_SPACE_GRAY,0,-2425.0,17,13,4620.0,9,6
ROBOT_MOPPING,TRANSLATOR_ASTRO_BLACK,0,-13890.0,15,12,15725.0,10,8
ROBOT_MOPPING,TRANSLATOR_ECLIPSE_CHARCOAL,0,-17835.0,14,9,3995.0,8,5
ROBOT_MOPPING,TRANSLATOR_GRAPHITE_MIST,0,-9455.0,15,10,-5495.0,7,5
ROBOT_MOPPING,TRANSLATOR_VOID_BLUE,0,-19570.0,12,8,7540.0,10,8
ROBOT_MOPPING,PANEL_1X2,0,8275.0,20,16,-2200.0,9,4
ROBOT_MOPPING,PANEL_2X2,0,-10430.0,14,10,6250.0,8,6
ROBOT_MOPPING,PANEL_1X4,0,-39180.0,9,6,15445.0,13,11
ROBOT_MOPPING,PANEL_2X4,0,20165.0,25,20,9275.0,10,8
ROBOT_MOPPING,PANEL_4X4,0,14940.0,23,20,-9740.0,8,5
ROBOT_MOPPING,OXYGEN_SHAKE_MORNING_BREATH,0,-44005.0,8,6,16465.0,14,11
ROBOT_MOPPING,OXYGEN_SHAKE_EVENING_BREATH,0,-23085.0,11,7,3655.0,8,6
ROBOT_MOPPING,OXYGEN_SHAKE_MINT,0,-1635.0,21,17,-4510.0,8,6
ROBOT_MOPPING,OXYGEN_SHAKE_CHOCOLATE,0,-8055.0,14,10,7300.0,12,11
ROBOT_MOPPING,OXYGEN_SHAKE_GARLIC,0,-23445.0,12,6,4340.0,10,7
ROBOT_MOPPING,SNACKPACK_CHOCOLATE,0,-13105.0,18,13,2145.0,9,5
ROBOT_MOPPING,SNACKPACK_VANILLA,0,3850.0,18,13,15110.0,12,10
ROBOT_MOPPING,SNACKPACK_PISTACHIO,0,-19445.0,12,9,9575.0,10,8
ROBOT_MOPPING,SNACKPACK_STRAWBERRY,0,-21525.0,11,8,11765.0,11,9
ROBOT_MOPPING,SNACKPACK_RASPBERRY,0,-3200.0,19,15,6880.0,11,9
ROBOT_DISHES,ROBOT_LAUNDRY,1,9730.0,18,15,16845.0,14,12
ROBOT_DISHES,ROBOT_IRONING,1,21670.0,21,19,27155.0,13,12
ROBOT_DISHES,UV_VISOR_YELLOW,0,16195.0,18,13,2315.0,8,6
ROBOT_DISHES,UV_VISOR_AMBER,0,-4265.0,15,8,4860.0,8,5
ROBOT_DISHES,UV_VISOR_ORANGE,0,19690.0,21,17,28600.0,15,14
ROBOT_DISHES,UV_VISOR_RED,0,13445.0,16,13,33200.0,13,13
ROBOT_DISHES,UV_VISOR_MAGENTA,0,10540.0,15,11,17470.0,11,9
ROBOT_DISHES,TRANSLATOR_SPACE_GRAY,0,15955.0,19,14,-5510.0,8,6
ROBOT_DISHES,TRANSLATOR_ASTRO_BLACK,0,2940.0,15,11,29560.0,18,17
ROBOT_DISHES,TRANSLATOR_ECLIPSE_CHARCOAL,0,17855.0,17,15,30100.0,16,15
ROBOT_DISHES,TRANSLATOR_GRAPHITE_MIST,0,11645.0,20,17,3800.0,7,6
ROBOT_DISHES,TRANSLATOR_VOID_BLUE,0,14045.0,18,15,15815.0,10,9
ROBOT_DISHES,PANEL_1X2,0,-4265.0,15,11,22715.0,12,10
ROBOT_DISHES,PANEL_2X2,0,20460.0,21,18,255.0,7,5
ROBOT_DISHES,PANEL_1X4,0,13965.0,22,17,28535.0,17,14
ROBOT_DISHES,PANEL_2X4,0,19015.0,20,16,13590.0,10,9
ROBOT_DISHES,PANEL_4X4,0,4665.0,15,11,2380.0,8,5
ROBOT_DISHES,OXYGEN_SHAKE_MORNING_BREATH,0,2390.0,14,10,10220.0,10,8
ROBOT_DISHES,OXYGEN_SHAKE_EVENING_BREATH,0,-13390.0,12,5,18790.0,12,10
ROBOT_DISHES,OXYGEN_SHAKE_MINT,0,34500.0,22,20,-7985.0,5,2
ROBOT_DISHES,OXYGEN_SHAKE_CHOCOLATE,0,25510.0,22,20,5290.0,8,6
ROBOT_DISHES,OXYGEN_SHAKE_GARLIC,0,13740.0,19,17,21010.0,11,9
ROBOT_DISHES,SNACKPACK_CHOCOLATE,0,25200.0,21,19,21760.0,16,14
ROBOT_DISHES,SNACKPACK_VANILLA,0,8495.0,18,13,6660.0,8,6
ROBOT_DISHES,SNACKPACK_PISTACHIO,0,14690.0,21,17,16070.0,11,10
ROBOT_DISHES,SNACKPACK_STRAWBERRY,0,13145.0,18,14,14880.0,9,8
ROBOT_DISHES,SNACKPACK_RASPBERRY,0,31610.0,24,22,13880.0,11,8
ROBOT_LAUNDRY,ROBOT_IRONING,1,270.0,21,17,-110.0,9,6
ROBOT_LAUNDRY,UV_VISOR_YELLOW,0,22450.0,21,18,7950.0,10,7
ROBOT_LAUNDRY,UV_VISOR_AMBER,0,23345.0,27,24,17650.0,14,14
ROBOT_LAUNDRY,UV_VISOR_ORANGE,0,15580.0,22,18,30.0,6,4
ROBOT_LAUNDRY,UV_VISOR_RED,0,9045.0,16,12,2535.0,7,5
ROBOT_LAUNDRY,UV_VISOR_MAGENTA,0,-505.0,16,11,2115.0,10,7
ROBOT_LAUNDRY,TRANSLATOR_SPACE_GRAY,0,4110.0,21,16,4280.0,9,7
ROBOT_LAUNDRY,TRANSLATOR_ASTRO_BLACK,0,26975.0,26,23,11305.0,14,12
ROBOT_LAUNDRY,TRANSLATOR_ECLIPSE_CHARCOAL,0,9840.0,20,17,10350.0,14,13
ROBOT_LAUNDRY,TRANSLATOR_GRAPHITE_MIST,0,27950.0,26,23,-12795.0,6,4
ROBOT_LAUNDRY,TRANSLATOR_VOID_BLUE,0,11700.0,15,10,6275.0,12,9
ROBOT_LAUNDRY,PANEL_1X2,0,-5750.0,14,10,7625.0,9,6
ROBOT_LAUNDRY,PANEL_2X2,0,20240.0,23,19,18690.0,12,12
ROBOT_LAUNDRY,PANEL_1X4,0,-6245.0,18,13,5560.0,7,5
ROBOT_LAUNDRY,PANEL_2X4,0,3315.0,17,13,4145.0,10,8
ROBOT_LAUNDRY,PANEL_4X4,0,-5470.0,14,10,-10925.0,7,4
ROBOT_LAUNDRY,OXYGEN_SHAKE_MORNING_BREATH,0,2100.0,16,12,6150.0,10,7
ROBOT_LAUNDRY,OXYGEN_SHAKE_EVENING_BREATH,0,21180.0,26,23,8250.0,12,9
ROBOT_LAUNDRY,OXYGEN_SHAKE_MINT,0,22325.0,26,21,-5240.0,6,3
ROBOT_LAUNDRY,OXYGEN_SHAKE_CHOCOLATE,0,23335.0,23,20,-1100.0,10,7
ROBOT_LAUNDRY,OXYGEN_SHAKE_GARLIC,0,16580.0,24,21,2840.0,9,6
ROBOT_LAUNDRY,SNACKPACK_CHOCOLATE,0,21250.0,26,22,1305.0,8,5
ROBOT_LAUNDRY,SNACKPACK_VANILLA,0,9550.0,18,13,5340.0,9,6
ROBOT_LAUNDRY,SNACKPACK_PISTACHIO,0,15500.0,23,20,1280.0,8,6
ROBOT_LAUNDRY,SNACKPACK_STRAWBERRY,0,23075.0,21,20,-750.0,7,3
ROBOT_LAUNDRY,SNACKPACK_RASPBERRY,0,12620.0,19,15,9155.0,10,9
ROBOT_IRONING,UV_VISOR_YELLOW,0,-14745.0,14,10,13570.0,18,16
ROBOT_IRONING,UV_VISOR_AMBER,0,3075.0,15,11,12595.0,14,12
ROBOT_IRONING,UV_VISOR_ORANGE,0,10445.0,21,18,12975.0,12,10
ROBOT_IRONING,UV_VISOR_RED,0,1915.0,14,11,7000.0,9,7
ROBOT_IRONING,UV_VISOR_MAGENTA,0,-5440.0,15,11,18005.0,12,11
ROBOT_IRONING,TRANSLATOR_SPACE_GRAY,0,-4095.0,16,11,-155.0,9,6
ROBOT_IRONING,TRANSLATOR_ASTRO_BLACK,0,-9300.0,13,8,6525.0,10,7
ROBOT_IRONING,TRANSLATOR_ECLIPSE_CHARCOAL,0,27590.0,23,21,18365.0,17,15
ROBOT_IRONING,TRANSLATOR_GRAPHITE_MIST,0,-5600.0,14,10,6640.0,11,9
ROBOT_IRONING,TRANSLATOR_VOID_BLUE,0,855.0,13,9,6425.0,11,10
ROBOT_IRONING,PANEL_1X2,0,-12930.0,12,6,3090.0,8,5
ROBOT_IRONING,PANEL_2X2,0,5890.0,22,16,4350.0,10,8
ROBOT_IRONING,PANEL_1X4,0,17540.0,21,18,6695.0,13,11
ROBOT_IRONING,PANEL_2X4,0,-3625.0,14,10,9880.0,10,8
ROBOT_IRONING,PANEL_4X4,0,17750.0,19,16,11840.0,16,13
ROBOT_IRONING,OXYGEN_SHAKE_MORNING_BREATH,0,13550.0,20,14,10365.0,10,9
ROBOT_IRONING,OXYGEN_SHAKE_EVENING_BREATH,0,-19700.0,9,4,10000.0,11,9
ROBOT_IRONING,OXYGEN_SHAKE_MINT,0,17820.0,20,17,-19860.0,5,3
ROBOT_IRONING,OXYGEN_SHAKE_CHOCOLATE,0,5445.0,18,13,-7495.0,8,7
ROBOT_IRONING,OXYGEN_SHAKE_GARLIC,0,-15925.0,18,13,4225.0,11,9
ROBOT_IRONING,SNACKPACK_CHOCOLATE,0,6615.0,19,14,10300.0,10,8
ROBOT_IRONING,SNACKPACK_VANILLA,0,-8395.0,14,9,-6455.0,7,5
ROBOT_IRONING,SNACKPACK_PISTACHIO,0,-3445.0,16,12,7840.0,13,10
ROBOT_IRONING,SNACKPACK_STRAWBERRY,0,-5720.0,17,12,7675.0,12,10
ROBOT_IRONING,SNACKPACK_RASPBERRY,0,13260.0,21,18,7475.0,11,9
UV_VISOR_YELLOW,UV_VISOR_AMBER,1,-1985.0,16,11,3340.0,8,6
UV_VISOR_YELLOW,UV_VISOR_ORANGE,1,-2890.0,18,12,-14575.0,6,3
UV_VISOR_YELLOW,UV_VISOR_RED,1,12180.0,20,16,-8285.0,8,5
UV_VISOR_YELLOW,UV_VISOR_MAGENTA,1,13305.0,16,12,-2485.0,10,6
UV_VISOR_YELLOW,TRANSLATOR_SPACE_GRAY,0,-1180.0,18,14,6975.0,9,8
UV_VISOR_YELLOW,TRANSLATOR_ASTRO_BLACK,0,17355.0,23,19,-9610.0,6,3
UV_VISOR_YELLOW,TRANSLATOR_ECLIPSE_CHARCOAL,0,10790.0,17,12,-1985.0,9,7
UV_VISOR_YELLOW,TRANSLATOR_GRAPHITE_MIST,0,19020.0,23,19,3185.0,9,7
UV_VISOR_YELLOW,TRANSLATOR_VOID_BLUE,0,20720.0,19,16,-8370.0,8,6
UV_VISOR_YELLOW,PANEL_1X2,0,765.0,20,16,-8965.0,8,4
UV_VISOR_YELLOW,PANEL_2X2,0,16650.0,20,19,-870.0,9,8
UV_VISOR_YELLOW,PANEL_1X4,0,-9480.0,11,6,-8630.0,6,2
UV_VISOR_YELLOW,PANEL_2X4,0,12810.0,16,11,-13995.0,8,4
UV_VISOR_YELLOW,PANEL_4X4,0,19935.0,20,15,4135.0,10,7
UV_VISOR_YELLOW,OXYGEN_SHAKE_MORNING_BREATH,0,-9505.0,15,11,5255.0,12,10
UV_VISOR_YELLOW,OXYGEN_SHAKE_EVENING_BREATH,0,-9365.0,15,11,8480.0,10,9
UV_VISOR_YELLOW,OXYGEN_SHAKE_MINT,0,21890.0,23,19,-8505.0,7,6
UV_VISOR_YELLOW,OXYGEN_SHAKE_CHOCOLATE,0,1650.0,14,11,-22840.0,7,4
UV_VISOR_YELLOW,OXYGEN_SHAKE_GARLIC,0,23410.0,22,20,-15620.0,7,3
UV_VISOR_YELLOW,SNACKPACK_CHOCOLATE,0,2035.0,15,12,-7855.0,7,5
UV_VISOR_YELLOW,SNACKPACK_VANILLA,0,20375.0,23,21,-6585.0,10,7
UV_VISOR_YELLOW,SNACKPACK_PISTACHIO,0,14465.0,24,21,-6385.0,8,6
UV_VISOR_YELLOW,SNACKPACK_STRAWBERRY,0,26345.0,24,20,-2800.0,10,7
UV_VISOR_YELLOW,SNACKPACK_RASPBERRY,0,4745.0,14,10,12670.0,16,14
UV_VISOR_AMBER,UV_VISOR_ORANGE,1,-1525.0,18,14,1980.0,6,4
UV_VISOR_AMBER,UV_VISOR_RED,1,5960.0,15,12,7420.0,9,7
UV_VISOR_AMBER,UV_VISOR_MAGENTA,1,3655.0,17,14,3870.0,9,8
UV_VISOR_AMBER,TRANSLATOR_SPACE_GRAY,0,16445.0,24,20,4680.0,9,5
UV_VISOR_AMBER,TRANSLATOR_ASTRO_BLACK,0,7055.0,17,11,5585.0,10,8
UV_VISOR_AMBER,TRANSLATOR_ECLIPSE_CHARCOAL,0,3995.0,16,13,6280.0,10,8
UV_VISOR_AMBER,TRANSLATOR_GRAPHITE_MIST,0,12970.0,17,13,-6975.0,8,5
UV_VISOR_AMBER,TRANSLATOR_VOID_BLUE,0,-310.0,15,11,3265.0,11,8
UV_VISOR_AMBER,PANEL_1X2,0,10775.0,18,13,1830.0,9,7
UV_VISOR_AMBER,PANEL_2X2,0,2325.0,19,15,19015.0,13,13
UV_VISOR_AMBER,PANEL_1X4,0,-9945.0,15,9,5995.0,9,7
UV_VISOR_AMBER,PANEL_2X4,0,18365.0,23,19,890.0,12,9
UV_VISOR_AMBER,PANEL_4X4,0,7790.0,16,12,-6545.0,9,7
UV_VISOR_AMBER,OXYGEN_SHAKE_MORNING_BREATH,0,-4945.0,13,9,5335.0,10,9
UV_VISOR_AMBER,OXYGEN_SHAKE_EVENING_BREATH,0,535.0,21,17,10625.0,11,10
UV_VISOR_AMBER,OXYGEN_SHAKE_MINT,0,24135.0,20,16,-11005.0,4,1
UV_VISOR_AMBER,OXYGEN_SHAKE_CHOCOLATE,0,6275.0,20,15,-7435.0,6,3
UV_VISOR_AMBER,OXYGEN_SHAKE_GARLIC,0,-5455.0,17,11,6015.0,10,7
UV_VISOR_AMBER,SNACKPACK_CHOCOLATE,0,8710.0,19,15,2560.0,9,6
UV_VISOR_AMBER,SNACKPACK_VANILLA,0,1875.0,15,10,-1185.0,6,4
UV_VISOR_AMBER,SNACKPACK_PISTACHIO,0,6705.0,21,18,-475.0,6,2
UV_VISOR_AMBER,SNACKPACK_STRAWBERRY,0,-6130.0,16,9,1815.0,8,5
UV_VISOR_AMBER,SNACKPACK_RASPBERRY,0,10000.0,18,15,17065.0,14,13
UV_VISOR_ORANGE,UV_VISOR_RED,1,21880.0,21,17,5610.0,9,6
UV_VISOR_ORANGE,UV_VISOR_MAGENTA,1,-1375.0,15,11,4260.0,6,4
UV_VISOR_ORANGE,TRANSLATOR_SPACE_GRAY,0,18390.0,25,23,-9345.0,5,4
UV_VISOR_ORANGE,TRANSLATOR_ASTRO_BLACK,0,-3600.0,18,14,16265.0,12,10
UV_VISOR_ORANGE,TRANSLATOR_ECLIPSE_CHARCOAL,0,8295.0,16,12,16190.0,12,11
UV_VISOR_ORANGE,TRANSLATOR_GRAPHITE_MIST,0,19185.0,20,18,-2510.0,5,3
UV_VISOR_ORANGE,TRANSLATOR_VOID_BLUE,0,8405.0,20,15,15150.0,12,10
UV_VISOR_ORANGE,PANEL_1X2,0,-7450.0,16,13,-1005.0,7,5
UV_VISOR_ORANGE,PANEL_2X2,0,15120.0,21,17,-4465.0,6,5
UV_VISOR_ORANGE,PANEL_1X4,0,-3985.0,14,9,3390.0,6,4
UV_VISOR_ORANGE,PANEL_2X4,0,14200.0,23,17,-3345.0,8,6
UV_VISOR_ORANGE,PANEL_4X4,0,-7550.0,15,11,-7305.0,5,2
UV_VISOR_ORANGE,OXYGEN_SHAKE_MORNING_BREATH,0,285.0,14,9,12185.0,10,8
UV_VISOR_ORANGE,OXYGEN_SHAKE_EVENING_BREATH,0,9715.0,16,12,3285.0,7,5
UV_VISOR_ORANGE,OXYGEN_SHAKE_MINT,0,28120.0,23,19,-24500.0,4,2
UV_VISOR_ORANGE,OXYGEN_SHAKE_CHOCOLATE,0,725.0,16,12,-5190.0,7,4
UV_VISOR_ORANGE,OXYGEN_SHAKE_GARLIC,0,-10075.0,15,12,17210.0,13,11
UV_VISOR_ORANGE,SNACKPACK_CHOCOLATE,0,19510.0,23,20,-2550.0,7,4
UV_VISOR_ORANGE,SNACKPACK_VANILLA,0,8025.0,21,16,1385.0,7,6
UV_VISOR_ORANGE,SNACKPACK_PISTACHIO,0,15010.0,20,14,1040.0,9,6
UV_VISOR_ORANGE,SNACKPACK_STRAWBERRY,0,24190.0,26,21,10955.0,11,8
UV_VISOR_ORANGE,SNACKPACK_RASPBERRY,0,23895.0,23,21,1025.0,5,4
UV_VISOR_RED,UV_VISOR_MAGENTA,1,-13580.0,10,5,12000.0,11,8
UV_VISOR_RED,TRANSLATOR_SPACE_GRAY,0,4950.0,17,11,-3975.0,7,4
UV_VISOR_RED,TRANSLATOR_ASTRO_BLACK,0,1455.0,16,11,16185.0,13,11
UV_VISOR_RED,TRANSLATOR_ECLIPSE_CHARCOAL,0,7970.0,18,15,12525.0,11,10
UV_VISOR_RED,TRANSLATOR_GRAPHITE_MIST,0,23055.0,25,20,10345.0,10,8
UV_VISOR_RED,TRANSLATOR_VOID_BLUE,0,-5525.0,11,6,7190.0,9,5
UV_VISOR_RED,PANEL_1X2,0,-4725.0,14,8,7755.0,8,6
UV_VISOR_RED,PANEL_2X2,0,31040.0,23,21,1390.0,8,7
UV_VISOR_RED,PANEL_1X4,0,7305.0,14,10,2495.0,7,4
UV_VISOR_RED,PANEL_2X4,0,2585.0,19,15,15155.0,10,8
UV_VISOR_RED,PANEL_4X4,0,-3875.0,16,11,8730.0,12,10
UV_VISOR_RED,OXYGEN_SHAKE_MORNING_BREATH,0,-20705.0,12,5,14010.0,10,8
UV_VISOR_RED,OXYGEN_SHAKE_EVENING_BREATH,0,12160.0,19,15,9210.0,10,8
UV_VISOR_RED,OXYGEN_SHAKE_MINT,0,21600.0,17,13,-7495.0,7,5
UV_VISOR_RED,OXYGEN_SHAKE_CHOCOLATE,0,8000.0,17,13,5785.0,10,8
UV_VISOR_RED,OXYGEN_SHAKE_GARLIC,0,9550.0,19,16,9475.0,12,7
UV_VISOR_RED,SNACKPACK_CHOCOLATE,0,28005.0,22,22,13205.0,11,10
UV_VISOR_RED,SNACKPACK_VANILLA,0,6560.0,15,11,2365.0,7,5
UV_VISOR_RED,SNACKPACK_PISTACHIO,0,1275.0,14,10,10450.0,10,8
UV_VISOR_RED,SNACKPACK_STRAWBERRY,0,8125.0,18,12,7355.0,10,8
UV_VISOR_RED,SNACKPACK_RASPBERRY,0,15115.0,17,13,7125.0,8,6
UV_VISOR_MAGENTA,TRANSLATOR_SPACE_GRAY,0,16130.0,22,17,-4185.0,9,6
UV_VISOR_MAGENTA,TRANSLATOR_ASTRO_BLACK,0,21350.0,28,23,-6225.0,8,4
UV_VISOR_MAGENTA,TRANSLATOR_ECLIPSE_CHARCOAL,0,13025.0,20,15,17030.0,15,13
UV_VISOR_MAGENTA,TRANSLATOR_GRAPHITE_MIST,0,17730.0,22,19,-615.0,10,7
UV_VISOR_MAGENTA,TRANSLATOR_VOID_BLUE,0,46750.0,32,29,1010.0,10,7
UV_VISOR_MAGENTA,PANEL_1X2,0,4005.0,17,13,4790.0,10,7
UV_VISOR_MAGENTA,PANEL_2X2,0,7890.0,18,15,4390.0,12,10
UV_VISOR_MAGENTA,PANEL_1X4,0,-17905.0,9,3,970.0,11,8
UV_VISOR_MAGENTA,PANEL_2X4,0,11170.0,19,14,5165.0,11,8
UV_VISOR_MAGENTA,PANEL_4X4,0,4915.0,20,16,10680.0,12,10
UV_VISOR_MAGENTA,OXYGEN_SHAKE_MORNING_BREATH,0,4195.0,17,13,3260.0,11,8
UV_VISOR_MAGENTA,OXYGEN_SHAKE_EVENING_BREATH,0,-4205.0,16,10,6550.0,9,7
UV_VISOR_MAGENTA,OXYGEN_SHAKE_MINT,0,19910.0,22,16,-18780.0,7,4
UV_VISOR_MAGENTA,OXYGEN_SHAKE_CHOCOLATE,0,22195.0,19,16,-19585.0,6,3
UV_VISOR_MAGENTA,OXYGEN_SHAKE_GARLIC,0,-11200.0,15,10,8340.0,12,9
UV_VISOR_MAGENTA,SNACKPACK_CHOCOLATE,0,-1005.0,15,8,3415.0,10,7
UV_VISOR_MAGENTA,SNACKPACK_VANILLA,0,17040.0,23,20,-4575.0,8,4
UV_VISOR_MAGENTA,SNACKPACK_PISTACHIO,0,3960.0,17,11,-9045.0,6,2
UV_VISOR_MAGENTA,SNACKPACK_STRAWBERRY,0,1545.0,17,11,-1100.0,8,4
UV_VISOR_MAGENTA,SNACKPACK_RASPBERRY,0,27675.0,28,26,-310.0,8,6
TRANSLATOR_SPACE_GRAY,TRANSLATOR_ASTRO_BLACK,1,8655.0,21,17,5335.0,10,8
TRANSLATOR_SPACE_GRAY,TRANSLATOR_ECLIPSE_CHARCOAL,1,-19050.0,9,4,7945.0,11,9
TRANSLATOR_SPACE_GRAY,TRANSLATOR_GRAPHITE_MIST,1,13085.0,23,18,9335.0,11,10
TRANSLATOR_SPACE_GRAY,TRANSLATOR_VOID_BLUE,1,3490.0,19,13,3265.0,10,7
TRANSLATOR_SPACE_GRAY,PANEL_1X2,0,8540.0,16,12,-4835.0,8,6
TRANSLATOR_SPACE_GRAY,PANEL_2X2,0,19685.0,20,17,-870.0,6,4
TRANSLATOR_SPACE_GRAY,PANEL_1X4,0,-15055.0,11,6,-4325.0,6,3
TRANSLATOR_SPACE_GRAY,PANEL_2X4,0,3110.0,18,13,-9515.0,9,6
TRANSLATOR_SPACE_GRAY,PANEL_4X4,0,26150.0,25,20,-14445.0,5,2
TRANSLATOR_SPACE_GRAY,OXYGEN_SHAKE_MORNING_BREATH,0,-18620.0,11,5,685.0,9,6
TRANSLATOR_SPACE_GRAY,OXYGEN_SHAKE_EVENING_BREATH,0,8900.0,25,21,2025.0,7,5
TRANSLATOR_SPACE_GRAY,OXYGEN_SHAKE_MINT,0,18090.0,21,17,-6900.0,6,5
TRANSLATOR_SPACE_GRAY,OXYGEN_SHAKE_CHOCOLATE,0,11520.0,19,15,-11320.0,7,4
TRANSLATOR_SPACE_GRAY,OXYGEN_SHAKE_GARLIC,0,-3160.0,23,20,-15170.0,7,5
TRANSLATOR_SPACE_GRAY,SNACKPACK_CHOCOLATE,0,9240.0,20,15,-1660.0,9,7
TRANSLATOR_SPACE_GRAY,SNACKPACK_VANILLA,0,1530.0,18,13,4990.0,9,6
TRANSLATOR_SPACE_GRAY,SNACKPACK_PISTACHIO,0,700.0,16,10,5465.0,11,8
TRANSLATOR_SPACE_GRAY,SNACKPACK_STRAWBERRY,0,-4445.0,15,9,-8925.0,6,3
TRANSLATOR_SPACE_GRAY,SNACKPACK_RASPBERRY,0,30430.0,23,19,4035.0,9,6
TRANSLATOR_ASTRO_BLACK,TRANSLATOR_ECLIPSE_CHARCOAL,1,8440.0,18,14,8825.0,9,7
TRANSLATOR_ASTRO_BLACK,TRANSLATOR_GRAPHITE_MIST,1,26605.0,31,28,8065.0,10,9
TRANSLATOR_ASTRO_BLACK,TRANSLATOR_VOID_BLUE,1,9395.0,17,15,22850.0,16,14
TRANSLATOR_ASTRO_BLACK,PANEL_1X2,0,10720.0,21,17,-855.0,6,3
TRANSLATOR_ASTRO_BLACK,PANEL_2X2,0,2445.0,15,12,3100.0,9,6
TRANSLATOR_ASTRO_BLACK,PANEL_1X4,0,2055.0,15,11,6040.0,10,8
TRANSLATOR_ASTRO_BLACK,PANEL_2X4,0,2170.0,19,14,-50.0,7,4
TRANSLATOR_ASTRO_BLACK,PANEL_4X4,0,11810.0,20,15,-6480.0,7,3
TRANSLATOR_ASTRO_BLACK,OXYGEN_SHAKE_MORNING_BREATH,0,15920.0,21,17,12100.0,11,8
TRANSLATOR_ASTRO_BLACK,OXYGEN_SHAKE_EVENING_BREATH,0,1465.0,18,15,4260.0,9,6
TRANSLATOR_ASTRO_BLACK,OXYGEN_SHAKE_MINT,0,18580.0,20,18,-13625.0,4,2
TRANSLATOR_ASTRO_BLACK,OXYGEN_SHAKE_CHOCOLATE,0,22375.0,22,19,-660.0,8,4
TRANSLATOR_ASTRO_BLACK,OXYGEN_SHAKE_GARLIC,0,1140.0,19,13,11950.0,13,11
TRANSLATOR_ASTRO_BLACK,SNACKPACK_CHOCOLATE,0,-460.0,15,9,8775.0,11,9
TRANSLATOR_ASTRO_BLACK,SNACKPACK_VANILLA,0,17465.0,24,20,5265.0,9,6
TRANSLATOR_ASTRO_BLACK,SNACKPACK_PISTACHIO,0,6765.0,17,12,9860.0,10,7
TRANSLATOR_ASTRO_BLACK,SNACKPACK_STRAWBERRY,0,13030.0,20,18,7670.0,9,6
TRANSLATOR_ASTRO_BLACK,SNACKPACK_RASPBERRY,0,20025.0,23,19,9870.0,12,11
TRANSLATOR_ECLIPSE_CHARCOAL,TRANSLATOR_GRAPHITE_MIST,1,6915.0,19,16,20095.0,16,15
TRANSLATOR_ECLIPSE_CHARCOAL,TRANSLATOR_VOID_BLUE,1,19565.0,20,16,22910.0,20,19
TRANSLATOR_ECLIPSE_CHARCOAL,PANEL_1X2,0,-9925.0,12,6,35.0,8,4
TRANSLATOR_ECLIPSE_CHARCOAL,PANEL_2X2,0,355.0,17,11,1200.0,11,9
TRANSLATOR_ECLIPSE_CHARCOAL,PANEL_1X4,0,24300.0,21,18,-2095.0,7,5
TRANSLATOR_ECLIPSE_CHARCOAL,PANEL_2X4,0,16985.0,20,17,10625.0,11,9
TRANSLATOR_ECLIPSE_CHARCOAL,PANEL_4X4,0,12700.0,18,12,6030.0,12,8
TRANSLATOR_ECLIPSE_CHARCOAL,OXYGEN_SHAKE_MORNING_BREATH,0,2830.0,15,11,5035.0,9,6
TRANSLATOR_ECLIPSE_CHARCOAL,OXYGEN_SHAKE_EVENING_BREATH,0,10235.0,18,12,14165.0,13,11
TRANSLATOR_ECLIPSE_CHARCOAL,OXYGEN_SHAKE_MINT,0,22700.0,21,19,-13365.0,7,5
TRANSLATOR_ECLIPSE_CHARCOAL,OXYGEN_SHAKE_CHOCOLATE,0,28230.0,23,19,-8190.0,7,4
TRANSLATOR_ECLIPSE_CHARCOAL,OXYGEN_SHAKE_GARLIC,0,-4385.0,18,14,12905.0,16,14
TRANSLATOR_ECLIPSE_CHARCOAL,SNACKPACK_CHOCOLATE,0,13420.0,23,20,12935.0,14,13
TRANSLATOR_ECLIPSE_CHARCOAL,SNACKPACK_VANILLA,0,15680.0,19,15,8100.0,12,10
TRANSLATOR_ECLIPSE_CHARCOAL,SNACKPACK_PISTACHIO,0,24395.0,24,21,10065.0,13,11
TRANSLATOR_ECLIPSE_CHARCOAL,SNACKPACK_STRAWBERRY,0,19075.0,19,17,10695.0,12,11
TRANSLATOR_ECLIPSE_CHARCOAL,SNACKPACK_RASPBERRY,0,9655.0,20,14,12270.0,15,12
TRANSLATOR_GRAPHITE_MIST,TRANSLATOR_VOID_BLUE,1,14460.0,18,16,2235.0,11,9
TRANSLATOR_GRAPHITE_MIST,PANEL_1X2,0,11860.0,18,14,-7125.0,8,4
TRANSLATOR_GRAPHITE_MIST,PANEL_2X2,0,28835.0,20,16,-430.0,8,5
TRANSLATOR_GRAPHITE_MIST,PANEL_1X4,0,1630.0,15,11,-3520.0,8,5
TRANSLATOR_GRAPHITE_MIST,PANEL_2X4,0,3645.0,16,13,-9440.0,8,5
TRANSLATOR_GRAPHITE_MIST,PANEL_4X4,0,6475.0,19,16,21020.0,18,16
TRANSLATOR_GRAPHITE_MIST,OXYGEN_SHAKE_MORNING_BREATH,0,-19235.0,11,6,3110.0,11,9
TRANSLATOR_GRAPHITE_MIST,OXYGEN_SHAKE_EVENING_BREATH,0,34510.0,31,28,-5425.0,7,4
TRANSLATOR_GRAPHITE_MIST,OXYGEN_SHAKE_MINT,0,22340.0,23,20,-19460.0,4,1
TRANSLATOR_GRAPHITE_MIST,OXYGEN_SHAKE_CHOCOLATE,0,23455.0,19,16,-13445.0,6,3
TRANSLATOR_GRAPHITE_MIST,OXYGEN_SHAKE_GARLIC,0,-4390.0,15,12,-14720.0,6,3
TRANSLATOR_GRAPHITE_MIST,SNACKPACK_CHOCOLATE,0,11810.0,17,14,7915.0,10,8
TRANSLATOR_GRAPHITE_MIST,SNACKPACK_VANILLA,0,15005.0,18,16,-11100.0,6,4
TRANSLATOR_GRAPHITE_MIST,SNACKPACK_PISTACHIO,0,20125.0,19,16,5685.0,16,14
TRANSLATOR_GRAPHITE_MIST,SNACKPACK_STRAWBERRY,0,15925.0,18,15,5295.0,14,12
TRANSLATOR_GRAPHITE_MIST,SNACKPACK_RASPBERRY,0,28990.0,26,24,-4710.0,6,4
TRANSLATOR_VOID_BLUE,PANEL_1X2,0,-17765.0,12,7,13965.0,11,8
TRANSLATOR_VOID_BLUE,PANEL_2X2,0,14265.0,19,12,2860.0,10,7
TRANSLATOR_VOID_BLUE,PANEL_1X4,0,-7335.0,13,10,-1460.0,8,5
TRANSLATOR_VOID_BLUE,PANEL_2X4,0,10390.0,17,14,17990.0,13,10
TRANSLATOR_VOID_BLUE,PANEL_4X4,0,8350.0,17,14,-6865.0,9,7
TRANSLATOR_VOID_BLUE,OXYGEN_SHAKE_MORNING_BREATH,0,11425.0,17,12,9740.0,11,8
TRANSLATOR_VOID_BLUE,OXYGEN_SHAKE_EVENING_BREATH,0,-15550.0,12,6,12650.0,12,11
TRANSLATOR_VOID_BLUE,OXYGEN_SHAKE_MINT,0,21395.0,19,15,-9175.0,8,5
TRANSLATOR_VOID_BLUE,OXYGEN_SHAKE_CHOCOLATE,0,14015.0,17,13,13620.0,14,11
TRANSLATOR_VOID_BLUE,OXYGEN_SHAKE_GARLIC,0,3235.0,16,13,21655.0,18,17
TRANSLATOR_VOID_BLUE,SNACKPACK_CHOCOLATE,0,-1060.0,15,10,6930.0,16,14
TRANSLATOR_VOID_BLUE,SNACKPACK_VANILLA,0,10460.0,23,19,19845.0,17,15
TRANSLATOR_VOID_BLUE,SNACKPACK_PISTACHIO,0,1660.0,14,9,13245.0,15,14
TRANSLATOR_VOID_BLUE,SNACKPACK_STRAWBERRY,0,470.0,13,9,24485.0,22,20
TRANSLATOR_VOID_BLUE,SNACKPACK_RASPBERRY,0,8280.0,17,12,9220.0,11,9
PANEL_1X2,PANEL_2X2,1,7480.0,16,14,9495.0,11,9
PANEL_1X2,PANEL_1X4,1,-23600.0,10,6,13125.0,13,11
PANEL_1X2,PANEL_2X4,1,5565.0,21,15,29865.0,19,18
PANEL_1X2,PANEL_4X4,1,16340.0,19,13,-19550.0,5,2
PANEL_1X2,OXYGEN_SHAKE_MORNING_BREATH,0,-21070.0,10,5,3605.0,10,7
PANEL_1X2,OXYGEN_SHAKE_EVENING_BREATH,0,24025.0,28,25,18850.0,18,16
PANEL_1X2,OXYGEN_SHAKE_MINT,0,16905.0,19,17,-8165.0,6,4
PANEL_1X2,OXYGEN_SHAKE_CHOCOLATE,0,-1390.0,14,10,3795.0,8,6
PANEL_1X2,OXYGEN_SHAKE_GARLIC,0,-28620.0,11,7,24455.0,13,12
PANEL_1X2,SNACKPACK_CHOCOLATE,0,-11125.0,12,6,1840.0,10,7
PANEL_1X2,SNACKPACK_VANILLA,0,15900.0,23,19,12440.0,12,11
PANEL_1X2,SNACKPACK_PISTACHIO,0,140.0,17,13,5440.0,12,10
PANEL_1X2,SNACKPACK_STRAWBERRY,0,4055.0,19,15,7600.0,10,8
PANEL_1X2,SNACKPACK_RASPBERRY,0,5045.0,16,11,3380.0,10,9
PANEL_2X2,PANEL_1X4,1,-12910.0,20,15,6150.0,8,6
PANEL_2X2,PANEL_2X4,1,13770.0,17,13,10690.0,12,11
PANEL_2X2,PANEL_4X4,1,11215.0,16,11,-6910.0,8,5
PANEL_2X2,OXYGEN_SHAKE_MORNING_BREATH,0,-12375.0,11,6,8400.0,13,11
PANEL_2X2,OXYGEN_SHAKE_EVENING_BREATH,0,12395.0,21,16,7095.0,11,9
PANEL_2X2,OXYGEN_SHAKE_MINT,0,24965.0,24,21,-1105.0,8,5
PANEL_2X2,OXYGEN_SHAKE_CHOCOLATE,0,11355.0,25,21,-14605.0,4,1
PANEL_2X2,OXYGEN_SHAKE_GARLIC,0,7725.0,20,15,5490.0,11,9
PANEL_2X2,SNACKPACK_CHOCOLATE,0,28020.0,25,23,4305.0,10,8
PANEL_2X2,SNACKPACK_VANILLA,0,-55.0,18,12,-1950.0,6,4
PANEL_2X2,SNACKPACK_PISTACHIO,0,8690.0,16,14,4450.0,7,6
PANEL_2X2,SNACKPACK_STRAWBERRY,0,17560.0,19,16,-365.0,7,5
PANEL_2X2,SNACKPACK_RASPBERRY,0,16055.0,20,18,1900.0,7,4
PANEL_1X4,PANEL_2X4,1,2090.0,16,11,5395.0,11,8
PANEL_1X4,PANEL_4X4,1,-2140.0,14,11,-12465.0,7,4
PANEL_1X4,OXYGEN_SHAKE_MORNING_BREATH,0,3735.0,14,9,1610.0,8,5
PANEL_1X4,OXYGEN_SHAKE_EVENING_BREATH,0,-28065.0,11,5,3280.0,9,6
PANEL_1X4,OXYGEN_SHAKE_MINT,0,3145.0,14,10,-4335.0,7,4
PANEL_1X4,OXYGEN_SHAKE_CHOCOLATE,0,-375.0,17,13,-1060.0,10,7
PANEL_1X4,OXYGEN_SHAKE_GARLIC,0,-13155.0,16,11,3335.0,9,7
PANEL_1X4,SNACKPACK_CHOCOLATE,0,2595.0,16,8,5735.0,10,8
PANEL_1X4,SNACKPACK_VANILLA,0,-13700.0,12,8,-2730.0,6,3
PANEL_1X4,SNACKPACK_PISTACHIO,0,-5355.0,14,11,6130.0,11,9
PANEL_1X4,SNACKPACK_STRAWBERRY,0,-3645.0,18,15,6800.0,11,9
PANEL_1X4,SNACKPACK_RASPBERRY,0,-5390.0,12,7,5650.0,8,6
PANEL_2X4,PANEL_4X4,1,12820.0,19,15,-19440.0,6,3
PANEL_2X4,OXYGEN_SHAKE_MORNING_BREATH,0,-13755.0,11,6,8030.0,13,11
PANEL_2X4,OXYGEN_SHAKE_EVENING_BREATH,0,-5565.0,18,13,17505.0,14,12
PANEL_2X4,OXYGEN_SHAKE_MINT,0,28250.0,26,23,-4540.0,7,5
PANEL_2X4,OXYGEN_SHAKE_CHOCOLATE,0,9445.0,16,11,18065.0,13,11
PANEL_2X4,OXYGEN_SHAKE_GARLIC,0,-4180.0,15,9,27905.0,15,14
PANEL_2X4,SNACKPACK_CHOCOLATE,0,8260.0,20,14,-1900.0,7,4
PANEL_2X4,SNACKPACK_VANILLA,0,22840.0,22,19,13955.0,14,11
PANEL_2X4,SNACKPACK_PISTACHIO,0,18165.0,25,21,5435.0,10,7
PANEL_2X4,SNACKPACK_STRAWBERRY,0,22825.0,24,20,7800.0,9,7
PANEL_2X4,SNACKPACK_RASPBERRY,0,16310.0,19,16,4640.0,10,7
PANEL_4X4,OXYGEN_SHAKE_MORNING_BREATH,0,-12055.0,12,7,2570.0,10,8
PANEL_4X4,OXYGEN_SHAKE_EVENING_BREATH,0,5190.0,19,15,-4750.0,7,5
PANEL_4X4,OXYGEN_SHAKE_MINT,0,17985.0,17,15,-30485.0,4,0
PANEL_4X4,OXYGEN_SHAKE_CHOCOLATE,0,24280.0,21,18,-28740.0,4,1
PANEL_4X4,OXYGEN_SHAKE_GARLIC,0,-13160.0,14,9,-22300.0,5,2
PANEL_4X4,SNACKPACK_CHOCOLATE,0,2705.0,17,10,1335.0,9,5
PANEL_4X4,SNACKPACK_VANILLA,0,12115.0,18,14,-9040.0,8,6
PANEL_4X4,SNACKPACK_PISTACHIO,0,-5070.0,11,7,-13235.0,6,2
PANEL_4X4,SNACKPACK_STRAWBERRY,0,275.0,14,10,-9485.0,8,4
PANEL_4X4,SNACKPACK_RASPBERRY,0,11555.0,16,14,-7170.0,7,4
OXYGEN_SHAKE_MORNING_BREATH,OXYGEN_SHAKE_EVENING_BREATH,1,-2260.0,15,10,10405.0,12,8
OXYGEN_SHAKE_MORNING_BREATH,OXYGEN_SHAKE_MINT,1,-3405.0,16,12,-15820.0,5,2
OXYGEN_SHAKE_MORNING_BREATH,OXYGEN_SHAKE_CHOCOLATE,1,10585.0,19,17,-10895.0,5,2
OXYGEN_SHAKE_MORNING_BREATH,OXYGEN_SHAKE_GARLIC,1,-16485.0,13,9,13120.0,12,9
OXYGEN_SHAKE_MORNING_BREATH,SNACKPACK_CHOCOLATE,0,-17235.0,9,3,810.0,9,6
OXYGEN_SHAKE_MORNING_BREATH,SNACKPACK_VANILLA,0,-5485.0,14,8,8450.0,14,12
OXYGEN_SHAKE_MORNING_BREATH,SNACKPACK_PISTACHIO,0,4005.0,19,15,11050.0,14,12
OXYGEN_SHAKE_MORNING_BREATH,SNACKPACK_STRAWBERRY,0,-840.0,16,13,13900.0,14,12
OXYGEN_SHAKE_MORNING_BREATH,SNACKPACK_RASPBERRY,0,-15645.0,9,4,20375.0,22,20
OXYGEN_SHAKE_EVENING_BREATH,OXYGEN_SHAKE_MINT,1,16870.0,20,17,-18965.0,5,2
OXYGEN_SHAKE_EVENING_BREATH,OXYGEN_SHAKE_CHOCOLATE,1,2225.0,18,13,-10745.0,7,4
OXYGEN_SHAKE_EVENING_BREATH,OXYGEN_SHAKE_GARLIC,1,-7025.0,18,13,4550.0,9,7
OXYGEN_SHAKE_EVENING_BREATH,SNACKPACK_CHOCOLATE,0,-3895.0,14,9,3100.0,8,5
OXYGEN_SHAKE_EVENING_BREATH,SNACKPACK_VANILLA,0,135.0,18,13,3155.0,10,8
OXYGEN_SHAKE_EVENING_BREATH,SNACKPACK_PISTACHIO,0,9290.0,21,16,10910.0,12,10
OXYGEN_SHAKE_EVENING_BREATH,SNACKPACK_STRAWBERRY,0,12840.0,25,20,20270.0,14,12
OXYGEN_SHAKE_EVENING_BREATH,SNACKPACK_RASPBERRY,0,4300.0,17,13,-2940.0,6,3
OXYGEN_SHAKE_MINT,OXYGEN_SHAKE_CHOCOLATE,1,23960.0,21,18,-7300.0,8,5
OXYGEN_SHAKE_MINT,OXYGEN_SHAKE_GARLIC,1,8800.0,21,18,-21405.0,5,1
OXYGEN_SHAKE_MINT,SNACKPACK_CHOCOLATE,0,16815.0,17,13,-12105.0,5,3
OXYGEN_SHAKE_MINT,SNACKPACK_VANILLA,0,20455.0,25,21,-12105.0,5,3
OXYGEN_SHAKE_MINT,SNACKPACK_PISTACHIO,0,23660.0,22,20,-7860.0,6,4
OXYGEN_SHAKE_MINT,SNACKPACK_STRAWBERRY,0,34470.0,27,25,-9975.0,6,4
OXYGEN_SHAKE_MINT,SNACKPACK_RASPBERRY,0,30035.0,24,23,-10995.0,5,2
OXYGEN_SHAKE_CHOCOLATE,OXYGEN_SHAKE_GARLIC,1,2545.0,18,15,13020.0,15,12
OXYGEN_SHAKE_CHOCOLATE,SNACKPACK_CHOCOLATE,0,8705.0,18,14,-925.0,13,12
OXYGEN_SHAKE_CHOCOLATE,SNACKPACK_VANILLA,0,19040.0,21,17,-545.0,8,5
OXYGEN_SHAKE_CHOCOLATE,SNACKPACK_PISTACHIO,0,22145.0,27,23,-4455.0,9,8
OXYGEN_SHAKE_CHOCOLATE,SNACKPACK_STRAWBERRY,0,9650.0,20,16,4910.0,12,10
OXYGEN_SHAKE_CHOCOLATE,SNACKPACK_RASPBERRY,0,28965.0,27,24,-7735.0,6,3
OXYGEN_SHAKE_GARLIC,SNACKPACK_CHOCOLATE,0,15900.0,25,20,-5245.0,8,6
OXYGEN_SHAKE_GARLIC,SNACKPACK_VANILLA,0,-4495.0,17,12,5175.0,9,7
OXYGEN_SHAKE_GARLIC,SNACKPACK_PISTACHIO,0,5280.0,17,12,6145.0,11,9
OXYGEN_SHAKE_GARLIC,SNACKPACK_STRAWBERRY,0,18120.0,22,18,8935.0,12,10
OXYGEN_SHAKE_GARLIC,SNACKPACK_RASPBERRY,0,-5415.0,17,13,13495.0,12,11
SNACKPACK_CHOCOLATE,SNACKPACK_VANILLA,1,5845.0,14,11,-1035.0,7,3
SNACKPACK_CHOCOLATE,SNACKPACK_PISTACHIO,1,11260.0,19,15,4965.0,12,9
SNACKPACK_CHOCOLATE,SNACKPACK_STRAWBERRY,1,1435.0,13,9,6620.0,12,10
SNACKPACK_CHOCOLATE,SNACKPACK_RASPBERRY,1,19845.0,22,18,8515.0,13,9
SNACKPACK_VANILLA,SNACKPACK_PISTACHIO,1,12750.0,21,19,9220.0,14,12
SNACKPACK_VANILLA,SNACKPACK_STRAWBERRY,1,12325.0,19,14,7360.0,11,8
SNACKPACK_VANILLA,SNACKPACK_RASPBERRY,1,11710.0,18,14,5560.0,10,8
SNACKPACK_PISTACHIO,SNACKPACK_STRAWBERRY,1,-3380.0,18,13,1025.0,8,5
SNACKPACK_PISTACHIO,SNACKPACK_RASPBERRY,1,30775.0,23,22,7845.0,10,7
SNACKPACK_STRAWBERRY,SNACKPACK_RASPBERRY,1,33575.0,24,22,6370.0,8,5
