a,b,same_cat,d2_pnl,d2_n,d3_pnl,d3_n,d4_pnl,d4_n,d23_pnl,d23_n
GALAXY_SOUNDS_DARK_MATTER,GALAXY_SOUNDS_BLACK_HOLES,1,9185.0,8,16690.0,11,-3685.0,8,25875.0,19
GALAXY_SOUNDS_DARK_MATTER,GALAXY_SOUNDS_PLANETARY_RINGS,1,3750.0,6,8420.0,8,-2790.0,5,12170.0,14
GALAXY_SOUNDS_DARK_MATTER,GALAXY_SOUNDS_SOLAR_WINDS,1,5450.0,9,16410.0,11,-9600.0,5,21860.0,20
GALAXY_SOUNDS_DARK_MATTER,GALAXY_SOUNDS_SOLAR_FLAMES,1,4735.0,7,-1545.0,8,9455.0,11,3190.0,15
GALAXY_SOUNDS_DARK_MATTER,SLEEP_POD_SUEDE,0,-170.0,7,11505.0,10,7205.0,8,11335.0,17
GALAXY_SOUNDS_DARK_MATTER,SLEEP_POD_LAMB_WOOL,0,580.0,8,11030.0,12,14055.0,11,11610.0,20
GALAXY_SOUNDS_DARK_MATTER,SLEEP_POD_POLYESTER,0,3815.0,5,14605.0,9,11865.0,10,18420.0,14
GALAXY_SOUNDS_DARK_MATTER,SLEEP_POD_NYLON,0,9890.0,11,19425.0,15,-1035.0,7,29315.0,26
GALAXY_SOUNDS_DARK_MATTER,SLEEP_POD_COTTON,0,13425.0,7,5800.0,8,-3960.0,6,19225.0,15
GALAXY_SOUNDS_DARK_MATTER,MICROCHIP_CIRCLE,0,4840.0,6,5385.0,8,-5930.0,9,10225.0,14
GALAXY_SOUNDS_DARK_MATTER,MICROCHIP_OVAL,0,10765.0,8,14690.0,10,19020.0,11,25455.0,18
GALAXY_SOUNDS_DARK_MATTER,MICROCHIP_SQUARE,0,19050.0,13,245.0,9,24345.0,10,19295.0,22
GALAXY_SOUNDS_DARK_MATTER,MICROCHIP_RECTANGLE,0,10530.0,10,16000.0,14,2960.0,9,26530.0,24
GALAXY_SOUNDS_DARK_MATTER,MICROCHIP_TRIANGLE,0,12790.0,8,24220.0,13,21610.0,11,37010.0,21
GALAXY_SOUNDS_DARK_MATTER,PEBBLES_XS,0,2325.0,8,-1290.0,6,23935.0,13,1035.0,14
GALAXY_SOUNDS_DARK_MATTER,PEBBLES_S,0,1875.0,6,12550.0,12,25040.0,14,14425.0,18
GALAXY_SOUNDS_DARK_MATTER,PEBBLES_M,0,17305.0,12,3880.0,10,8930.0,11,21185.0,22
GALAXY_SOUNDS_DARK_MATTER,PEBBLES_L,0,3900.0,7,21460.0,12,-7705.0,6,25360.0,19
GALAXY_SOUNDS_DARK_MATTER,PEBBLES_XL,0,18655.0,10,32445.0,12,-9915.0,9,51100.0,22
GALAXY_SOUNDS_DARK_MATTER,ROBOT_VACUUMING,0,13160.0,9,4615.0,9,8895.0,11,17775.0,18
GALAXY_SOUNDS_DARK_MATTER,ROBOT_MOPPING,0,1105.0,7,9225.0,12,2890.0,6,10330.0,19
GALAXY_SOUNDS_DARK_MATTER,ROBOT_DISHES,0,17005.0,11,4145.0,10,11285.0,11,21150.0,21
GALAXY_SOUNDS_DARK_MATTER,ROBOT_LAUNDRY,0,5550.0,8,23545.0,16,19510.0,13,29095.0,24
GALAXY_SOUNDS_DARK_MATTER,ROBOT_IRONING,0,-950.0,9,10245.0,7,12415.0,15,9295.0,16
GALAXY_SOUNDS_DARK_MATTER,UV_VISOR_YELLOW,0,12925.0,13,21880.0,10,14940.0,13,34805.0,23
GALAXY_SOUNDS_DARK_MATTER,UV_VISOR_AMBER,0,-1215.0,6,10515.0,11,16165.0,12,9300.0,17
GALAXY_SOUNDS_DARK_MATTER,UV_VISOR_ORANGE,0,10975.0,11,565.0,9,-2505.0,6,11540.0,20
GALAXY_SOUNDS_DARK_MATTER,UV_VISOR_RED,0,6440.0,10,17605.0,14,7385.0,9,24045.0,24
GALAXY_SOUNDS_DARK_MATTER,UV_VISOR_MAGENTA,0,1320.0,5,14570.0,14,1630.0,11,15890.0,19
GALAXY_SOUNDS_DARK_MATTER,TRANSLATOR_SPACE_GRAY,0,-480.0,7,2195.0,8,19245.0,13,1715.0,15
GALAXY_SOUNDS_DARK_MATTER,TRANSLATOR_ASTRO_BLACK,0,9835.0,11,13995.0,11,12145.0,14,23830.0,22
GALAXY_SOUNDS_DARK_MATTER,TRANSLATOR_ECLIPSE_CHARCOAL,0,4680.0,9,20090.0,17,9905.0,14,24770.0,26
GALAXY_SOUNDS_DARK_MATTER,TRANSLATOR_GRAPHITE_MIST,0,8460.0,11,11275.0,10,5700.0,11,19735.0,21
GALAXY_SOUNDS_DARK_MATTER,TRANSLATOR_VOID_BLUE,0,9505.0,8,14080.0,11,5100.0,9,23585.0,19
GALAXY_SOUNDS_DARK_MATTER,PANEL_1X2,0,-1180.0,6,10560.0,10,-195.0,11,9380.0,16
GALAXY_SOUNDS_DARK_MATTER,PANEL_2X2,0,9880.0,8,415.0,11,15095.0,12,10295.0,19
GALAXY_SOUNDS_DARK_MATTER,PANEL_1X4,0,12790.0,7,-5715.0,10,12870.0,13,7075.0,17
GALAXY_SOUNDS_DARK_MATTER,PANEL_2X4,0,13910.0,11,18970.0,13,2075.0,10,32880.0,24
GALAXY_SOUNDS_DARK_MATTER,PANEL_4X4,0,22930.0,16,9630.0,10,-2860.0,9,32560.0,26
GALAXY_SOUNDS_DARK_MATTER,OXYGEN_SHAKE_MORNING_BREATH,0,6975.0,7,-9560.0,7,1915.0,8,-2585.0,14
GALAXY_SOUNDS_DARK_MATTER,OXYGEN_SHAKE_EVENING_BREATH,0,1950.0,11,13900.0,13,14570.0,14,15850.0,24
GALAXY_SOUNDS_DARK_MATTER,OXYGEN_SHAKE_MINT,0,3655.0,7,1920.0,7,1310.0,9,5575.0,14
GALAXY_SOUNDS_DARK_MATTER,OXYGEN_SHAKE_CHOCOLATE,0,21240.0,17,14445.0,11,-8380.0,8,35685.0,28
GALAXY_SOUNDS_DARK_MATTER,OXYGEN_SHAKE_GARLIC,0,245.0,8,21700.0,15,-4130.0,8,21945.0,23
GALAXY_SOUNDS_DARK_MATTER,SNACKPACK_CHOCOLATE,0,11805.0,13,13225.0,14,2615.0,8,25030.0,27
GALAXY_SOUNDS_DARK_MATTER,SNACKPACK_VANILLA,0,10625.0,10,17265.0,12,9040.0,12,27890.0,22
GALAXY_SOUNDS_DARK_MATTER,SNACKPACK_PISTACHIO,0,12330.0,11,9990.0,11,7585.0,11,22320.0,22
GALAXY_SOUNDS_DARK_MATTER,SNACKPACK_STRAWBERRY,0,15740.0,11,4320.0,7,5160.0,9,20060.0,18
GALAXY_SOUNDS_DARK_MATTER,SNACKPACK_RASPBERRY,0,9970.0,9,13930.0,13,5520.0,10,23900.0,22
GALAXY_SOUNDS_BLACK_HOLES,GALAXY_SOUNDS_PLANETARY_RINGS,1,2095.0,5,16390.0,10,1690.0,9,18485.0,15
GALAXY_SOUNDS_BLACK_HOLES,GALAXY_SOUNDS_SOLAR_WINDS,1,-3015.0,7,3825.0,11,-6895.0,6,810.0,18
GALAXY_SOUNDS_BLACK_HOLES,GALAXY_SOUNDS_SOLAR_FLAMES,1,-5705.0,7,-9455.0,6,195.0,12,-15160.0,13
GALAXY_SOUNDS_BLACK_HOLES,SLEEP_POD_SUEDE,0,10510.0,7,-4310.0,6,1170.0,9,6200.0,13
GALAXY_SOUNDS_BLACK_HOLES,SLEEP_POD_LAMB_WOOL,0,-5090.0,6,10220.0,11,10560.0,14,5130.0,17
GALAXY_SOUNDS_BLACK_HOLES,SLEEP_POD_POLYESTER,0,11175.0,8,18775.0,15,21070.0,14,29950.0,23
GALAXY_SOUNDS_BLACK_HOLES,SLEEP_POD_NYLON,0,-3445.0,4,6790.0,9,-2415.0,11,3345.0,13
GALAXY_SOUNDS_BLACK_HOLES,SLEEP_POD_COTTON,0,5695.0,7,3360.0,8,-3480.0,10,9055.0,15
GALAXY_SOUNDS_BLACK_HOLES,MICROCHIP_CIRCLE,0,8100.0,7,3445.0,6,13400.0,14,11545.0,13
GALAXY_SOUNDS_BLACK_HOLES,MICROCHIP_OVAL,0,19365.0,7,7615.0,8,-21420.0,5,26980.0,15
GALAXY_SOUNDS_BLACK_HOLES,MICROCHIP_SQUARE,0,15580.0,8,-19670.0,6,8230.0,9,-4090.0,14
GALAXY_SOUNDS_BLACK_HOLES,MICROCHIP_RECTANGLE,0,9580.0,7,12205.0,9,16220.0,12,21785.0,16
GALAXY_SOUNDS_BLACK_HOLES,MICROCHIP_TRIANGLE,0,19805.0,10,22335.0,10,5785.0,14,42140.0,20
GALAXY_SOUNDS_BLACK_HOLES,PEBBLES_XS,0,-11390.0,4,19480.0,15,21790.0,17,8090.0,19
GALAXY_SOUNDS_BLACK_HOLES,PEBBLES_S,0,-5000.0,5,7420.0,11,-550.0,9,2420.0,16
GALAXY_SOUNDS_BLACK_HOLES,PEBBLES_M,0,9510.0,7,-5625.0,9,13270.0,15,3885.0,16
GALAXY_SOUNDS_BLACK_HOLES,PEBBLES_L,0,-9340.0,7,9260.0,8,10960.0,11,-80.0,15
GALAXY_SOUNDS_BLACK_HOLES,PEBBLES_XL,0,25615.0,10,24595.0,11,14835.0,12,50210.0,21
GALAXY_SOUNDS_BLACK_HOLES,ROBOT_VACUUMING,0,1050.0,5,5335.0,8,16030.0,10,6385.0,13
GALAXY_SOUNDS_BLACK_HOLES,ROBOT_MOPPING,0,13450.0,7,-14210.0,4,1745.0,11,-760.0,11
GALAXY_SOUNDS_BLACK_HOLES,ROBOT_DISHES,0,9310.0,6,5780.0,9,10175.0,10,15090.0,15
GALAXY_SOUNDS_BLACK_HOLES,ROBOT_LAUNDRY,0,385.0,7,12185.0,9,-535.0,10,12570.0,16
GALAXY_SOUNDS_BLACK_HOLES,ROBOT_IRONING,0,8465.0,10,9105.0,10,4295.0,12,17570.0,20
GALAXY_SOUNDS_BLACK_HOLES,UV_VISOR_YELLOW,0,8225.0,8,25155.0,18,-15385.0,10,33380.0,26
GALAXY_SOUNDS_BLACK_HOLES,UV_VISOR_AMBER,0,-2445.0,4,17745.0,13,2055.0,12,15300.0,17
GALAXY_SOUNDS_BLACK_HOLES,UV_VISOR_ORANGE,0,8375.0,7,1265.0,10,24625.0,13,9640.0,17
GALAXY_SOUNDS_BLACK_HOLES,UV_VISOR_RED,0,2525.0,7,5715.0,11,5625.0,10,8240.0,18
GALAXY_SOUNDS_BLACK_HOLES,UV_VISOR_MAGENTA,0,935.0,6,17190.0,11,7170.0,15,18125.0,17
GALAXY_SOUNDS_BLACK_HOLES,TRANSLATOR_SPACE_GRAY,0,3135.0,6,6435.0,10,-12210.0,8,9570.0,16
GALAXY_SOUNDS_BLACK_HOLES,TRANSLATOR_ASTRO_BLACK,0,9315.0,11,15310.0,9,9070.0,13,24625.0,20
GALAXY_SOUNDS_BLACK_HOLES,TRANSLATOR_ECLIPSE_CHARCOAL,0,11620.0,8,16095.0,11,14920.0,18,27715.0,19
GALAXY_SOUNDS_BLACK_HOLES,TRANSLATOR_GRAPHITE_MIST,0,-8380.0,5,13700.0,12,-14340.0,8,5320.0,17
GALAXY_SOUNDS_BLACK_HOLES,TRANSLATOR_VOID_BLUE,0,12115.0,8,14065.0,10,16955.0,19,26180.0,18
GALAXY_SOUNDS_BLACK_HOLES,PANEL_1X2,0,335.0,6,3745.0,11,10400.0,12,4080.0,17
GALAXY_SOUNDS_BLACK_HOLES,PANEL_2X2,0,8425.0,6,4120.0,8,630.0,13,12545.0,14
GALAXY_SOUNDS_BLACK_HOLES,PANEL_1X4,0,18075.0,9,-1500.0,8,-12625.0,6,16575.0,17
GALAXY_SOUNDS_BLACK_HOLES,PANEL_2X4,0,17030.0,8,16445.0,11,4170.0,11,33475.0,19
GALAXY_SOUNDS_BLACK_HOLES,PANEL_4X4,0,7265.0,6,4320.0,7,2060.0,9,11585.0,13
GALAXY_SOUNDS_BLACK_HOLES,OXYGEN_SHAKE_MORNING_BREATH,0,5400.0,9,-2645.0,8,11555.0,14,2755.0,17
GALAXY_SOUNDS_BLACK_HOLES,OXYGEN_SHAKE_EVENING_BREATH,0,-3705.0,5,1145.0,9,7765.0,11,-2560.0,14
GALAXY_SOUNDS_BLACK_HOLES,OXYGEN_SHAKE_MINT,0,16235.0,10,9870.0,11,-30285.0,4,26105.0,21
GALAXY_SOUNDS_BLACK_HOLES,OXYGEN_SHAKE_CHOCOLATE,0,8490.0,8,10300.0,9,-235.0,13,18790.0,17
GALAXY_SOUNDS_BLACK_HOLES,OXYGEN_SHAKE_GARLIC,0,960.0,6,11430.0,10,23480.0,18,12390.0,16
GALAXY_SOUNDS_BLACK_HOLES,SNACKPACK_CHOCOLATE,0,1630.0,6,6615.0,9,1425.0,13,8245.0,15
GALAXY_SOUNDS_BLACK_HOLES,SNACKPACK_VANILLA,0,6040.0,8,15575.0,12,4950.0,11,21615.0,20
GALAXY_SOUNDS_BLACK_HOLES,SNACKPACK_PISTACHIO,0,8080.0,7,3995.0,9,3865.0,14,12075.0,16
GALAXY_SOUNDS_BLACK_HOLES,SNACKPACK_STRAWBERRY,0,10985.0,6,8485.0,11,1135.0,12,19470.0,17
GALAXY_SOUNDS_BLACK_HOLES,SNACKPACK_RASPBERRY,0,3475.0,7,11030.0,9,5050.0,10,14505.0,16
GALAXY_SOUNDS_PLANETARY_RINGS,GALAXY_SOUNDS_SOLAR_WINDS,1,4325.0,5,12920.0,11,-15520.0,8,17245.0,16
GALAXY_SOUNDS_PLANETARY_RINGS,GALAXY_SOUNDS_SOLAR_FLAMES,1,-1265.0,5,1410.0,9,-1685.0,9,145.0,14
GALAXY_SOUNDS_PLANETARY_RINGS,SLEEP_POD_SUEDE,0,6035.0,7,16200.0,13,10825.0,12,22235.0,20
GALAXY_SOUNDS_PLANETARY_RINGS,SLEEP_POD_LAMB_WOOL,0,-6280.0,4,2160.0,7,18970.0,10,-4120.0,11
GALAXY_SOUNDS_PLANETARY_RINGS,SLEEP_POD_POLYESTER,0,-6680.0,6,11955.0,9,-1005.0,7,5275.0,15
GALAXY_SOUNDS_PLANETARY_RINGS,SLEEP_POD_NYLON,0,9845.0,6,16485.0,16,-21180.0,4,26330.0,22
GALAXY_SOUNDS_PLANETARY_RINGS,SLEEP_POD_COTTON,0,-11300.0,5,7880.0,9,-12195.0,7,-3420.0,14
GALAXY_SOUNDS_PLANETARY_RINGS,MICROCHIP_CIRCLE,0,4255.0,5,19745.0,16,-10800.0,9,24000.0,21
GALAXY_SOUNDS_PLANETARY_RINGS,MICROCHIP_OVAL,0,3165.0,6,-2770.0,7,6190.0,11,395.0,13
GALAXY_SOUNDS_PLANETARY_RINGS,MICROCHIP_SQUARE,0,-5335.0,9,8310.0,8,29830.0,11,2975.0,17
GALAXY_SOUNDS_PLANETARY_RINGS,MICROCHIP_RECTANGLE,0,6090.0,6,-330.0,10,995.0,8,5760.0,16
GALAXY_SOUNDS_PLANETARY_RINGS,MICROCHIP_TRIANGLE,0,-2900.0,7,17925.0,9,7660.0,9,15025.0,16
GALAXY_SOUNDS_PLANETARY_RINGS,PEBBLES_XS,0,21875.0,12,-3225.0,7,-155.0,8,18650.0,19
GALAXY_SOUNDS_PLANETARY_RINGS,PEBBLES_S,0,15195.0,8,9690.0,10,12970.0,10,24885.0,18
GALAXY_SOUNDS_PLANETARY_RINGS,PEBBLES_M,0,4730.0,8,-5590.0,7,615.0,9,-860.0,15
GALAXY_SOUNDS_PLANETARY_RINGS,PEBBLES_L,0,-5840.0,6,21185.0,13,-2950.0,8,15345.0,19
GALAXY_SOUNDS_PLANETARY_RINGS,PEBBLES_XL,0,-2600.0,6,31585.0,13,-15145.0,9,28985.0,19
GALAXY_SOUNDS_PLANETARY_RINGS,ROBOT_VACUUMING,0,-15945.0,4,6400.0,9,-12815.0,6,-9545.0,13
GALAXY_SOUNDS_PLANETARY_RINGS,ROBOT_MOPPING,0,1475.0,7,13035.0,13,6490.0,11,14510.0,20
GALAXY_SOUNDS_PLANETARY_RINGS,ROBOT_DISHES,0,5505.0,6,13905.0,14,-10950.0,5,19410.0,20
GALAXY_SOUNDS_PLANETARY_RINGS,ROBOT_LAUNDRY,0,-6305.0,3,27560.0,18,7115.0,9,21255.0,21
GALAXY_SOUNDS_PLANETARY_RINGS,ROBOT_IRONING,0,10515.0,8,7015.0,13,-17830.0,5,17530.0,21
GALAXY_SOUNDS_PLANETARY_RINGS,UV_VISOR_YELLOW,0,-11740.0,4,15120.0,10,-12030.0,6,3380.0,14
GALAXY_SOUNDS_PLANETARY_RINGS,UV_VISOR_AMBER,0,7830.0,9,3810.0,15,1640.0,7,11640.0,24
GALAXY_SOUNDS_PLANETARY_RINGS,UV_VISOR_ORANGE,0,-1535.0,6,11840.0,13,-3920.0,8,10305.0,19
GALAXY_SOUNDS_PLANETARY_RINGS,UV_VISOR_RED,0,-6430.0,6,2935.0,8,-9535.0,8,-3495.0,14
GALAXY_SOUNDS_PLANETARY_RINGS,UV_VISOR_MAGENTA,0,-3650.0,9,12775.0,9,-16605.0,5,9125.0,18
GALAXY_SOUNDS_PLANETARY_RINGS,TRANSLATOR_SPACE_GRAY,0,2870.0,8,8150.0,11,6180.0,9,11020.0,19
GALAXY_SOUNDS_PLANETARY_RINGS,TRANSLATOR_ASTRO_BLACK,0,-3710.0,7,3440.0,9,-4200.0,6,-270.0,16
GALAXY_SOUNDS_PLANETARY_RINGS,TRANSLATOR_ECLIPSE_CHARCOAL,0,8170.0,9,4835.0,8,-3075.0,11,13005.0,17
GALAXY_SOUNDS_PLANETARY_RINGS,TRANSLATOR_GRAPHITE_MIST,0,12570.0,8,22930.0,13,-11860.0,11,35500.0,21
GALAXY_SOUNDS_PLANETARY_RINGS,TRANSLATOR_VOID_BLUE,0,1125.0,7,16025.0,9,4175.0,12,17150.0,16
GALAXY_SOUNDS_PLANETARY_RINGS,PANEL_1X2,0,-1485.0,3,10055.0,13,-17455.0,4,8570.0,16
GALAXY_SOUNDS_PLANETARY_RINGS,PANEL_2X2,0,700.0,5,7535.0,15,-370.0,5,8235.0,20
GALAXY_SOUNDS_PLANETARY_RINGS,PANEL_1X4,0,11405.0,8,-17515.0,9,-4495.0,4,-6110.0,17
GALAXY_SOUNDS_PLANETARY_RINGS,PANEL_2X4,0,3770.0,7,24900.0,16,-10625.0,6,28670.0,23
GALAXY_SOUNDS_PLANETARY_RINGS,PANEL_4X4,0,8990.0,7,16570.0,12,-30945.0,6,25560.0,19
GALAXY_SOUNDS_PLANETARY_RINGS,OXYGEN_SHAKE_MORNING_BREATH,0,2365.0,9,-11175.0,6,-3780.0,9,-8810.0,15
GALAXY_SOUNDS_PLANETARY_RINGS,OXYGEN_SHAKE_EVENING_BREATH,0,8515.0,9,9990.0,12,-13840.0,4,18505.0,21
GALAXY_SOUNDS_PLANETARY_RINGS,OXYGEN_SHAKE_MINT,0,4745.0,9,12840.0,11,-10530.0,7,17585.0,20
GALAXY_SOUNDS_PLANETARY_RINGS,OXYGEN_SHAKE_CHOCOLATE,0,17475.0,9,11425.0,12,-240.0,10,28900.0,21
GALAXY_SOUNDS_PLANETARY_RINGS,OXYGEN_SHAKE_GARLIC,0,-21250.0,4,21115.0,13,-3090.0,9,-135.0,17
GALAXY_SOUNDS_PLANETARY_RINGS,SNACKPACK_CHOCOLATE,0,1530.0,6,8435.0,12,-23065.0,3,9965.0,18
GALAXY_SOUNDS_PLANETARY_RINGS,SNACKPACK_VANILLA,0,2025.0,5,11195.0,10,-1650.0,9,13220.0,15
GALAXY_SOUNDS_PLANETARY_RINGS,SNACKPACK_PISTACHIO,0,1410.0,4,7575.0,9,-10995.0,6,8985.0,13
GALAXY_SOUNDS_PLANETARY_RINGS,SNACKPACK_STRAWBERRY,0,2615.0,6,11565.0,11,-4015.0,9,14180.0,17
GALAXY_SOUNDS_PLANETARY_RINGS,SNACKPACK_RASPBERRY,0,3285.0,4,8995.0,10,-750.0,6,12280.0,14
GALAXY_SOUNDS_SOLAR_WINDS,GALAXY_SOUNDS_SOLAR_FLAMES,1,-3180.0,5,-1285.0,10,895.0,10,-4465.0,15
GALAXY_SOUNDS_SOLAR_WINDS,SLEEP_POD_SUEDE,0,-5375.0,6,24870.0,15,-19110.0,6,19495.0,21
GALAXY_SOUNDS_SOLAR_WINDS,SLEEP_POD_LAMB_WOOL,0,1520.0,7,5280.0,10,-12295.0,6,6800.0,17
GALAXY_SOUNDS_SOLAR_WINDS,SLEEP_POD_POLYESTER,0,-6085.0,5,21495.0,14,11245.0,11,15410.0,19
GALAXY_SOUNDS_SOLAR_WINDS,SLEEP_POD_NYLON,0,9345.0,8,22845.0,17,9950.0,12,32190.0,25
GALAXY_SOUNDS_SOLAR_WINDS,SLEEP_POD_COTTON,0,3860.0,7,14410.0,11,-925.0,8,18270.0,18
GALAXY_SOUNDS_SOLAR_WINDS,MICROCHIP_CIRCLE,0,4140.0,7,1435.0,10,-5205.0,9,5575.0,17
GALAXY_SOUNDS_SOLAR_WINDS,MICROCHIP_OVAL,0,12850.0,9,3250.0,11,-17855.0,6,16100.0,20
GALAXY_SOUNDS_SOLAR_WINDS,MICROCHIP_SQUARE,0,-12495.0,4,8805.0,9,-3950.0,8,-3690.0,13
GALAXY_SOUNDS_SOLAR_WINDS,MICROCHIP_RECTANGLE,0,21745.0,12,-7290.0,8,60.0,9,14455.0,20
GALAXY_SOUNDS_SOLAR_WINDS,MICROCHIP_TRIANGLE,0,30935.0,13,9680.0,8,3525.0,9,40615.0,21
GALAXY_SOUNDS_SOLAR_WINDS,PEBBLES_XS,0,24450.0,15,-7305.0,8,305.0,8,17145.0,23
GALAXY_SOUNDS_SOLAR_WINDS,PEBBLES_S,0,7995.0,7,25510.0,21,11480.0,13,33505.0,28
GALAXY_SOUNDS_SOLAR_WINDS,PEBBLES_M,0,10970.0,7,13975.0,13,-8585.0,9,24945.0,20
GALAXY_SOUNDS_SOLAR_WINDS,PEBBLES_L,0,-4730.0,5,11855.0,12,-4750.0,9,7125.0,17
GALAXY_SOUNDS_SOLAR_WINDS,PEBBLES_XL,0,-5175.0,6,35995.0,14,20370.0,15,30820.0,20
GALAXY_SOUNDS_SOLAR_WINDS,ROBOT_VACUUMING,0,6530.0,8,-925.0,9,-8900.0,7,5605.0,17
GALAXY_SOUNDS_SOLAR_WINDS,ROBOT_MOPPING,0,-1750.0,6,7200.0,10,-6960.0,6,5450.0,16
GALAXY_SOUNDS_SOLAR_WINDS,ROBOT_DISHES,0,1345.0,6,7515.0,11,10940.0,9,8860.0,17
GALAXY_SOUNDS_SOLAR_WINDS,ROBOT_LAUNDRY,0,9715.0,13,-6240.0,7,-9685.0,7,3475.0,20
GALAXY_SOUNDS_SOLAR_WINDS,ROBOT_IRONING,0,5465.0,9,-9525.0,9,-265.0,8,-4060.0,18
GALAXY_SOUNDS_SOLAR_WINDS,UV_VISOR_YELLOW,0,-11680.0,6,13770.0,14,-11685.0,7,2090.0,20
GALAXY_SOUNDS_SOLAR_WINDS,UV_VISOR_AMBER,0,8705.0,9,-11795.0,6,-11155.0,4,-3090.0,15
GALAXY_SOUNDS_SOLAR_WINDS,UV_VISOR_ORANGE,0,12475.0,9,9100.0,13,-4095.0,8,21575.0,22
GALAXY_SOUNDS_SOLAR_WINDS,UV_VISOR_RED,0,3740.0,7,15265.0,14,12810.0,12,19005.0,21
GALAXY_SOUNDS_SOLAR_WINDS,UV_VISOR_MAGENTA,0,-2070.0,7,6150.0,9,6200.0,11,4080.0,16
GALAXY_SOUNDS_SOLAR_WINDS,TRANSLATOR_SPACE_GRAY,0,13310.0,11,6585.0,9,-11350.0,7,19895.0,20
GALAXY_SOUNDS_SOLAR_WINDS,TRANSLATOR_ASTRO_BLACK,0,9835.0,9,-12100.0,5,3135.0,9,-2265.0,14
GALAXY_SOUNDS_SOLAR_WINDS,TRANSLATOR_ECLIPSE_CHARCOAL,0,-7900.0,6,700.0,9,4190.0,10,-7200.0,15
GALAXY_SOUNDS_SOLAR_WINDS,TRANSLATOR_GRAPHITE_MIST,0,18760.0,14,14165.0,12,-1270.0,8,32925.0,26
GALAXY_SOUNDS_SOLAR_WINDS,TRANSLATOR_VOID_BLUE,0,2470.0,3,-2795.0,8,-895.0,10,-325.0,11
GALAXY_SOUNDS_SOLAR_WINDS,PANEL_1X2,0,7020.0,6,-2280.0,7,3525.0,8,4740.0,13
GALAXY_SOUNDS_SOLAR_WINDS,PANEL_2X2,0,-2165.0,5,13995.0,19,-9230.0,5,11830.0,24
GALAXY_SOUNDS_SOLAR_WINDS,PANEL_1X4,0,1580.0,6,-20410.0,6,-11845.0,6,-18830.0,12
GALAXY_SOUNDS_SOLAR_WINDS,PANEL_2X4,0,-5145.0,6,6405.0,10,7710.0,9,1260.0,16
GALAXY_SOUNDS_SOLAR_WINDS,PANEL_4X4,0,5110.0,7,4760.0,10,-8680.0,7,9870.0,17
GALAXY_SOUNDS_SOLAR_WINDS,OXYGEN_SHAKE_MORNING_BREATH,0,5990.0,9,-20710.0,6,-16060.0,5,-14720.0,15
GALAXY_SOUNDS_SOLAR_WINDS,OXYGEN_SHAKE_EVENING_BREATH,0,19990.0,12,8520.0,14,-2890.0,9,28510.0,26
GALAXY_SOUNDS_SOLAR_WINDS,OXYGEN_SHAKE_MINT,0,12390.0,13,20170.0,16,-4410.0,10,32560.0,29
GALAXY_SOUNDS_SOLAR_WINDS,OXYGEN_SHAKE_CHOCOLATE,0,6195.0,8,12830.0,13,-3130.0,10,19025.0,21
GALAXY_SOUNDS_SOLAR_WINDS,OXYGEN_SHAKE_GARLIC,0,-3935.0,9,8510.0,11,-5515.0,8,4575.0,20
GALAXY_SOUNDS_SOLAR_WINDS,SNACKPACK_CHOCOLATE,0,900.0,8,5415.0,10,-8680.0,6,6315.0,18
GALAXY_SOUNDS_SOLAR_WINDS,SNACKPACK_VANILLA,0,2890.0,7,3015.0,11,-10905.0,6,5905.0,18
GALAXY_SOUNDS_SOLAR_WINDS,SNACKPACK_PISTACHIO,0,9060.0,11,2545.0,11,-1705.0,7,11605.0,22
GALAXY_SOUNDS_SOLAR_WINDS,SNACKPACK_STRAWBERRY,0,-5135.0,4,2705.0,10,-870.0,7,-2430.0,14
GALAXY_SOUNDS_SOLAR_WINDS,SNACKPACK_RASPBERRY,0,4370.0,8,11045.0,12,-15165.0,6,15415.0,20
GALAXY_SOUNDS_SOLAR_FLAMES,SLEEP_POD_SUEDE,0,-15875.0,6,7615.0,10,2350.0,12,-8260.0,16
GALAXY_SOUNDS_SOLAR_FLAMES,SLEEP_POD_LAMB_WOOL,0,-13060.0,6,-23680.0,3,14955.0,12,-36740.0,9
GALAXY_SOUNDS_SOLAR_FLAMES,SLEEP_POD_POLYESTER,0,-1005.0,7,2315.0,6,25080.0,16,1310.0,13
GALAXY_SOUNDS_SOLAR_FLAMES,SLEEP_POD_NYLON,0,-8195.0,4,3040.0,10,20050.0,20,-5155.0,14
GALAXY_SOUNDS_SOLAR_FLAMES,SLEEP_POD_COTTON,0,16630.0,11,-12875.0,7,1245.0,12,3755.0,18
GALAXY_SOUNDS_SOLAR_FLAMES,MICROCHIP_CIRCLE,0,-6235.0,5,-4510.0,9,3010.0,11,-10745.0,14
GALAXY_SOUNDS_SOLAR_FLAMES,MICROCHIP_OVAL,0,-6530.0,4,8440.0,9,-16635.0,5,1910.0,13
GALAXY_SOUNDS_SOLAR_FLAMES,MICROCHIP_SQUARE,0,-5360.0,5,520.0,10,14335.0,10,-4840.0,15
GALAXY_SOUNDS_SOLAR_FLAMES,MICROCHIP_RECTANGLE,0,-6395.0,6,4595.0,10,7145.0,10,-1800.0,16
GALAXY_SOUNDS_SOLAR_FLAMES,MICROCHIP_TRIANGLE,0,16660.0,8,10710.0,8,20945.0,19,27370.0,16
GALAXY_SOUNDS_SOLAR_FLAMES,PEBBLES_XS,0,2585.0,8,16355.0,10,-14095.0,6,18940.0,18
GALAXY_SOUNDS_SOLAR_FLAMES,PEBBLES_S,0,8080.0,9,17825.0,14,23505.0,14,25905.0,23
GALAXY_SOUNDS_SOLAR_FLAMES,PEBBLES_M,0,17195.0,10,-10555.0,7,11540.0,11,6640.0,17
GALAXY_SOUNDS_SOLAR_FLAMES,PEBBLES_L,0,-20030.0,5,6745.0,9,680.0,10,-13285.0,14
GALAXY_SOUNDS_SOLAR_FLAMES,PEBBLES_XL,0,4185.0,8,-7290.0,10,-1675.0,9,-3105.0,18
GALAXY_SOUNDS_SOLAR_FLAMES,ROBOT_VACUUMING,0,11870.0,9,-325.0,8,6635.0,11,11545.0,17
GALAXY_SOUNDS_SOLAR_FLAMES,ROBOT_MOPPING,0,-30.0,5,-13800.0,6,18695.0,13,-13830.0,11
GALAXY_SOUNDS_SOLAR_FLAMES,ROBOT_DISHES,0,1715.0,9,-1935.0,8,5590.0,7,-220.0,17
GALAXY_SOUNDS_SOLAR_FLAMES,ROBOT_LAUNDRY,0,10035.0,8,9735.0,10,5605.0,8,19770.0,18
GALAXY_SOUNDS_SOLAR_FLAMES,ROBOT_IRONING,0,-18420.0,5,-9835.0,7,-8310.0,8,-28255.0,12
GALAXY_SOUNDS_SOLAR_FLAMES,UV_VISOR_YELLOW,0,12275.0,9,-3995.0,6,-9955.0,7,8280.0,15
GALAXY_SOUNDS_SOLAR_FLAMES,UV_VISOR_AMBER,0,-2100.0,6,-6495.0,9,3245.0,8,-8595.0,15
GALAXY_SOUNDS_SOLAR_FLAMES,UV_VISOR_ORANGE,0,-1105.0,7,2400.0,10,4145.0,11,1295.0,17
GALAXY_SOUNDS_SOLAR_FLAMES,UV_VISOR_RED,0,1280.0,8,-6705.0,6,3475.0,8,-5425.0,14
GALAXY_SOUNDS_SOLAR_FLAMES,UV_VISOR_MAGENTA,0,0.0,7,-16805.0,4,-9265.0,9,-16805.0,11
GALAXY_SOUNDS_SOLAR_FLAMES,TRANSLATOR_SPACE_GRAY,0,-6625.0,7,-11125.0,7,270.0,8,-17750.0,14
GALAXY_SOUNDS_SOLAR_FLAMES,TRANSLATOR_ASTRO_BLACK,0,13800.0,8,-5475.0,7,2470.0,9,8325.0,15
GALAXY_SOUNDS_SOLAR_FLAMES,TRANSLATOR_ECLIPSE_CHARCOAL,0,-9925.0,6,11165.0,10,-4610.0,8,1240.0,16
GALAXY_SOUNDS_SOLAR_FLAMES,TRANSLATOR_GRAPHITE_MIST,0,5690.0,7,1150.0,7,-4580.0,9,6840.0,14
GALAXY_SOUNDS_SOLAR_FLAMES,TRANSLATOR_VOID_BLUE,0,-6685.0,5,-13740.0,4,8715.0,13,-20425.0,9
GALAXY_SOUNDS_SOLAR_FLAMES,PANEL_1X2,0,-1910.0,5,-11295.0,6,11570.0,13,-13205.0,11
GALAXY_SOUNDS_SOLAR_FLAMES,PANEL_2X2,0,3000.0,8,-10385.0,8,12745.0,12,-7385.0,16
GALAXY_SOUNDS_SOLAR_FLAMES,PANEL_1X4,0,-3315.0,8,-7990.0,6,-3270.0,6,-11305.0,14
GALAXY_SOUNDS_SOLAR_FLAMES,PANEL_2X4,0,7510.0,8,-14915.0,6,13725.0,13,-7405.0,14
GALAXY_SOUNDS_SOLAR_FLAMES,PANEL_4X4,0,-4255.0,6,-4230.0,8,-20425.0,6,-8485.0,14
GALAXY_SOUNDS_SOLAR_FLAMES,OXYGEN_SHAKE_MORNING_BREATH,0,-660.0,7,-15415.0,5,310.0,10,-16075.0,12
GALAXY_SOUNDS_SOLAR_FLAMES,OXYGEN_SHAKE_EVENING_BREATH,0,-3990.0,6,8890.0,11,5680.0,13,4900.0,17
GALAXY_SOUNDS_SOLAR_FLAMES,OXYGEN_SHAKE_MINT,0,-4700.0,6,-365.0,7,835.0,9,-5065.0,13
GALAXY_SOUNDS_SOLAR_FLAMES,OXYGEN_SHAKE_CHOCOLATE,0,-3640.0,6,1300.0,12,10215.0,9,-2340.0,18
GALAXY_SOUNDS_SOLAR_FLAMES,OXYGEN_SHAKE_GARLIC,0,340.0,7,7170.0,10,3925.0,10,7510.0,17
GALAXY_SOUNDS_SOLAR_FLAMES,SNACKPACK_CHOCOLATE,0,-7725.0,5,-10950.0,4,-6340.0,7,-18675.0,9
GALAXY_SOUNDS_SOLAR_FLAMES,SNACKPACK_VANILLA,0,3850.0,7,-10375.0,6,15980.0,17,-6525.0,13
GALAXY_SOUNDS_SOLAR_FLAMES,SNACKPACK_PISTACHIO,0,-2400.0,5,1990.0,8,17450.0,22,-410.0,13
GALAXY_SOUNDS_SOLAR_FLAMES,SNACKPACK_STRAWBERRY,0,2265.0,6,9160.0,11,15975.0,18,11425.0,17
GALAXY_SOUNDS_SOLAR_FLAMES,SNACKPACK_RASPBERRY,0,-2500.0,7,-15290.0,5,9890.0,12,-17790.0,12
SLEEP_POD_SUEDE,SLEEP_POD_LAMB_WOOL,1,-8395.0,5,9535.0,9,22170.0,14,1140.0,14
SLEEP_POD_SUEDE,SLEEP_POD_POLYESTER,1,-800.0,5,16900.0,9,11695.0,11,16100.0,14
SLEEP_POD_SUEDE,SLEEP_POD_NYLON,1,-9815.0,4,2945.0,9,4905.0,12,-6870.0,13
SLEEP_POD_SUEDE,SLEEP_POD_COTTON,1,-100.0,9,13385.0,12,-8070.0,8,13285.0,21
SLEEP_POD_SUEDE,MICROCHIP_CIRCLE,0,12780.0,8,5890.0,13,-310.0,10,18670.0,21
SLEEP_POD_SUEDE,MICROCHIP_OVAL,0,16455.0,10,2365.0,9,6565.0,10,18820.0,19
SLEEP_POD_SUEDE,MICROCHIP_SQUARE,0,6675.0,9,19510.0,10,24250.0,10,26185.0,19
SLEEP_POD_SUEDE,MICROCHIP_RECTANGLE,0,505.0,9,-3325.0,9,22180.0,16,-2820.0,18
SLEEP_POD_SUEDE,MICROCHIP_TRIANGLE,0,670.0,9,24650.0,11,21090.0,14,25320.0,20
SLEEP_POD_SUEDE,PEBBLES_XS,0,-3520.0,11,3415.0,11,17335.0,13,-105.0,22
SLEEP_POD_SUEDE,PEBBLES_S,0,-11960.0,5,18960.0,12,11530.0,10,7000.0,17
SLEEP_POD_SUEDE,PEBBLES_M,0,-8030.0,6,24750.0,15,32345.0,16,16720.0,21
SLEEP_POD_SUEDE,PEBBLES_L,0,-2040.0,8,-1675.0,8,1005.0,7,-3715.0,16
SLEEP_POD_SUEDE,PEBBLES_XL,0,25575.0,10,15760.0,12,5515.0,13,41335.0,22
SLEEP_POD_SUEDE,ROBOT_VACUUMING,0,-8280.0,4,18725.0,16,6815.0,11,10445.0,20
SLEEP_POD_SUEDE,ROBOT_MOPPING,0,6980.0,6,14945.0,13,17510.0,13,21925.0,19
SLEEP_POD_SUEDE,ROBOT_DISHES,0,6050.0,8,20150.0,18,5370.0,9,26200.0,26
SLEEP_POD_SUEDE,ROBOT_LAUNDRY,0,-14130.0,5,8220.0,13,335.0,7,-5910.0,18
SLEEP_POD_SUEDE,ROBOT_IRONING,0,-125.0,7,7305.0,11,6070.0,10,7180.0,18
SLEEP_POD_SUEDE,UV_VISOR_YELLOW,0,-16240.0,3,9635.0,9,6690.0,10,-6605.0,12
SLEEP_POD_SUEDE,UV_VISOR_AMBER,0,7685.0,5,-1745.0,9,4230.0,7,5940.0,14
SLEEP_POD_SUEDE,UV_VISOR_ORANGE,0,185.0,6,21600.0,15,6115.0,8,21785.0,21
SLEEP_POD_SUEDE,UV_VISOR_RED,0,-315.0,6,9280.0,9,12240.0,13,8965.0,15
SLEEP_POD_SUEDE,UV_VISOR_MAGENTA,0,-10645.0,4,23800.0,15,555.0,9,13155.0,19
SLEEP_POD_SUEDE,TRANSLATOR_SPACE_GRAY,0,-2275.0,7,12180.0,12,19290.0,12,9905.0,19
SLEEP_POD_SUEDE,TRANSLATOR_ASTRO_BLACK,0,-3820.0,7,5265.0,11,16375.0,12,1445.0,18
SLEEP_POD_SUEDE,TRANSLATOR_ECLIPSE_CHARCOAL,0,-700.0,5,4815.0,12,5850.0,10,4115.0,17
SLEEP_POD_SUEDE,TRANSLATOR_GRAPHITE_MIST,0,-7600.0,6,24150.0,16,1275.0,7,16550.0,22
SLEEP_POD_SUEDE,TRANSLATOR_VOID_BLUE,0,-10.0,5,7565.0,9,3460.0,8,7555.0,14
SLEEP_POD_SUEDE,PANEL_1X2,0,-6830.0,5,6570.0,10,1320.0,8,-260.0,15
SLEEP_POD_SUEDE,PANEL_2X2,0,-725.0,6,5940.0,11,895.0,9,5215.0,17
SLEEP_POD_SUEDE,PANEL_1X4,0,21340.0,12,-6215.0,7,715.0,10,15125.0,19
SLEEP_POD_SUEDE,PANEL_2X4,0,9785.0,7,6275.0,11,3155.0,9,16060.0,18
SLEEP_POD_SUEDE,PANEL_4X4,0,15260.0,9,10835.0,11,-1485.0,9,26095.0,20
SLEEP_POD_SUEDE,OXYGEN_SHAKE_MORNING_BREATH,0,-4240.0,5,-12835.0,6,15985.0,13,-17075.0,11
SLEEP_POD_SUEDE,OXYGEN_SHAKE_EVENING_BREATH,0,-3485.0,10,14840.0,14,-2910.0,7,11355.0,24
SLEEP_POD_SUEDE,OXYGEN_SHAKE_MINT,0,9115.0,12,16060.0,13,-7550.0,11,25175.0,25
SLEEP_POD_SUEDE,OXYGEN_SHAKE_CHOCOLATE,0,2365.0,9,24110.0,16,-3660.0,8,26475.0,25
SLEEP_POD_SUEDE,OXYGEN_SHAKE_GARLIC,0,-21095.0,4,11550.0,13,-2985.0,7,-9545.0,17
SLEEP_POD_SUEDE,SNACKPACK_CHOCOLATE,0,-5785.0,5,12320.0,13,3180.0,9,6535.0,18
SLEEP_POD_SUEDE,SNACKPACK_VANILLA,0,-3370.0,8,3175.0,8,12900.0,12,-195.0,16
SLEEP_POD_SUEDE,SNACKPACK_PISTACHIO,0,-4290.0,5,8205.0,13,2305.0,9,3915.0,18
SLEEP_POD_SUEDE,SNACKPACK_STRAWBERRY,0,350.0,7,13030.0,13,6320.0,11,13380.0,20
SLEEP_POD_SUEDE,SNACKPACK_RASPBERRY,0,285.0,7,11055.0,10,18530.0,14,11340.0,17
SLEEP_POD_LAMB_WOOL,SLEEP_POD_POLYESTER,1,-12380.0,3,16465.0,13,6090.0,10,4085.0,16
SLEEP_POD_LAMB_WOOL,SLEEP_POD_NYLON,1,-60.0,5,12190.0,10,995.0,11,12130.0,15
SLEEP_POD_LAMB_WOOL,SLEEP_POD_COTTON,1,-4030.0,6,13030.0,11,-5740.0,10,9000.0,17
SLEEP_POD_LAMB_WOOL,MICROCHIP_CIRCLE,0,5070.0,8,2050.0,10,6835.0,14,7120.0,18
SLEEP_POD_LAMB_WOOL,MICROCHIP_OVAL,0,5275.0,8,-3960.0,6,-2705.0,8,1315.0,14
SLEEP_POD_LAMB_WOOL,MICROCHIP_SQUARE,0,13290.0,9,1745.0,9,25860.0,10,15035.0,18
SLEEP_POD_LAMB_WOOL,MICROCHIP_RECTANGLE,0,23900.0,11,835.0,10,20665.0,14,24735.0,21
SLEEP_POD_LAMB_WOOL,MICROCHIP_TRIANGLE,0,6420.0,6,12410.0,9,19880.0,12,18830.0,15
SLEEP_POD_LAMB_WOOL,PEBBLES_XS,0,15705.0,11,7495.0,10,10505.0,14,23200.0,21
SLEEP_POD_LAMB_WOOL,PEBBLES_S,0,-11450.0,5,3845.0,13,23795.0,15,-7605.0,18
SLEEP_POD_LAMB_WOOL,PEBBLES_M,0,-2150.0,6,29325.0,17,4610.0,9,27175.0,23
SLEEP_POD_LAMB_WOOL,PEBBLES_L,0,10205.0,7,5510.0,10,-10170.0,7,15715.0,17
SLEEP_POD_LAMB_WOOL,PEBBLES_XL,0,16580.0,9,25510.0,11,1070.0,9,42090.0,20
SLEEP_POD_LAMB_WOOL,ROBOT_VACUUMING,0,-3430.0,7,3590.0,8,5.0,6,160.0,15
SLEEP_POD_LAMB_WOOL,ROBOT_MOPPING,0,-13850.0,3,8500.0,11,8110.0,8,-5350.0,14
SLEEP_POD_LAMB_WOOL,ROBOT_DISHES,0,7300.0,9,12030.0,12,-1590.0,6,19330.0,21
SLEEP_POD_LAMB_WOOL,ROBOT_LAUNDRY,0,-13235.0,4,-5865.0,6,12300.0,11,-19100.0,10
SLEEP_POD_LAMB_WOOL,ROBOT_IRONING,0,-5175.0,6,8080.0,11,7025.0,10,2905.0,17
SLEEP_POD_LAMB_WOOL,UV_VISOR_YELLOW,0,-4090.0,7,10465.0,12,-5345.0,8,6375.0,19
SLEEP_POD_LAMB_WOOL,UV_VISOR_AMBER,0,2175.0,8,3155.0,10,10235.0,11,5330.0,18
SLEEP_POD_LAMB_WOOL,UV_VISOR_ORANGE,0,8845.0,7,-355.0,8,4720.0,8,8490.0,15
SLEEP_POD_LAMB_WOOL,UV_VISOR_RED,0,1680.0,5,14325.0,11,16320.0,13,16005.0,16
SLEEP_POD_LAMB_WOOL,UV_VISOR_MAGENTA,0,-10320.0,5,19190.0,16,10570.0,13,8870.0,21
SLEEP_POD_LAMB_WOOL,TRANSLATOR_SPACE_GRAY,0,9190.0,9,25550.0,20,7780.0,13,34740.0,29
SLEEP_POD_LAMB_WOOL,TRANSLATOR_ASTRO_BLACK,0,-10835.0,3,-1985.0,7,9910.0,10,-12820.0,10
SLEEP_POD_LAMB_WOOL,TRANSLATOR_ECLIPSE_CHARCOAL,0,-15580.0,4,-7670.0,5,5215.0,9,-23250.0,9
SLEEP_POD_LAMB_WOOL,TRANSLATOR_GRAPHITE_MIST,0,-3680.0,5,1330.0,8,-4580.0,9,-2350.0,13
SLEEP_POD_LAMB_WOOL,TRANSLATOR_VOID_BLUE,0,2505.0,8,-7695.0,7,14015.0,9,-5190.0,15
SLEEP_POD_LAMB_WOOL,PANEL_1X2,0,10620.0,9,9290.0,11,8950.0,12,19910.0,20
SLEEP_POD_LAMB_WOOL,PANEL_2X2,0,4455.0,9,14220.0,10,15690.0,14,18675.0,19
SLEEP_POD_LAMB_WOOL,PANEL_1X4,0,-1905.0,6,-2385.0,8,5625.0,9,-4290.0,14
SLEEP_POD_LAMB_WOOL,PANEL_2X4,0,-2035.0,6,19840.0,14,11000.0,14,17805.0,20
SLEEP_POD_LAMB_WOOL,PANEL_4X4,0,2340.0,8,11615.0,13,-14185.0,7,13955.0,21
SLEEP_POD_LAMB_WOOL,OXYGEN_SHAKE_MORNING_BREATH,0,-10360.0,5,-1830.0,10,7790.0,10,-12190.0,15
SLEEP_POD_LAMB_WOOL,OXYGEN_SHAKE_EVENING_BREATH,0,6700.0,8,1690.0,10,3985.0,8,8390.0,18
SLEEP_POD_LAMB_WOOL,OXYGEN_SHAKE_MINT,0,-2955.0,6,17335.0,12,-2500.0,9,14380.0,18
SLEEP_POD_LAMB_WOOL,OXYGEN_SHAKE_CHOCOLATE,0,-2845.0,6,7125.0,11,10370.0,11,4280.0,17
SLEEP_POD_LAMB_WOOL,OXYGEN_SHAKE_GARLIC,0,-4230.0,6,100.0,8,16140.0,12,-4130.0,14
SLEEP_POD_LAMB_WOOL,SNACKPACK_CHOCOLATE,0,3105.0,8,8905.0,12,-1360.0,7,12010.0,20
SLEEP_POD_LAMB_WOOL,SNACKPACK_VANILLA,0,-3170.0,5,1500.0,12,23195.0,17,-1670.0,17
SLEEP_POD_LAMB_WOOL,SNACKPACK_PISTACHIO,0,-1635.0,7,5820.0,12,4370.0,9,4185.0,19
SLEEP_POD_LAMB_WOOL,SNACKPACK_STRAWBERRY,0,3555.0,9,315.0,10,4185.0,9,3870.0,19
SLEEP_POD_LAMB_WOOL,SNACKPACK_RASPBERRY,0,-2570.0,5,11395.0,12,6090.0,9,8825.0,17
SLEEP_POD_POLYESTER,SLEEP_POD_NYLON,1,6290.0,8,11820.0,11,12440.0,12,18110.0,19
SLEEP_POD_POLYESTER,SLEEP_POD_COTTON,1,17130.0,9,8760.0,13,13910.0,10,25890.0,22
SLEEP_POD_POLYESTER,MICROCHIP_CIRCLE,0,8230.0,6,1080.0,10,3240.0,11,9310.0,16
SLEEP_POD_POLYESTER,MICROCHIP_OVAL,0,7810.0,5,9785.0,7,12210.0,13,17595.0,12
SLEEP_POD_POLYESTER,MICROCHIP_SQUARE,0,-4975.0,7,10710.0,10,20605.0,10,5735.0,17
SLEEP_POD_POLYESTER,MICROCHIP_RECTANGLE,0,1565.0,4,-35.0,6,16735.0,12,1530.0,10
SLEEP_POD_POLYESTER,MICROCHIP_TRIANGLE,0,11505.0,7,22365.0,10,47830.0,27,33870.0,17
SLEEP_POD_POLYESTER,PEBBLES_XS,0,1125.0,6,4875.0,9,24805.0,13,6000.0,15
SLEEP_POD_POLYESTER,PEBBLES_S,0,10565.0,7,19450.0,15,24260.0,12,30015.0,22
SLEEP_POD_POLYESTER,PEBBLES_M,0,6800.0,9,27215.0,20,12415.0,12,34015.0,29
SLEEP_POD_POLYESTER,PEBBLES_L,0,-2580.0,8,17560.0,9,32900.0,20,14980.0,17
SLEEP_POD_POLYESTER,PEBBLES_XL,0,8045.0,8,435.0,7,-2400.0,10,8480.0,15
SLEEP_POD_POLYESTER,ROBOT_VACUUMING,0,35.0,7,6815.0,10,21160.0,11,6850.0,17
SLEEP_POD_POLYESTER,ROBOT_MOPPING,0,14400.0,8,-800.0,8,11505.0,9,13600.0,16
SLEEP_POD_POLYESTER,ROBOT_DISHES,0,8830.0,6,7090.0,10,33360.0,15,15920.0,16
SLEEP_POD_POLYESTER,ROBOT_LAUNDRY,0,-7240.0,5,24715.0,13,5270.0,8,17475.0,18
SLEEP_POD_POLYESTER,ROBOT_IRONING,0,-3295.0,5,14060.0,9,19160.0,11,10765.0,14
SLEEP_POD_POLYESTER,UV_VISOR_YELLOW,0,4215.0,7,29690.0,18,6830.0,9,33905.0,25
SLEEP_POD_POLYESTER,UV_VISOR_AMBER,0,275.0,7,-3155.0,10,11245.0,14,-2880.0,17
SLEEP_POD_POLYESTER,UV_VISOR_ORANGE,0,4870.0,7,8325.0,8,20800.0,12,13195.0,15
SLEEP_POD_POLYESTER,UV_VISOR_RED,0,2300.0,7,14340.0,11,17790.0,11,16640.0,18
SLEEP_POD_POLYESTER,UV_VISOR_MAGENTA,0,8985.0,8,865.0,10,16540.0,10,9850.0,18
SLEEP_POD_POLYESTER,TRANSLATOR_SPACE_GRAY,0,140.0,6,9100.0,13,8160.0,11,9240.0,19
SLEEP_POD_POLYESTER,TRANSLATOR_ASTRO_BLACK,0,2550.0,7,10515.0,13,18260.0,12,13065.0,20
SLEEP_POD_POLYESTER,TRANSLATOR_ECLIPSE_CHARCOAL,0,9045.0,8,14500.0,10,26830.0,14,23545.0,18
SLEEP_POD_POLYESTER,TRANSLATOR_GRAPHITE_MIST,0,75.0,5,23680.0,16,26205.0,19,23755.0,21
SLEEP_POD_POLYESTER,TRANSLATOR_VOID_BLUE,0,16225.0,8,11900.0,8,13560.0,12,28125.0,16
SLEEP_POD_POLYESTER,PANEL_1X2,0,1940.0,5,7630.0,11,4205.0,9,9570.0,16
SLEEP_POD_POLYESTER,PANEL_2X2,0,16145.0,11,22935.0,14,5490.0,7,39080.0,25
SLEEP_POD_POLYESTER,PANEL_1X4,0,14125.0,7,-10145.0,6,11420.0,13,3980.0,13
SLEEP_POD_POLYESTER,PANEL_2X4,0,4985.0,5,10425.0,11,13420.0,12,15410.0,16
SLEEP_POD_POLYESTER,PANEL_4X4,0,8645.0,7,16570.0,14,1900.0,9,25215.0,21
SLEEP_POD_POLYESTER,OXYGEN_SHAKE_MORNING_BREATH,0,15285.0,11,-15620.0,7,14060.0,11,-335.0,18
SLEEP_POD_POLYESTER,OXYGEN_SHAKE_EVENING_BREATH,0,-6645.0,2,16530.0,13,18965.0,12,9885.0,15
SLEEP_POD_POLYESTER,OXYGEN_SHAKE_MINT,0,7790.0,10,16515.0,9,-295.0,8,24305.0,19
SLEEP_POD_POLYESTER,OXYGEN_SHAKE_CHOCOLATE,0,8235.0,6,13310.0,11,6515.0,11,21545.0,17
SLEEP_POD_POLYESTER,OXYGEN_SHAKE_GARLIC,0,-1270.0,10,18450.0,13,7985.0,10,17180.0,23
SLEEP_POD_POLYESTER,SNACKPACK_CHOCOLATE,0,-640.0,5,6050.0,10,28110.0,19,5410.0,15
SLEEP_POD_POLYESTER,SNACKPACK_VANILLA,0,1785.0,4,13895.0,9,24820.0,16,15680.0,13
SLEEP_POD_POLYESTER,SNACKPACK_PISTACHIO,0,1210.0,5,12355.0,9,30220.0,24,13565.0,14
SLEEP_POD_POLYESTER,SNACKPACK_STRAWBERRY,0,9045.0,10,18140.0,10,31715.0,22,27185.0,20
SLEEP_POD_POLYESTER,SNACKPACK_RASPBERRY,0,-500.0,6,8690.0,9,16970.0,10,8190.0,15
SLEEP_POD_NYLON,SLEEP_POD_COTTON,1,12655.0,9,1610.0,7,2820.0,8,14265.0,16
SLEEP_POD_NYLON,MICROCHIP_CIRCLE,0,10790.0,9,-95.0,9,12215.0,12,10695.0,18
SLEEP_POD_NYLON,MICROCHIP_OVAL,0,3020.0,7,-3665.0,6,-18570.0,5,-645.0,13
SLEEP_POD_NYLON,MICROCHIP_SQUARE,0,2670.0,7,16065.0,11,3595.0,9,18735.0,18
SLEEP_POD_NYLON,MICROCHIP_RECTANGLE,0,16185.0,11,1330.0,11,9405.0,12,17515.0,22
SLEEP_POD_NYLON,MICROCHIP_TRIANGLE,0,15310.0,8,12265.0,8,12210.0,14,27575.0,16
SLEEP_POD_NYLON,PEBBLES_XS,0,18105.0,12,-2830.0,7,11185.0,12,15275.0,19
SLEEP_POD_NYLON,PEBBLES_S,0,18140.0,10,6630.0,12,1725.0,9,24770.0,22
SLEEP_POD_NYLON,PEBBLES_M,0,15430.0,10,9935.0,11,-1035.0,9,25365.0,21
SLEEP_POD_NYLON,PEBBLES_L,0,7085.0,7,5415.0,10,-1160.0,11,12500.0,17
SLEEP_POD_NYLON,PEBBLES_XL,0,-6460.0,7,21420.0,11,17905.0,11,14960.0,18
SLEEP_POD_NYLON,ROBOT_VACUUMING,0,8420.0,7,2535.0,9,6430.0,10,10955.0,16
SLEEP_POD_NYLON,ROBOT_MOPPING,0,1960.0,8,1315.0,9,5680.0,12,3275.0,17
SLEEP_POD_NYLON,ROBOT_DISHES,0,11130.0,9,10590.0,13,19300.0,12,21720.0,22
SLEEP_POD_NYLON,ROBOT_LAUNDRY,0,9570.0,9,-3980.0,7,1915.0,9,5590.0,16
SLEEP_POD_NYLON,ROBOT_IRONING,0,14235.0,11,420.0,10,4610.0,9,14655.0,21
SLEEP_POD_NYLON,UV_VISOR_YELLOW,0,-4475.0,9,5170.0,8,-7925.0,9,695.0,17
SLEEP_POD_NYLON,UV_VISOR_AMBER,0,22765.0,13,-1515.0,9,-310.0,9,21250.0,22
SLEEP_POD_NYLON,UV_VISOR_ORANGE,0,10035.0,7,3400.0,8,10845.0,12,13435.0,15
SLEEP_POD_NYLON,UV_VISOR_RED,0,12135.0,8,11330.0,14,15960.0,10,23465.0,22
SLEEP_POD_NYLON,UV_VISOR_MAGENTA,0,2165.0,6,7020.0,9,-8950.0,7,9185.0,15
SLEEP_POD_NYLON,TRANSLATOR_SPACE_GRAY,0,19510.0,12,3885.0,9,-7330.0,6,23395.0,21
SLEEP_POD_NYLON,TRANSLATOR_ASTRO_BLACK,0,15765.0,10,-3055.0,7,9425.0,10,12710.0,17
SLEEP_POD_NYLON,TRANSLATOR_ECLIPSE_CHARCOAL,0,-240.0,6,-555.0,8,11505.0,13,-795.0,14
SLEEP_POD_NYLON,TRANSLATOR_GRAPHITE_MIST,0,10615.0,7,8070.0,10,1355.0,11,18685.0,17
SLEEP_POD_NYLON,TRANSLATOR_VOID_BLUE,0,5235.0,7,250.0,8,6710.0,9,5485.0,15
SLEEP_POD_NYLON,PANEL_1X2,0,12235.0,10,815.0,7,11600.0,11,13050.0,17
SLEEP_POD_NYLON,PANEL_2X2,0,8970.0,8,8275.0,15,4685.0,13,17245.0,23
SLEEP_POD_NYLON,PANEL_1X4,0,7445.0,6,-12010.0,6,9675.0,13,-4565.0,12
SLEEP_POD_NYLON,PANEL_2X4,0,960.0,8,19140.0,14,15045.0,12,20100.0,22
SLEEP_POD_NYLON,PANEL_4X4,0,10930.0,9,-430.0,7,-10660.0,6,10500.0,16
SLEEP_POD_NYLON,OXYGEN_SHAKE_MORNING_BREATH,0,6980.0,7,-19865.0,5,4290.0,11,-12885.0,12
SLEEP_POD_NYLON,OXYGEN_SHAKE_EVENING_BREATH,0,11740.0,8,-170.0,9,6955.0,11,11570.0,17
SLEEP_POD_NYLON,OXYGEN_SHAKE_MINT,0,15485.0,8,12505.0,12,-7220.0,6,27990.0,20
SLEEP_POD_NYLON,OXYGEN_SHAKE_CHOCOLATE,0,13940.0,11,3810.0,10,11320.0,10,17750.0,21
SLEEP_POD_NYLON,OXYGEN_SHAKE_GARLIC,0,4255.0,14,2955.0,9,2615.0,8,7210.0,23
SLEEP_POD_NYLON,SNACKPACK_CHOCOLATE,0,11185.0,11,11585.0,16,890.0,8,22770.0,27
SLEEP_POD_NYLON,SNACKPACK_VANILLA,0,3490.0,8,9125.0,10,6060.0,12,12615.0,18
SLEEP_POD_NYLON,SNACKPACK_PISTACHIO,0,7700.0,9,-1785.0,8,9965.0,17,5915.0,17
SLEEP_POD_NYLON,SNACKPACK_STRAWBERRY,0,8470.0,10,-2235.0,7,11420.0,14,6235.0,17
SLEEP_POD_NYLON,SNACKPACK_RASPBERRY,0,12435.0,7,5680.0,7,5995.0,12,18115.0,14
SLEEP_POD_COTTON,MICROCHIP_CIRCLE,0,8210.0,7,-6250.0,5,-16625.0,8,1960.0,12
SLEEP_POD_COTTON,MICROCHIP_OVAL,0,-1525.0,5,-6560.0,6,-5365.0,9,-8085.0,11
SLEEP_POD_COTTON,MICROCHIP_SQUARE,0,-1690.0,5,12950.0,12,11595.0,10,11260.0,17
SLEEP_POD_COTTON,MICROCHIP_RECTANGLE,0,-3855.0,6,3690.0,12,14090.0,9,-165.0,18
SLEEP_POD_COTTON,MICROCHIP_TRIANGLE,0,18515.0,10,8025.0,8,4775.0,10,26540.0,18
SLEEP_POD_COTTON,PEBBLES_XS,0,-3055.0,6,7800.0,9,3645.0,8,4745.0,15
SLEEP_POD_COTTON,PEBBLES_S,0,4325.0,7,16085.0,15,5150.0,9,20410.0,22
SLEEP_POD_COTTON,PEBBLES_M,0,11170.0,9,9840.0,14,-14125.0,6,21010.0,23
SLEEP_POD_COTTON,PEBBLES_L,0,-11565.0,4,3510.0,8,19980.0,14,-8055.0,12
SLEEP_POD_COTTON,PEBBLES_XL,0,7440.0,7,16540.0,12,2570.0,11,23980.0,19
SLEEP_POD_COTTON,ROBOT_VACUUMING,0,21550.0,12,1815.0,8,-7690.0,5,23365.0,20
SLEEP_POD_COTTON,ROBOT_MOPPING,0,10480.0,7,3330.0,6,-3255.0,7,13810.0,13
SLEEP_POD_COTTON,ROBOT_DISHES,0,6220.0,7,17215.0,14,16805.0,8,23435.0,21
SLEEP_POD_COTTON,ROBOT_LAUNDRY,0,14160.0,10,6045.0,12,-12675.0,5,20205.0,22
SLEEP_POD_COTTON,ROBOT_IRONING,0,-8695.0,5,1645.0,14,13205.0,7,-7050.0,19
SLEEP_POD_COTTON,UV_VISOR_YELLOW,0,14415.0,8,4270.0,7,-7060.0,5,18685.0,15
SLEEP_POD_COTTON,UV_VISOR_AMBER,0,-2925.0,5,4325.0,11,-1310.0,6,1400.0,16
SLEEP_POD_COTTON,UV_VISOR_ORANGE,0,1155.0,5,-615.0,12,23235.0,12,540.0,17
SLEEP_POD_COTTON,UV_VISOR_RED,0,1775.0,6,735.0,9,17660.0,13,2510.0,15
SLEEP_POD_COTTON,UV_VISOR_MAGENTA,0,9695.0,8,23140.0,16,-13165.0,5,32835.0,24
SLEEP_POD_COTTON,TRANSLATOR_SPACE_GRAY,0,-3810.0,6,25590.0,19,-11300.0,7,21780.0,25
SLEEP_POD_COTTON,TRANSLATOR_ASTRO_BLACK,0,6970.0,7,11325.0,13,2485.0,7,18295.0,20
SLEEP_POD_COTTON,TRANSLATOR_ECLIPSE_CHARCOAL,0,-2055.0,6,10.0,9,9755.0,10,-2045.0,15
SLEEP_POD_COTTON,TRANSLATOR_GRAPHITE_MIST,0,9105.0,8,6710.0,12,-3280.0,8,15815.0,20
SLEEP_POD_COTTON,TRANSLATOR_VOID_BLUE,0,8115.0,7,-2725.0,6,8465.0,10,5390.0,13
SLEEP_POD_COTTON,PANEL_1X2,0,-3165.0,4,10395.0,14,-9995.0,6,7230.0,18
SLEEP_POD_COTTON,PANEL_2X2,0,4870.0,7,8810.0,7,-3465.0,5,13680.0,14
SLEEP_POD_COTTON,PANEL_1X4,0,1245.0,6,-8815.0,9,-8575.0,7,-7570.0,15
SLEEP_POD_COTTON,PANEL_2X4,0,11105.0,8,8225.0,11,-10100.0,6,19330.0,19
SLEEP_POD_COTTON,PANEL_4X4,0,4620.0,6,10450.0,11,1245.0,11,15070.0,17
SLEEP_POD_COTTON,OXYGEN_SHAKE_MORNING_BREATH,0,9945.0,8,-19560.0,5,-5805.0,6,-9615.0,13
SLEEP_POD_COTTON,OXYGEN_SHAKE_EVENING_BREATH,0,-4400.0,6,-9795.0,7,350.0,6,-14195.0,13
SLEEP_POD_COTTON,OXYGEN_SHAKE_MINT,0,7495.0,9,10610.0,12,-28910.0,5,18105.0,21
SLEEP_POD_COTTON,OXYGEN_SHAKE_CHOCOLATE,0,3035.0,7,15390.0,12,-10750.0,8,18425.0,19
SLEEP_POD_COTTON,OXYGEN_SHAKE_GARLIC,0,-1610.0,7,19285.0,18,-6530.0,8,17675.0,25
SLEEP_POD_COTTON,SNACKPACK_CHOCOLATE,0,1705.0,5,5040.0,10,-11510.0,5,6745.0,15
SLEEP_POD_COTTON,SNACKPACK_VANILLA,0,8280.0,8,13510.0,14,3095.0,9,21790.0,22
SLEEP_POD_COTTON,SNACKPACK_PISTACHIO,0,-695.0,4,-4375.0,8,2985.0,8,-5070.0,12
SLEEP_POD_COTTON,SNACKPACK_STRAWBERRY,0,4715.0,5,-2780.0,9,-3560.0,5,1935.0,14
SLEEP_POD_COTTON,SNACKPACK_RASPBERRY,0,11160.0,10,10230.0,12,-7900.0,3,21390.0,22
MICROCHIP_CIRCLE,MICROCHIP_OVAL,1,20775.0,13,5690.0,10,-32280.0,2,26465.0,23
MICROCHIP_CIRCLE,MICROCHIP_SQUARE,1,2495.0,7,-17185.0,5,18540.0,12,-14690.0,12
MICROCHIP_CIRCLE,MICROCHIP_RECTANGLE,1,26585.0,15,11070.0,12,6660.0,13,37655.0,27
MICROCHIP_CIRCLE,MICROCHIP_TRIANGLE,1,15140.0,9,15270.0,9,-785.0,9,30410.0,18
MICROCHIP_CIRCLE,PEBBLES_XS,0,11440.0,12,8770.0,11,-17085.0,7,20210.0,23
MICROCHIP_CIRCLE,PEBBLES_S,0,9170.0,7,7945.0,9,-11220.0,7,17115.0,16
MICROCHIP_CIRCLE,PEBBLES_M,0,3570.0,7,-21630.0,5,20010.0,17,-18060.0,12
MICROCHIP_CIRCLE,PEBBLES_L,0,-8655.0,4,-6880.0,6,-11005.0,10,-15535.0,10
MICROCHIP_CIRCLE,PEBBLES_XL,0,7830.0,7,60270.0,18,45030.0,16,68100.0,25
MICROCHIP_CIRCLE,ROBOT_VACUUMING,0,1920.0,7,9895.0,12,915.0,9,11815.0,19
MICROCHIP_CIRCLE,ROBOT_MOPPING,0,11480.0,11,-15730.0,7,-595.0,9,-4250.0,18
MICROCHIP_CIRCLE,ROBOT_DISHES,0,6505.0,8,7610.0,9,8125.0,9,14115.0,17
MICROCHIP_CIRCLE,ROBOT_LAUNDRY,0,-7760.0,4,12395.0,11,-4060.0,8,4635.0,15
MICROCHIP_CIRCLE,ROBOT_IRONING,0,2355.0,7,4005.0,9,-10135.0,5,6360.0,16
MICROCHIP_CIRCLE,UV_VISOR_YELLOW,0,220.0,8,17195.0,10,-24635.0,6,17415.0,18
MICROCHIP_CIRCLE,UV_VISOR_AMBER,0,1675.0,7,5320.0,12,-6045.0,8,6995.0,19
MICROCHIP_CIRCLE,UV_VISOR_ORANGE,0,14165.0,10,17050.0,15,-6895.0,6,31215.0,25
MICROCHIP_CIRCLE,UV_VISOR_RED,0,1590.0,7,12200.0,11,15660.0,12,13790.0,18
MICROCHIP_CIRCLE,UV_VISOR_MAGENTA,0,3410.0,6,16045.0,11,-7450.0,8,19455.0,17
MICROCHIP_CIRCLE,TRANSLATOR_SPACE_GRAY,0,12270.0,12,440.0,9,-18075.0,5,12710.0,21
MICROCHIP_CIRCLE,TRANSLATOR_ASTRO_BLACK,0,4565.0,6,1445.0,5,-1395.0,8,6010.0,11
MICROCHIP_CIRCLE,TRANSLATOR_ECLIPSE_CHARCOAL,0,4020.0,7,16210.0,11,-11790.0,5,20230.0,18
MICROCHIP_CIRCLE,TRANSLATOR_GRAPHITE_MIST,0,11745.0,9,10720.0,11,-18355.0,5,22465.0,20
MICROCHIP_CIRCLE,TRANSLATOR_VOID_BLUE,0,10615.0,9,12135.0,12,3715.0,10,22750.0,21
MICROCHIP_CIRCLE,PANEL_1X2,0,12020.0,10,-9815.0,6,7305.0,10,2205.0,16
MICROCHIP_CIRCLE,PANEL_2X2,0,430.0,5,460.0,9,-4510.0,9,890.0,14
MICROCHIP_CIRCLE,PANEL_1X4,0,10705.0,7,-13090.0,5,4040.0,12,-2385.0,12
MICROCHIP_CIRCLE,PANEL_2X4,0,4030.0,8,11470.0,11,14140.0,12,15500.0,19
MICROCHIP_CIRCLE,PANEL_4X4,0,12455.0,10,-13150.0,5,-26745.0,4,-695.0,15
MICROCHIP_CIRCLE,OXYGEN_SHAKE_MORNING_BREATH,0,6500.0,5,3790.0,8,-550.0,11,10290.0,13
MICROCHIP_CIRCLE,OXYGEN_SHAKE_EVENING_BREATH,0,9695.0,13,-9915.0,8,-530.0,9,-220.0,21
MICROCHIP_CIRCLE,OXYGEN_SHAKE_MINT,0,16200.0,9,10715.0,13,-16365.0,6,26915.0,22
MICROCHIP_CIRCLE,OXYGEN_SHAKE_CHOCOLATE,0,9625.0,8,6810.0,12,15830.0,13,16435.0,20
MICROCHIP_CIRCLE,OXYGEN_SHAKE_GARLIC,0,-9410.0,5,10780.0,10,24700.0,15,1370.0,15
MICROCHIP_CIRCLE,SNACKPACK_CHOCOLATE,0,1650.0,7,10255.0,13,-2890.0,9,11905.0,20
MICROCHIP_CIRCLE,SNACKPACK_VANILLA,0,7195.0,9,8355.0,11,-2415.0,7,15550.0,20
MICROCHIP_CIRCLE,SNACKPACK_PISTACHIO,0,9655.0,9,3340.0,9,-7540.0,7,12995.0,18
MICROCHIP_CIRCLE,SNACKPACK_STRAWBERRY,0,2070.0,5,3240.0,11,4580.0,11,5310.0,16
MICROCHIP_CIRCLE,SNACKPACK_RASPBERRY,0,13770.0,9,9735.0,9,6170.0,14,23505.0,18
MICROCHIP_OVAL,MICROCHIP_SQUARE,1,10845.0,9,1955.0,8,17470.0,9,12800.0,17
MICROCHIP_OVAL,MICROCHIP_RECTANGLE,1,14425.0,10,23570.0,13,-9345.0,5,37995.0,23
MICROCHIP_OVAL,MICROCHIP_TRIANGLE,1,14900.0,9,22890.0,12,41815.0,22,37790.0,21
MICROCHIP_OVAL,PEBBLES_XS,0,13345.0,11,19750.0,10,31560.0,24,33095.0,21
MICROCHIP_OVAL,PEBBLES_S,0,-1225.0,5,15480.0,11,34010.0,16,14255.0,16
MICROCHIP_OVAL,PEBBLES_M,0,-2660.0,6,-8225.0,7,20600.0,14,-10885.0,13
MICROCHIP_OVAL,PEBBLES_L,0,-11895.0,4,12585.0,11,6095.0,10,690.0,15
MICROCHIP_OVAL,PEBBLES_XL,0,11425.0,7,12650.0,10,-19965.0,9,24075.0,17
MICROCHIP_OVAL,ROBOT_VACUUMING,0,1720.0,6,16970.0,11,5255.0,11,18690.0,17
MICROCHIP_OVAL,ROBOT_MOPPING,0,16195.0,10,-16005.0,7,8140.0,9,190.0,17
MICROCHIP_OVAL,ROBOT_DISHES,0,3990.0,6,16250.0,11,-5735.0,8,20240.0,17
MICROCHIP_OVAL,ROBOT_LAUNDRY,0,-4585.0,6,14270.0,12,6875.0,9,9685.0,18
MICROCHIP_OVAL,ROBOT_IRONING,0,-665.0,8,19530.0,11,-9175.0,6,18865.0,19
MICROCHIP_OVAL,UV_VISOR_YELLOW,0,5920.0,9,20835.0,12,9320.0,10,26755.0,21
MICROCHIP_OVAL,UV_VISOR_AMBER,0,-7340.0,4,2785.0,10,4545.0,8,-4555.0,14
MICROCHIP_OVAL,UV_VISOR_ORANGE,0,6140.0,7,-1710.0,7,-11850.0,4,4430.0,14
MICROCHIP_OVAL,UV_VISOR_RED,0,-1250.0,5,27810.0,13,-5395.0,8,26560.0,18
MICROCHIP_OVAL,UV_VISOR_MAGENTA,0,4010.0,6,1270.0,8,5310.0,12,5280.0,14
MICROCHIP_OVAL,TRANSLATOR_SPACE_GRAY,0,6230.0,7,-7590.0,6,20390.0,13,-1360.0,13
MICROCHIP_OVAL,TRANSLATOR_ASTRO_BLACK,0,9575.0,9,15525.0,10,6250.0,8,25100.0,19
MICROCHIP_OVAL,TRANSLATOR_ECLIPSE_CHARCOAL,0,6965.0,11,26330.0,14,8785.0,17,33295.0,25
MICROCHIP_OVAL,TRANSLATOR_GRAPHITE_MIST,0,16765.0,13,7330.0,8,15450.0,16,24095.0,21
MICROCHIP_OVAL,TRANSLATOR_VOID_BLUE,0,13555.0,9,2410.0,9,-9195.0,7,15965.0,18
MICROCHIP_OVAL,PANEL_1X2,0,23765.0,12,-1200.0,8,-8680.0,7,22565.0,20
MICROCHIP_OVAL,PANEL_2X2,0,-3670.0,6,-4685.0,8,4075.0,9,-8355.0,14
MICROCHIP_OVAL,PANEL_1X4,0,2245.0,4,18905.0,10,-3945.0,7,21150.0,14
MICROCHIP_OVAL,PANEL_2X4,0,21105.0,11,5115.0,11,-10295.0,7,26220.0,22
MICROCHIP_OVAL,PANEL_4X4,0,14525.0,8,5755.0,10,2995.0,13,20280.0,18
MICROCHIP_OVAL,OXYGEN_SHAKE_MORNING_BREATH,0,18560.0,10,2365.0,8,-7685.0,6,20925.0,18
MICROCHIP_OVAL,OXYGEN_SHAKE_EVENING_BREATH,0,-2520.0,6,2035.0,9,-2340.0,8,-485.0,15
MICROCHIP_OVAL,OXYGEN_SHAKE_MINT,0,10830.0,8,10660.0,10,-3380.0,9,21490.0,18
MICROCHIP_OVAL,OXYGEN_SHAKE_CHOCOLATE,0,12630.0,10,2355.0,8,-22220.0,5,14985.0,18
MICROCHIP_OVAL,OXYGEN_SHAKE_GARLIC,0,-16975.0,3,21195.0,14,-23635.0,4,4220.0,17
MICROCHIP_OVAL,SNACKPACK_CHOCOLATE,0,-4990.0,4,12220.0,12,10205.0,16,7230.0,16
MICROCHIP_OVAL,SNACKPACK_VANILLA,0,15120.0,11,10075.0,12,-4280.0,8,25195.0,23
MICROCHIP_OVAL,SNACKPACK_PISTACHIO,0,8685.0,8,15140.0,13,-1565.0,8,23825.0,21
MICROCHIP_OVAL,SNACKPACK_STRAWBERRY,0,9495.0,8,5145.0,10,-6550.0,8,14640.0,18
MICROCHIP_OVAL,SNACKPACK_RASPBERRY,0,9840.0,7,7160.0,10,3655.0,11,17000.0,17
MICROCHIP_SQUARE,MICROCHIP_RECTANGLE,1,7025.0,8,-24205.0,6,20140.0,9,-17180.0,14
MICROCHIP_SQUARE,MICROCHIP_TRIANGLE,1,13365.0,8,15020.0,11,10940.0,7,28385.0,19
MICROCHIP_SQUARE,PEBBLES_XS,0,-3910.0,7,-15275.0,6,24340.0,13,-19185.0,13
MICROCHIP_SQUARE,PEBBLES_S,0,-10655.0,6,16485.0,12,23625.0,11,5830.0,18
MICROCHIP_SQUARE,PEBBLES_M,0,8830.0,10,10300.0,10,22565.0,10,19130.0,20
MICROCHIP_SQUARE,PEBBLES_L,0,-12165.0,7,6780.0,9,16645.0,9,-5385.0,16
MICROCHIP_SQUARE,PEBBLES_XL,0,40170.0,12,-1345.0,9,19495.0,11,38825.0,21
MICROCHIP_SQUARE,ROBOT_VACUUMING,0,7130.0,9,-9945.0,7,21605.0,11,-2815.0,16
MICROCHIP_SQUARE,ROBOT_MOPPING,0,-3330.0,7,16550.0,9,19420.0,10,13220.0,16
MICROCHIP_SQUARE,ROBOT_DISHES,0,5205.0,7,20125.0,12,6095.0,9,25330.0,19
MICROCHIP_SQUARE,ROBOT_LAUNDRY,0,-3595.0,6,6705.0,9,14985.0,7,3110.0,15
MICROCHIP_SQUARE,ROBOT_IRONING,0,-2695.0,8,-9270.0,8,10850.0,9,-11965.0,16
MICROCHIP_SQUARE,UV_VISOR_YELLOW,0,9785.0,8,3560.0,8,9380.0,9,13345.0,16
MICROCHIP_SQUARE,UV_VISOR_AMBER,0,6520.0,13,-10630.0,7,11675.0,7,-4110.0,20
MICROCHIP_SQUARE,UV_VISOR_ORANGE,0,-7815.0,5,-2895.0,6,15550.0,11,-10710.0,11
MICROCHIP_SQUARE,UV_VISOR_RED,0,6750.0,8,-5550.0,9,-6200.0,6,1200.0,17
MICROCHIP_SQUARE,UV_VISOR_MAGENTA,0,-3035.0,7,-170.0,7,5975.0,9,-3205.0,14
MICROCHIP_SQUARE,TRANSLATOR_SPACE_GRAY,0,-4190.0,6,4325.0,9,26375.0,12,135.0,15
MICROCHIP_SQUARE,TRANSLATOR_ASTRO_BLACK,0,-5660.0,5,-17590.0,7,7180.0,7,-23250.0,12
MICROCHIP_SQUARE,TRANSLATOR_ECLIPSE_CHARCOAL,0,7315.0,10,-5175.0,8,4390.0,7,2140.0,18
MICROCHIP_SQUARE,TRANSLATOR_GRAPHITE_MIST,0,-2320.0,7,12635.0,11,-5365.0,6,10315.0,18
MICROCHIP_SQUARE,TRANSLATOR_VOID_BLUE,0,5205.0,7,5585.0,9,21305.0,10,10790.0,16
MICROCHIP_SQUARE,PANEL_1X2,0,-2675.0,7,1465.0,9,8135.0,10,-1210.0,16
MICROCHIP_SQUARE,PANEL_2X2,0,14740.0,10,-7360.0,7,19310.0,13,7380.0,17
MICROCHIP_SQUARE,PANEL_1X4,0,11145.0,9,-22135.0,6,12170.0,9,-10990.0,15
MICROCHIP_SQUARE,PANEL_2X4,0,7880.0,7,-5425.0,6,22905.0,15,2455.0,13
MICROCHIP_SQUARE,PANEL_4X4,0,5435.0,8,2940.0,10,9970.0,11,8375.0,18
MICROCHIP_SQUARE,OXYGEN_SHAKE_MORNING_BREATH,0,5490.0,9,-18735.0,7,25900.0,14,-13245.0,16
MICROCHIP_SQUARE,OXYGEN_SHAKE_EVENING_BREATH,0,-3595.0,7,14800.0,10,8355.0,9,11205.0,17
MICROCHIP_SQUARE,OXYGEN_SHAKE_MINT,0,-105.0,7,2435.0,8,1785.0,7,2330.0,15
MICROCHIP_SQUARE,OXYGEN_SHAKE_CHOCOLATE,0,16695.0,11,-10955.0,7,3870.0,7,5740.0,18
MICROCHIP_SQUARE,OXYGEN_SHAKE_GARLIC,0,6310.0,7,11445.0,12,11110.0,9,17755.0,19
MICROCHIP_SQUARE,SNACKPACK_CHOCOLATE,0,6915.0,11,-3285.0,7,9280.0,9,3630.0,18
MICROCHIP_SQUARE,SNACKPACK_VANILLA,0,-355.0,6,1050.0,9,20420.0,10,695.0,15
MICROCHIP_SQUARE,SNACKPACK_PISTACHIO,0,3955.0,8,-4475.0,7,17740.0,10,-520.0,15
MICROCHIP_SQUARE,SNACKPACK_STRAWBERRY,0,11835.0,10,4075.0,8,17295.0,10,15910.0,18
MICROCHIP_SQUARE,SNACKPACK_RASPBERRY,0,3825.0,7,9425.0,10,19895.0,11,13250.0,17
MICROCHIP_RECTANGLE,MICROCHIP_TRIANGLE,1,380.0,7,21945.0,10,15310.0,11,22325.0,17
MICROCHIP_RECTANGLE,PEBBLES_XS,0,35125.0,19,28235.0,13,2145.0,10,63360.0,32
MICROCHIP_RECTANGLE,PEBBLES_S,0,-350.0,6,3370.0,10,18275.0,13,3020.0,16
MICROCHIP_RECTANGLE,PEBBLES_M,0,5060.0,9,180.0,11,13175.0,14,5240.0,20
MICROCHIP_RECTANGLE,PEBBLES_L,0,-4055.0,5,5055.0,9,7735.0,12,1000.0,14
MICROCHIP_RECTANGLE,PEBBLES_XL,0,590.0,6,28290.0,14,22880.0,13,28880.0,20
MICROCHIP_RECTANGLE,ROBOT_VACUUMING,0,-9270.0,4,18415.0,13,9700.0,9,9145.0,17
MICROCHIP_RECTANGLE,ROBOT_MOPPING,0,1930.0,7,-14960.0,7,27240.0,16,-13030.0,14
MICROCHIP_RECTANGLE,ROBOT_DISHES,0,12635.0,11,23310.0,20,19370.0,12,35945.0,31
MICROCHIP_RECTANGLE,ROBOT_LAUNDRY,0,6065.0,12,11285.0,13,4660.0,13,17350.0,25
MICROCHIP_RECTANGLE,ROBOT_IRONING,0,14835.0,11,12655.0,13,-6410.0,4,27490.0,24
MICROCHIP_RECTANGLE,UV_VISOR_YELLOW,0,-2745.0,8,23715.0,14,-735.0,10,20970.0,22
MICROCHIP_RECTANGLE,UV_VISOR_AMBER,0,20575.0,13,9160.0,14,495.0,9,29735.0,27
MICROCHIP_RECTANGLE,UV_VISOR_ORANGE,0,19595.0,11,-6605.0,8,9810.0,7,12990.0,19
MICROCHIP_RECTANGLE,UV_VISOR_RED,0,14205.0,10,-1100.0,7,4010.0,9,13105.0,17
MICROCHIP_RECTANGLE,UV_VISOR_MAGENTA,0,2415.0,7,7100.0,10,10205.0,13,9515.0,17
MICROCHIP_RECTANGLE,TRANSLATOR_SPACE_GRAY,0,33595.0,21,10195.0,14,12225.0,14,43790.0,35
MICROCHIP_RECTANGLE,TRANSLATOR_ASTRO_BLACK,0,11385.0,10,14925.0,11,13990.0,12,26310.0,21
MICROCHIP_RECTANGLE,TRANSLATOR_ECLIPSE_CHARCOAL,0,8580.0,10,17365.0,11,7705.0,9,25945.0,21
MICROCHIP_RECTANGLE,TRANSLATOR_GRAPHITE_MIST,0,14745.0,10,-3255.0,6,-2855.0,9,11490.0,16
MICROCHIP_RECTANGLE,TRANSLATOR_VOID_BLUE,0,12880.0,11,495.0,7,34075.0,20,13375.0,18
MICROCHIP_RECTANGLE,PANEL_1X2,0,15975.0,9,-7280.0,7,15225.0,14,8695.0,16
MICROCHIP_RECTANGLE,PANEL_2X2,0,14515.0,11,-12920.0,9,-3610.0,8,1595.0,20
MICROCHIP_RECTANGLE,PANEL_1X4,0,13995.0,9,9095.0,10,530.0,11,23090.0,19
MICROCHIP_RECTANGLE,PANEL_2X4,0,1250.0,7,-955.0,9,22515.0,17,295.0,16
MICROCHIP_RECTANGLE,PANEL_4X4,0,33990.0,16,3165.0,9,-14190.0,6,37155.0,25
MICROCHIP_RECTANGLE,OXYGEN_SHAKE_MORNING_BREATH,0,20455.0,9,9110.0,8,11860.0,13,29565.0,17
MICROCHIP_RECTANGLE,OXYGEN_SHAKE_EVENING_BREATH,0,20660.0,14,530.0,11,9875.0,10,21190.0,25
MICROCHIP_RECTANGLE,OXYGEN_SHAKE_MINT,0,19830.0,13,9815.0,11,-16890.0,7,29645.0,24
MICROCHIP_RECTANGLE,OXYGEN_SHAKE_CHOCOLATE,0,17470.0,12,10435.0,12,10225.0,13,27905.0,24
MICROCHIP_RECTANGLE,OXYGEN_SHAKE_GARLIC,0,-2825.0,10,18410.0,15,25830.0,14,15585.0,25
MICROCHIP_RECTANGLE,SNACKPACK_CHOCOLATE,0,10955.0,12,12265.0,14,-7065.0,7,23220.0,26
MICROCHIP_RECTANGLE,SNACKPACK_VANILLA,0,11880.0,10,1645.0,9,19060.0,16,13525.0,19
MICROCHIP_RECTANGLE,SNACKPACK_PISTACHIO,0,13355.0,12,8660.0,12,195.0,7,22015.0,24
MICROCHIP_RECTANGLE,SNACKPACK_STRAWBERRY,0,10755.0,11,1580.0,8,16875.0,14,12335.0,19
MICROCHIP_RECTANGLE,SNACKPACK_RASPBERRY,0,20760.0,12,6510.0,13,1905.0,9,27270.0,25
MICROCHIP_TRIANGLE,PEBBLES_XS,0,12125.0,9,6135.0,7,27065.0,14,18260.0,16
MICROCHIP_TRIANGLE,PEBBLES_S,0,6275.0,6,18190.0,9,30215.0,12,24465.0,15
MICROCHIP_TRIANGLE,PEBBLES_M,0,31825.0,12,14015.0,11,28370.0,15,45840.0,23
MICROCHIP_TRIANGLE,PEBBLES_L,0,8195.0,8,35615.0,13,23415.0,15,43810.0,21
MICROCHIP_TRIANGLE,PEBBLES_XL,0,205.0,7,22820.0,10,-17740.0,8,23025.0,17
MICROCHIP_TRIANGLE,ROBOT_VACUUMING,0,12895.0,8,9690.0,9,37370.0,20,22585.0,17
MICROCHIP_TRIANGLE,ROBOT_MOPPING,0,16175.0,9,11455.0,9,20285.0,10,27630.0,18
MICROCHIP_TRIANGLE,ROBOT_DISHES,0,18245.0,12,14340.0,9,30855.0,17,32585.0,21
MICROCHIP_TRIANGLE,ROBOT_LAUNDRY,0,27000.0,12,33015.0,14,30405.0,16,60015.0,26
MICROCHIP_TRIANGLE,ROBOT_IRONING,0,-3925.0,7,3010.0,8,12530.0,11,-915.0,15
MICROCHIP_TRIANGLE,UV_VISOR_YELLOW,0,10710.0,10,32965.0,13,18495.0,12,43675.0,23
MICROCHIP_TRIANGLE,UV_VISOR_AMBER,0,2795.0,6,10860.0,9,16250.0,11,13655.0,15
MICROCHIP_TRIANGLE,UV_VISOR_ORANGE,0,21620.0,12,6665.0,9,6000.0,7,28285.0,21
MICROCHIP_TRIANGLE,UV_VISOR_RED,0,16915.0,10,4585.0,9,10395.0,11,21500.0,19
MICROCHIP_TRIANGLE,UV_VISOR_MAGENTA,0,6565.0,7,21250.0,11,17845.0,12,27815.0,18
MICROCHIP_TRIANGLE,TRANSLATOR_SPACE_GRAY,0,14400.0,10,8635.0,9,26835.0,13,23035.0,19
MICROCHIP_TRIANGLE,TRANSLATOR_ASTRO_BLACK,0,20315.0,11,16820.0,10,21005.0,15,37135.0,21
MICROCHIP_TRIANGLE,TRANSLATOR_ECLIPSE_CHARCOAL,0,7645.0,11,17975.0,11,26170.0,17,25620.0,22
MICROCHIP_TRIANGLE,TRANSLATOR_GRAPHITE_MIST,0,33460.0,18,22840.0,11,21065.0,14,56300.0,29
MICROCHIP_TRIANGLE,TRANSLATOR_VOID_BLUE,0,15275.0,10,24345.0,12,20060.0,16,39620.0,22
MICROCHIP_TRIANGLE,PANEL_1X2,0,13490.0,8,11895.0,10,7235.0,10,25385.0,18
MICROCHIP_TRIANGLE,PANEL_2X2,0,12920.0,7,13045.0,10,24695.0,16,25965.0,17
MICROCHIP_TRIANGLE,PANEL_1X4,0,11105.0,8,-9690.0,6,18330.0,12,1415.0,14
MICROCHIP_TRIANGLE,PANEL_2X4,0,19590.0,13,19575.0,10,17625.0,12,39165.0,23
MICROCHIP_TRIANGLE,PANEL_4X4,0,19180.0,9,14850.0,9,10550.0,12,34030.0,18
MICROCHIP_TRIANGLE,OXYGEN_SHAKE_MORNING_BREATH,0,19225.0,9,5155.0,9,8840.0,9,24380.0,18
MICROCHIP_TRIANGLE,OXYGEN_SHAKE_EVENING_BREATH,0,23720.0,11,19635.0,11,15560.0,12,43355.0,22
MICROCHIP_TRIANGLE,OXYGEN_SHAKE_MINT,0,23985.0,13,21515.0,12,1205.0,8,45500.0,25
MICROCHIP_TRIANGLE,OXYGEN_SHAKE_CHOCOLATE,0,10235.0,9,26415.0,11,-8650.0,5,36650.0,20
MICROCHIP_TRIANGLE,OXYGEN_SHAKE_GARLIC,0,5980.0,7,27155.0,13,700.0,9,33135.0,20
MICROCHIP_TRIANGLE,SNACKPACK_CHOCOLATE,0,6550.0,7,13600.0,8,23245.0,16,20150.0,15
MICROCHIP_TRIANGLE,SNACKPACK_VANILLA,0,20670.0,13,22430.0,12,14760.0,15,43100.0,25
MICROCHIP_TRIANGLE,SNACKPACK_PISTACHIO,0,15440.0,9,27355.0,13,21160.0,16,42795.0,22
MICROCHIP_TRIANGLE,SNACKPACK_STRAWBERRY,0,24225.0,11,27655.0,12,15530.0,13,51880.0,23
MICROCHIP_TRIANGLE,SNACKPACK_RASPBERRY,0,15775.0,10,16810.0,10,18550.0,12,32585.0,20
PEBBLES_XS,PEBBLES_S,1,16635.0,8,-2360.0,7,27055.0,16,14275.0,15
PEBBLES_XS,PEBBLES_M,1,17140.0,10,-22495.0,4,21420.0,13,-5355.0,14
PEBBLES_XS,PEBBLES_L,1,1745.0,6,-1345.0,8,22240.0,12,400.0,14
PEBBLES_XS,PEBBLES_XL,1,9770.0,8,44365.0,16,-10460.0,8,54135.0,24
PEBBLES_XS,ROBOT_VACUUMING,0,-1530.0,5,17075.0,9,23565.0,13,15545.0,14
PEBBLES_XS,ROBOT_MOPPING,0,14380.0,11,-18230.0,8,1590.0,10,-3850.0,19
PEBBLES_XS,ROBOT_DISHES,0,2475.0,8,22225.0,15,14235.0,13,24700.0,23
PEBBLES_XS,ROBOT_LAUNDRY,0,-600.0,7,11525.0,13,5770.0,12,10925.0,20
PEBBLES_XS,ROBOT_IRONING,0,14630.0,12,9040.0,8,18185.0,13,23670.0,20
PEBBLES_XS,UV_VISOR_YELLOW,0,-15995.0,6,21680.0,15,6290.0,9,5685.0,21
PEBBLES_XS,UV_VISOR_AMBER,0,13580.0,11,8975.0,10,15655.0,13,22555.0,21
PEBBLES_XS,UV_VISOR_ORANGE,0,11150.0,8,3745.0,9,-3045.0,6,14895.0,17
PEBBLES_XS,UV_VISOR_RED,0,8575.0,8,13655.0,10,6135.0,9,22230.0,18
PEBBLES_XS,UV_VISOR_MAGENTA,0,2770.0,8,4130.0,7,27715.0,20,6900.0,15
PEBBLES_XS,TRANSLATOR_SPACE_GRAY,0,15910.0,14,-2655.0,7,17820.0,15,13255.0,21
PEBBLES_XS,TRANSLATOR_ASTRO_BLACK,0,8830.0,10,43315.0,18,3730.0,9,52145.0,28
PEBBLES_XS,TRANSLATOR_ECLIPSE_CHARCOAL,0,1590.0,9,15285.0,10,21790.0,17,16875.0,19
PEBBLES_XS,TRANSLATOR_GRAPHITE_MIST,0,12540.0,9,7645.0,10,9635.0,8,20185.0,19
PEBBLES_XS,TRANSLATOR_VOID_BLUE,0,12305.0,12,16925.0,12,1725.0,10,29230.0,24
PEBBLES_XS,PANEL_1X2,0,12795.0,8,-8315.0,6,-4370.0,9,4480.0,14
PEBBLES_XS,PANEL_2X2,0,3540.0,6,3475.0,8,7165.0,11,7015.0,14
PEBBLES_XS,PANEL_1X4,0,-680.0,8,11255.0,8,3290.0,9,10575.0,16
PEBBLES_XS,PANEL_2X4,0,-9990.0,6,-4505.0,8,-11435.0,8,-14495.0,14
PEBBLES_XS,PANEL_4X4,0,19730.0,12,2825.0,9,18745.0,14,22555.0,21
PEBBLES_XS,OXYGEN_SHAKE_MORNING_BREATH,0,17185.0,10,23210.0,14,9130.0,12,40395.0,24
PEBBLES_XS,OXYGEN_SHAKE_EVENING_BREATH,0,24380.0,14,2750.0,10,-1485.0,7,27130.0,24
PEBBLES_XS,OXYGEN_SHAKE_MINT,0,23715.0,13,8825.0,12,-14330.0,6,32540.0,25
PEBBLES_XS,OXYGEN_SHAKE_CHOCOLATE,0,18975.0,13,8820.0,10,-18765.0,5,27795.0,23
PEBBLES_XS,OXYGEN_SHAKE_GARLIC,0,-15785.0,6,6795.0,8,-4520.0,8,-8990.0,14
PEBBLES_XS,SNACKPACK_CHOCOLATE,0,8005.0,11,7935.0,9,9785.0,11,15940.0,20
PEBBLES_XS,SNACKPACK_VANILLA,0,-775.0,7,6720.0,10,4600.0,12,5945.0,17
PEBBLES_XS,SNACKPACK_PISTACHIO,0,14830.0,12,7235.0,9,5030.0,10,22065.0,21
PEBBLES_XS,SNACKPACK_STRAWBERRY,0,335.0,8,10500.0,11,-2235.0,7,10835.0,19
PEBBLES_XS,SNACKPACK_RASPBERRY,0,12300.0,11,10500.0,9,7310.0,11,22800.0,20
PEBBLES_S,PEBBLES_M,1,5230.0,8,-11655.0,7,6790.0,10,-6425.0,15
PEBBLES_S,PEBBLES_L,1,-2425.0,5,25385.0,16,31990.0,13,22960.0,21
PEBBLES_S,PEBBLES_XL,1,-3150.0,6,12355.0,10,23695.0,12,9205.0,16
PEBBLES_S,ROBOT_VACUUMING,0,5125.0,6,12615.0,13,18025.0,13,17740.0,19
PEBBLES_S,ROBOT_MOPPING,0,835.0,6,1320.0,9,13505.0,9,2155.0,15
PEBBLES_S,ROBOT_DISHES,0,-8540.0,4,7245.0,10,450.0,8,-1295.0,14
PEBBLES_S,ROBOT_LAUNDRY,0,10530.0,8,26160.0,14,21650.0,13,36690.0,22
PEBBLES_S,ROBOT_IRONING,0,14950.0,10,-1180.0,8,15705.0,12,13770.0,18
PEBBLES_S,UV_VISOR_YELLOW,0,-6175.0,5,31450.0,17,7735.0,9,25275.0,22
PEBBLES_S,UV_VISOR_AMBER,0,17135.0,10,1800.0,10,14765.0,9,18935.0,20
PEBBLES_S,UV_VISOR_ORANGE,0,4945.0,6,7360.0,12,1595.0,9,12305.0,18
PEBBLES_S,UV_VISOR_RED,0,6555.0,7,15115.0,18,-1170.0,7,21670.0,25
PEBBLES_S,UV_VISOR_MAGENTA,0,6705.0,7,11365.0,11,5910.0,12,18070.0,18
PEBBLES_S,TRANSLATOR_SPACE_GRAY,0,4495.0,8,11250.0,12,21065.0,14,15745.0,20
PEBBLES_S,TRANSLATOR_ASTRO_BLACK,0,3760.0,5,9945.0,16,2800.0,6,13705.0,21
PEBBLES_S,TRANSLATOR_ECLIPSE_CHARCOAL,0,1540.0,7,22265.0,15,12770.0,11,23805.0,22
PEBBLES_S,TRANSLATOR_GRAPHITE_MIST,0,10660.0,6,15055.0,14,6760.0,8,25715.0,20
PEBBLES_S,TRANSLATOR_VOID_BLUE,0,1985.0,4,23535.0,15,18010.0,13,25520.0,19
PEBBLES_S,PANEL_1X2,0,-1515.0,5,4870.0,11,1535.0,9,3355.0,16
PEBBLES_S,PANEL_2X2,0,5125.0,6,17585.0,18,26755.0,18,22710.0,24
PEBBLES_S,PANEL_1X4,0,605.0,7,-9280.0,7,12720.0,12,-8675.0,14
PEBBLES_S,PANEL_2X4,0,-11315.0,4,9540.0,11,6410.0,11,-1775.0,15
PEBBLES_S,PANEL_4X4,0,1885.0,6,3665.0,12,5290.0,10,5550.0,18
PEBBLES_S,OXYGEN_SHAKE_MORNING_BREATH,0,13375.0,9,-3280.0,10,10485.0,11,10095.0,19
PEBBLES_S,OXYGEN_SHAKE_EVENING_BREATH,0,7735.0,7,16765.0,15,25140.0,15,24500.0,22
PEBBLES_S,OXYGEN_SHAKE_MINT,0,6395.0,8,34895.0,19,8290.0,12,41290.0,27
PEBBLES_S,OXYGEN_SHAKE_CHOCOLATE,0,19305.0,10,11345.0,14,-8635.0,7,30650.0,24
PEBBLES_S,OXYGEN_SHAKE_GARLIC,0,-10635.0,7,25230.0,17,-6105.0,8,14595.0,24
PEBBLES_S,SNACKPACK_CHOCOLATE,0,4020.0,8,10165.0,14,5280.0,8,14185.0,22
PEBBLES_S,SNACKPACK_VANILLA,0,6325.0,7,23630.0,17,20175.0,17,29955.0,24
PEBBLES_S,SNACKPACK_PISTACHIO,0,14675.0,9,18600.0,17,13795.0,10,33275.0,26
PEBBLES_S,SNACKPACK_STRAWBERRY,0,2435.0,8,17975.0,15,11135.0,9,20410.0,23
PEBBLES_S,SNACKPACK_RASPBERRY,0,8205.0,8,5690.0,11,11215.0,11,13895.0,19
PEBBLES_M,PEBBLES_L,1,6295.0,6,365.0,9,1065.0,9,6660.0,15
PEBBLES_M,PEBBLES_XL,1,16110.0,9,18445.0,11,32640.0,16,34555.0,20
PEBBLES_M,ROBOT_VACUUMING,0,29940.0,14,5485.0,13,26635.0,19,35425.0,27
PEBBLES_M,ROBOT_MOPPING,0,595.0,7,6455.0,12,15260.0,13,7050.0,19
PEBBLES_M,ROBOT_DISHES,0,6335.0,8,6480.0,10,8080.0,9,12815.0,18
PEBBLES_M,ROBOT_LAUNDRY,0,29095.0,14,-12470.0,7,14045.0,13,16625.0,21
PEBBLES_M,ROBOT_IRONING,0,-1665.0,8,-7435.0,4,7845.0,11,-9100.0,12
PEBBLES_M,UV_VISOR_YELLOW,0,17525.0,12,4990.0,11,6535.0,11,22515.0,23
PEBBLES_M,UV_VISOR_AMBER,0,9360.0,11,-10465.0,7,7150.0,10,-1105.0,18
PEBBLES_M,UV_VISOR_ORANGE,0,8730.0,8,-7475.0,8,-230.0,11,1255.0,16
PEBBLES_M,UV_VISOR_RED,0,20195.0,13,12880.0,12,9895.0,10,33075.0,25
PEBBLES_M,UV_VISOR_MAGENTA,0,-2055.0,7,235.0,11,7635.0,13,-1820.0,18
PEBBLES_M,TRANSLATOR_SPACE_GRAY,0,3695.0,8,21275.0,20,10475.0,10,24970.0,28
PEBBLES_M,TRANSLATOR_ASTRO_BLACK,0,20340.0,11,-4545.0,8,15365.0,13,15795.0,19
PEBBLES_M,TRANSLATOR_ECLIPSE_CHARCOAL,0,2405.0,11,-6800.0,9,11070.0,12,-4395.0,20
PEBBLES_M,TRANSLATOR_GRAPHITE_MIST,0,14055.0,10,3565.0,10,5395.0,9,17620.0,20
PEBBLES_M,TRANSLATOR_VOID_BLUE,0,11650.0,10,-7975.0,8,12555.0,14,3675.0,18
PEBBLES_M,PANEL_1X2,0,10010.0,10,4160.0,10,18295.0,18,14170.0,20
PEBBLES_M,PANEL_2X2,0,13445.0,11,-10925.0,8,17455.0,13,2520.0,19
PEBBLES_M,PANEL_1X4,0,10295.0,10,-14800.0,8,9010.0,11,-4505.0,18
PEBBLES_M,PANEL_2X4,0,9490.0,11,-9000.0,7,10240.0,11,490.0,18
PEBBLES_M,PANEL_4X4,0,3400.0,7,23965.0,23,3840.0,11,27365.0,30
PEBBLES_M,OXYGEN_SHAKE_MORNING_BREATH,0,-440.0,6,-29010.0,5,16850.0,14,-29450.0,11
PEBBLES_M,OXYGEN_SHAKE_EVENING_BREATH,0,3855.0,8,610.0,9,3055.0,12,4465.0,17
PEBBLES_M,OXYGEN_SHAKE_MINT,0,8885.0,9,3235.0,10,-5890.0,8,12120.0,19
PEBBLES_M,OXYGEN_SHAKE_CHOCOLATE,0,6940.0,9,-65.0,10,11750.0,14,6875.0,19
PEBBLES_M,OXYGEN_SHAKE_GARLIC,0,12650.0,11,1950.0,14,14935.0,15,14600.0,25
PEBBLES_M,SNACKPACK_CHOCOLATE,0,17975.0,12,-6700.0,7,27220.0,22,11275.0,19
PEBBLES_M,SNACKPACK_VANILLA,0,8910.0,9,2410.0,11,8460.0,11,11320.0,20
PEBBLES_M,SNACKPACK_PISTACHIO,0,8055.0,9,-8190.0,7,15275.0,15,-135.0,16
PEBBLES_M,SNACKPACK_STRAWBERRY,0,9350.0,9,905.0,10,11250.0,12,10255.0,19
PEBBLES_M,SNACKPACK_RASPBERRY,0,12560.0,9,1675.0,11,20285.0,15,14235.0,20
PEBBLES_L,PEBBLES_XL,1,980.0,7,16650.0,10,12970.0,14,17630.0,17
PEBBLES_L,ROBOT_VACUUMING,0,825.0,7,2635.0,8,130.0,8,3460.0,15
PEBBLES_L,ROBOT_MOPPING,0,-3105.0,6,4070.0,10,8240.0,10,965.0,16
PEBBLES_L,ROBOT_DISHES,0,1185.0,5,10825.0,14,-1705.0,11,12010.0,19
PEBBLES_L,ROBOT_LAUNDRY,0,8590.0,8,10470.0,7,-1335.0,12,19060.0,15
PEBBLES_L,ROBOT_IRONING,0,-15910.0,3,-4250.0,5,13110.0,12,-20160.0,8
PEBBLES_L,UV_VISOR_YELLOW,0,-17730.0,3,28370.0,13,-515.0,8,10640.0,16
PEBBLES_L,UV_VISOR_AMBER,0,15055.0,9,635.0,9,-7190.0,9,15690.0,18
PEBBLES_L,UV_VISOR_ORANGE,0,14935.0,11,-4130.0,9,23135.0,14,10805.0,20
PEBBLES_L,UV_VISOR_RED,0,6230.0,9,8495.0,10,-2160.0,8,14725.0,19
PEBBLES_L,UV_VISOR_MAGENTA,0,-11355.0,8,1245.0,8,-2795.0,9,-10110.0,16
PEBBLES_L,TRANSLATOR_SPACE_GRAY,0,5000.0,7,-50.0,9,10390.0,15,4950.0,16
PEBBLES_L,TRANSLATOR_ASTRO_BLACK,0,-4720.0,7,11150.0,10,15045.0,13,6430.0,17
PEBBLES_L,TRANSLATOR_ECLIPSE_CHARCOAL,0,-10955.0,5,15390.0,12,19140.0,13,4435.0,17
PEBBLES_L,TRANSLATOR_GRAPHITE_MIST,0,5045.0,7,7150.0,9,3740.0,10,12195.0,16
PEBBLES_L,TRANSLATOR_VOID_BLUE,0,-2975.0,7,12950.0,13,9310.0,15,9975.0,20
PEBBLES_L,PANEL_1X2,0,-6720.0,4,5295.0,9,-6040.0,9,-1425.0,13
PEBBLES_L,PANEL_2X2,0,3235.0,6,5380.0,7,-18960.0,5,8615.0,13
PEBBLES_L,PANEL_1X4,0,-8415.0,5,-2555.0,11,6505.0,12,-10970.0,16
PEBBLES_L,PANEL_2X4,0,-3765.0,8,3980.0,11,-8550.0,10,215.0,19
PEBBLES_L,PANEL_4X4,0,-7880.0,5,7400.0,9,3685.0,10,-480.0,14
PEBBLES_L,OXYGEN_SHAKE_MORNING_BREATH,0,-18820.0,4,-13675.0,6,11070.0,17,-32495.0,10
PEBBLES_L,OXYGEN_SHAKE_EVENING_BREATH,0,430.0,5,4710.0,9,4495.0,10,5140.0,14
PEBBLES_L,OXYGEN_SHAKE_MINT,0,-6210.0,6,12510.0,12,-17400.0,6,6300.0,18
PEBBLES_L,OXYGEN_SHAKE_CHOCOLATE,0,-5140.0,6,5420.0,8,-5155.0,11,280.0,14
PEBBLES_L,OXYGEN_SHAKE_GARLIC,0,-8405.0,7,26205.0,12,-7995.0,10,17800.0,19
PEBBLES_L,SNACKPACK_CHOCOLATE,0,6085.0,7,1995.0,8,4860.0,14,8080.0,15
PEBBLES_L,SNACKPACK_VANILLA,0,-9770.0,4,17770.0,14,-6680.0,8,8000.0,18
PEBBLES_L,SNACKPACK_PISTACHIO,0,-8830.0,3,7405.0,12,10110.0,15,-1425.0,15
PEBBLES_L,SNACKPACK_STRAWBERRY,0,-7225.0,4,13870.0,13,5990.0,14,6645.0,17
PEBBLES_L,SNACKPACK_RASPBERRY,0,2910.0,7,6705.0,10,-6655.0,8,9615.0,17
PEBBLES_XL,ROBOT_VACUUMING,0,-2815.0,7,12950.0,11,15825.0,14,10135.0,18
PEBBLES_XL,ROBOT_MOPPING,0,11345.0,9,-2330.0,8,9855.0,12,9015.0,17
PEBBLES_XL,ROBOT_DISHES,0,11620.0,8,21425.0,12,870.0,6,33045.0,20
PEBBLES_XL,ROBOT_LAUNDRY,0,-8840.0,6,13935.0,11,-8710.0,11,5095.0,17
PEBBLES_XL,ROBOT_IRONING,0,-2320.0,6,46700.0,18,12080.0,15,44380.0,24
PEBBLES_XL,UV_VISOR_YELLOW,0,21265.0,10,19635.0,10,-39250.0,5,40900.0,20
PEBBLES_XL,UV_VISOR_AMBER,0,-18030.0,5,14770.0,10,-8430.0,8,-3260.0,15
PEBBLES_XL,UV_VISOR_ORANGE,0,2690.0,8,37800.0,13,19955.0,17,40490.0,21
PEBBLES_XL,UV_VISOR_RED,0,3745.0,9,9195.0,7,19415.0,13,12940.0,16
PEBBLES_XL,UV_VISOR_MAGENTA,0,-1995.0,6,9645.0,9,21995.0,13,7650.0,15
PEBBLES_XL,TRANSLATOR_SPACE_GRAY,0,-1905.0,6,17420.0,11,-25265.0,7,15515.0,17
PEBBLES_XL,TRANSLATOR_ASTRO_BLACK,0,5700.0,8,22240.0,12,2585.0,11,27940.0,20
PEBBLES_XL,TRANSLATOR_ECLIPSE_CHARCOAL,0,2810.0,6,30730.0,14,12425.0,14,33540.0,20
PEBBLES_XL,TRANSLATOR_GRAPHITE_MIST,0,-6235.0,7,29905.0,13,-13620.0,9,23670.0,20
PEBBLES_XL,TRANSLATOR_VOID_BLUE,0,16590.0,10,22945.0,10,1655.0,10,39535.0,20
PEBBLES_XL,PANEL_1X2,0,445.0,8,-20750.0,4,17225.0,11,-20305.0,12
PEBBLES_XL,PANEL_2X2,0,8950.0,8,30480.0,12,-1390.0,8,39430.0,20
PEBBLES_XL,PANEL_1X4,0,9360.0,7,-14480.0,6,8955.0,11,-5120.0,13
PEBBLES_XL,PANEL_2X4,0,13895.0,8,51305.0,16,33255.0,14,65200.0,24
PEBBLES_XL,PANEL_4X4,0,9195.0,8,3990.0,11,-2730.0,12,13185.0,19
PEBBLES_XL,OXYGEN_SHAKE_MORNING_BREATH,0,1875.0,6,56630.0,18,26035.0,14,58505.0,24
PEBBLES_XL,OXYGEN_SHAKE_EVENING_BREATH,0,-10160.0,6,-800.0,7,-2890.0,10,-10960.0,13
PEBBLES_XL,OXYGEN_SHAKE_MINT,0,7700.0,7,14410.0,12,12105.0,12,22110.0,19
PEBBLES_XL,OXYGEN_SHAKE_CHOCOLATE,0,26725.0,10,40285.0,16,31215.0,16,67010.0,26
PEBBLES_XL,OXYGEN_SHAKE_GARLIC,0,7500.0,8,15695.0,11,33750.0,16,23195.0,19
PEBBLES_XL,SNACKPACK_CHOCOLATE,0,-9080.0,6,8000.0,9,13100.0,13,-1080.0,15
PEBBLES_XL,SNACKPACK_VANILLA,0,1965.0,7,9400.0,10,3745.0,11,11365.0,17
PEBBLES_XL,SNACKPACK_PISTACHIO,0,11290.0,8,14360.0,10,-5580.0,9,25650.0,18
PEBBLES_XL,SNACKPACK_STRAWBERRY,0,13270.0,8,19085.0,10,2235.0,10,32355.0,18
PEBBLES_XL,SNACKPACK_RASPBERRY,0,5435.0,8,17270.0,11,15255.0,13,22705.0,19
ROBOT_VACUUMING,ROBOT_MOPPING,1,1600.0,6,-11665.0,6,20415.0,13,-10065.0,12
ROBOT_VACUUMING,ROBOT_DISHES,1,7000.0,9,6725.0,9,19075.0,11,13725.0,18
ROBOT_VACUUMING,ROBOT_LAUNDRY,1,23040.0,17,9300.0,8,14955.0,14,32340.0,25
ROBOT_VACUUMING,ROBOT_IRONING,1,-8370.0,5,11315.0,11,5590.0,9,2945.0,16
ROBOT_VACUUMING,UV_VISOR_YELLOW,0,1120.0,7,9785.0,9,3135.0,10,10905.0,16
ROBOT_VACUUMING,UV_VISOR_AMBER,0,-900.0,6,5185.0,9,19080.0,12,4285.0,15
ROBOT_VACUUMING,UV_VISOR_ORANGE,0,4075.0,7,-9855.0,7,3240.0,7,-5780.0,14
ROBOT_VACUUMING,UV_VISOR_RED,0,16415.0,13,2685.0,7,11835.0,9,19100.0,20
ROBOT_VACUUMING,UV_VISOR_MAGENTA,0,6755.0,12,6875.0,10,4255.0,9,13630.0,22
ROBOT_VACUUMING,TRANSLATOR_SPACE_GRAY,0,-7160.0,5,9075.0,11,1360.0,7,1915.0,16
ROBOT_VACUUMING,TRANSLATOR_ASTRO_BLACK,0,15610.0,11,19300.0,14,17355.0,15,34910.0,25
ROBOT_VACUUMING,TRANSLATOR_ECLIPSE_CHARCOAL,0,-3995.0,5,14330.0,10,14000.0,14,10335.0,15
ROBOT_VACUUMING,TRANSLATOR_GRAPHITE_MIST,0,10750.0,9,6465.0,10,3920.0,9,17215.0,19
ROBOT_VACUUMING,TRANSLATOR_VOID_BLUE,0,1310.0,7,4710.0,12,12965.0,14,6020.0,19
ROBOT_VACUUMING,PANEL_1X2,0,2840.0,8,-8230.0,4,12030.0,12,-5390.0,12
ROBOT_VACUUMING,PANEL_2X2,0,13265.0,11,-1115.0,13,7550.0,9,12150.0,24
ROBOT_VACUUMING,PANEL_1X4,0,-690.0,6,-4160.0,6,6900.0,9,-4850.0,12
ROBOT_VACUUMING,PANEL_2X4,0,1980.0,8,5630.0,9,14720.0,12,7610.0,17
ROBOT_VACUUMING,PANEL_4X4,0,4900.0,6,13705.0,11,-655.0,9,18605.0,17
ROBOT_VACUUMING,OXYGEN_SHAKE_MORNING_BREATH,0,11990.0,12,2150.0,9,22530.0,18,14140.0,21
ROBOT_VACUUMING,OXYGEN_SHAKE_EVENING_BREATH,0,-2090.0,7,5855.0,10,10265.0,10,3765.0,17
ROBOT_VACUUMING,OXYGEN_SHAKE_MINT,0,8420.0,8,20780.0,16,-17340.0,5,29200.0,24
ROBOT_VACUUMING,OXYGEN_SHAKE_CHOCOLATE,0,-4990.0,4,16335.0,14,-3950.0,7,11345.0,18
ROBOT_VACUUMING,OXYGEN_SHAKE_GARLIC,0,2570.0,7,5000.0,10,6000.0,10,7570.0,17
ROBOT_VACUUMING,SNACKPACK_CHOCOLATE,0,3250.0,7,11475.0,10,17295.0,14,14725.0,17
ROBOT_VACUUMING,SNACKPACK_VANILLA,0,3330.0,7,9425.0,11,11945.0,13,12755.0,18
ROBOT_VACUUMING,SNACKPACK_PISTACHIO,0,280.0,6,7725.0,8,8190.0,8,8005.0,14
ROBOT_VACUUMING,SNACKPACK_STRAWBERRY,0,14255.0,12,4905.0,8,5755.0,7,19160.0,20
ROBOT_VACUUMING,SNACKPACK_RASPBERRY,0,7550.0,8,9915.0,13,32470.0,27,17465.0,21
ROBOT_MOPPING,ROBOT_DISHES,1,1475.0,4,680.0,10,7100.0,9,2155.0,14
ROBOT_MOPPING,ROBOT_LAUNDRY,1,-7445.0,5,-22855.0,4,13530.0,10,-30300.0,9
ROBOT_MOPPING,ROBOT_IRONING,1,-6115.0,4,-22685.0,6,11615.0,10,-28800.0,10
ROBOT_MOPPING,UV_VISOR_YELLOW,0,2845.0,6,2155.0,9,-10250.0,5,5000.0,15
ROBOT_MOPPING,UV_VISOR_AMBER,0,-7470.0,5,-9400.0,8,8110.0,10,-16870.0,13
ROBOT_MOPPING,UV_VISOR_ORANGE,0,14750.0,13,-2780.0,8,13590.0,12,11970.0,21
ROBOT_MOPPING,UV_VISOR_RED,0,-3760.0,5,-3790.0,8,14890.0,13,-7550.0,13
ROBOT_MOPPING,UV_VISOR_MAGENTA,0,11600.0,10,1260.0,8,6935.0,12,12860.0,18
ROBOT_MOPPING,TRANSLATOR_SPACE_GRAY,0,2835.0,8,1960.0,8,4620.0,9,4795.0,16
ROBOT_MOPPING,TRANSLATOR_ASTRO_BLACK,0,11430.0,11,-15325.0,4,15725.0,10,-3895.0,15
ROBOT_MOPPING,TRANSLATOR_ECLIPSE_CHARCOAL,0,-4625.0,6,-10770.0,8,3995.0,8,-15395.0,14
ROBOT_MOPPING,TRANSLATOR_GRAPHITE_MIST,0,5705.0,8,-10350.0,7,-5495.0,7,-4645.0,15
ROBOT_MOPPING,TRANSLATOR_VOID_BLUE,0,10670.0,7,-14160.0,5,7540.0,10,-3490.0,12
ROBOT_MOPPING,PANEL_1X2,0,8660.0,9,60.0,11,-2200.0,9,8720.0,20
ROBOT_MOPPING,PANEL_2X2,0,755.0,5,2070.0,9,6250.0,8,2825.0,14
ROBOT_MOPPING,PANEL_1X4,0,8535.0,5,-28335.0,4,15445.0,13,-19800.0,9
ROBOT_MOPPING,PANEL_2X4,0,13550.0,14,6615.0,11,9275.0,10,20165.0,25
ROBOT_MOPPING,PANEL_4X4,0,12015.0,10,1115.0,12,-9740.0,8,13130.0,22
ROBOT_MOPPING,OXYGEN_SHAKE_MORNING_BREATH,0,5710.0,5,-37690.0,3,16465.0,14,-31980.0,8
ROBOT_MOPPING,OXYGEN_SHAKE_EVENING_BREATH,0,-2680.0,6,-16655.0,5,3655.0,8,-19335.0,11
ROBOT_MOPPING,OXYGEN_SHAKE_MINT,0,5030.0,7,5110.0,14,-4510.0,8,10140.0,21
ROBOT_MOPPING,OXYGEN_SHAKE_CHOCOLATE,0,10595.0,7,-8465.0,7,7300.0,12,2130.0,14
ROBOT_MOPPING,OXYGEN_SHAKE_GARLIC,0,-22265.0,3,2735.0,9,4340.0,10,-19530.0,12
ROBOT_MOPPING,SNACKPACK_CHOCOLATE,0,780.0,8,-3620.0,10,2145.0,9,-2840.0,18
ROBOT_MOPPING,SNACKPACK_VANILLA,0,12640.0,11,-4715.0,7,15110.0,12,7925.0,18
ROBOT_MOPPING,SNACKPACK_PISTACHIO,0,7890.0,8,-18705.0,4,9575.0,10,-10815.0,12
ROBOT_MOPPING,SNACKPACK_STRAWBERRY,0,5080.0,6,-17145.0,5,11765.0,11,-12065.0,11
ROBOT_MOPPING,SNACKPACK_RASPBERRY,0,6860.0,8,2480.0,11,6880.0,11,9340.0,19
ROBOT_DISHES,ROBOT_LAUNDRY,1,640.0,6,9090.0,12,16845.0,14,9730.0,18
ROBOT_DISHES,ROBOT_IRONING,1,8215.0,8,13455.0,13,27155.0,13,21670.0,21
ROBOT_DISHES,UV_VISOR_YELLOW,0,2810.0,8,13385.0,10,2315.0,8,16195.0,18
ROBOT_DISHES,UV_VISOR_AMBER,0,275.0,5,-330.0,10,4860.0,8,-55.0,15
ROBOT_DISHES,UV_VISOR_ORANGE,0,8050.0,8,11640.0,13,28600.0,15,19690.0,21
ROBOT_DISHES,UV_VISOR_RED,0,5815.0,6,7510.0,10,33200.0,13,13325.0,16
ROBOT_DISHES,UV_VISOR_MAGENTA,0,7555.0,7,5555.0,8,17470.0,11,13110.0,15
ROBOT_DISHES,TRANSLATOR_SPACE_GRAY,0,10590.0,9,5365.0,10,-5510.0,8,15955.0,19
ROBOT_DISHES,TRANSLATOR_ASTRO_BLACK,0,3120.0,7,2515.0,8,29560.0,18,5635.0,15
ROBOT_DISHES,TRANSLATOR_ECLIPSE_CHARCOAL,0,13290.0,9,4565.0,8,30100.0,16,17855.0,17
ROBOT_DISHES,TRANSLATOR_GRAPHITE_MIST,0,-2980.0,5,14625.0,15,3800.0,7,11645.0,20
ROBOT_DISHES,TRANSLATOR_VOID_BLUE,0,11685.0,9,3955.0,9,15815.0,10,15640.0,18
ROBOT_DISHES,PANEL_1X2,0,325.0,7,-660.0,8,22715.0,12,-335.0,15
ROBOT_DISHES,PANEL_2X2,0,10710.0,10,9775.0,11,255.0,7,20485.0,21
ROBOT_DISHES,PANEL_1X4,0,22655.0,15,-7730.0,7,28535.0,17,14925.0,22
ROBOT_DISHES,PANEL_2X4,0,9535.0,7,15990.0,13,13590.0,10,25525.0,20
ROBOT_DISHES,PANEL_4X4,0,5385.0,5,7610.0,10,2380.0,8,12995.0,15
ROBOT_DISHES,OXYGEN_SHAKE_MORNING_BREATH,0,5090.0,5,-2165.0,9,10220.0,10,2925.0,14
ROBOT_DISHES,OXYGEN_SHAKE_EVENING_BREATH,0,-9935.0,5,-3455.0,7,18790.0,12,-13390.0,12
ROBOT_DISHES,OXYGEN_SHAKE_MINT,0,21695.0,11,12805.0,11,-7985.0,5,34500.0,22
ROBOT_DISHES,OXYGEN_SHAKE_CHOCOLATE,0,12470.0,10,13040.0,12,5290.0,8,25510.0,22
ROBOT_DISHES,OXYGEN_SHAKE_GARLIC,0,2400.0,7,11340.0,12,21010.0,11,13740.0,19
ROBOT_DISHES,SNACKPACK_CHOCOLATE,0,6950.0,6,18250.0,15,21760.0,16,25200.0,21
ROBOT_DISHES,SNACKPACK_VANILLA,0,4970.0,9,3525.0,9,6660.0,8,8495.0,18
ROBOT_DISHES,SNACKPACK_PISTACHIO,0,7540.0,8,6790.0,12,16070.0,11,14330.0,20
ROBOT_DISHES,SNACKPACK_STRAWBERRY,0,15415.0,10,-2270.0,8,14880.0,9,13145.0,18
ROBOT_DISHES,SNACKPACK_RASPBERRY,0,11880.0,9,19730.0,15,13880.0,11,31610.0,24
ROBOT_LAUNDRY,ROBOT_IRONING,1,-8505.0,7,8775.0,14,-110.0,9,270.0,21
ROBOT_LAUNDRY,UV_VISOR_YELLOW,0,2580.0,9,19870.0,12,7950.0,10,22450.0,21
ROBOT_LAUNDRY,UV_VISOR_AMBER,0,7870.0,10,15475.0,17,17650.0,14,23345.0,27
ROBOT_LAUNDRY,UV_VISOR_ORANGE,0,5135.0,10,11840.0,12,30.0,6,16975.0,22
ROBOT_LAUNDRY,UV_VISOR_RED,0,5025.0,7,2335.0,8,2535.0,7,7360.0,15
ROBOT_LAUNDRY,UV_VISOR_MAGENTA,0,-2710.0,9,4825.0,7,2115.0,10,2115.0,16
ROBOT_LAUNDRY,TRANSLATOR_SPACE_GRAY,0,4820.0,11,-710.0,10,4280.0,9,4110.0,21
ROBOT_LAUNDRY,TRANSLATOR_ASTRO_BLACK,0,12100.0,12,17320.0,14,11305.0,14,29420.0,26
ROBOT_LAUNDRY,TRANSLATOR_ECLIPSE_CHARCOAL,0,-13365.0,4,23205.0,16,10350.0,14,9840.0,20
ROBOT_LAUNDRY,TRANSLATOR_GRAPHITE_MIST,0,14720.0,14,13230.0,12,-12795.0,6,27950.0,26
ROBOT_LAUNDRY,TRANSLATOR_VOID_BLUE,0,-4195.0,5,17085.0,9,6275.0,12,12890.0,14
ROBOT_LAUNDRY,PANEL_1X2,0,-5690.0,5,1345.0,9,7625.0,9,-4345.0,14
ROBOT_LAUNDRY,PANEL_2X2,0,9690.0,9,11855.0,14,18690.0,12,21545.0,23
ROBOT_LAUNDRY,PANEL_1X4,0,-4965.0,6,745.0,12,5560.0,7,-4220.0,18
ROBOT_LAUNDRY,PANEL_2X4,0,1945.0,8,2840.0,9,4145.0,10,4785.0,17
ROBOT_LAUNDRY,PANEL_4X4,0,-3545.0,7,1480.0,7,-10925.0,7,-2065.0,14
ROBOT_LAUNDRY,OXYGEN_SHAKE_MORNING_BREATH,0,-950.0,7,4675.0,9,6150.0,10,3725.0,16
ROBOT_LAUNDRY,OXYGEN_SHAKE_EVENING_BREATH,0,4745.0,11,16435.0,15,8250.0,12,21180.0,26
ROBOT_LAUNDRY,OXYGEN_SHAKE_MINT,0,4860.0,12,17465.0,14,-5240.0,6,22325.0,26
ROBOT_LAUNDRY,OXYGEN_SHAKE_CHOCOLATE,0,9395.0,9,13940.0,14,-1100.0,10,23335.0,23
ROBOT_LAUNDRY,OXYGEN_SHAKE_GARLIC,0,10335.0,15,7215.0,9,2840.0,9,17550.0,24
ROBOT_LAUNDRY,SNACKPACK_CHOCOLATE,0,9130.0,12,12120.0,14,1305.0,8,21250.0,26
ROBOT_LAUNDRY,SNACKPACK_VANILLA,0,-3420.0,6,12970.0,12,5340.0,9,9550.0,18
ROBOT_LAUNDRY,SNACKPACK_PISTACHIO,0,-1465.0,7,16965.0,16,1280.0,8,15500.0,23
ROBOT_LAUNDRY,SNACKPACK_STRAWBERRY,0,5005.0,8,18070.0,13,-750.0,7,23075.0,21
ROBOT_LAUNDRY,SNACKPACK_RASPBERRY,0,2985.0,7,9975.0,12,9155.0,10,12960.0,19
ROBOT_IRONING,UV_VISOR_YELLOW,0,-20250.0,4,5505.0,10,13570.0,18,-14745.0,14
ROBOT_IRONING,UV_VISOR_AMBER,0,5310.0,8,-2235.0,7,12595.0,14,3075.0,15
ROBOT_IRONING,UV_VISOR_ORANGE,0,-3120.0,5,12335.0,15,12975.0,12,9215.0,20
ROBOT_IRONING,UV_VISOR_RED,0,-15495.0,3,15365.0,10,7000.0,9,-130.0,13
ROBOT_IRONING,UV_VISOR_MAGENTA,0,-1385.0,7,-1330.0,8,18005.0,12,-2715.0,15
ROBOT_IRONING,TRANSLATOR_SPACE_GRAY,0,-1415.0,7,-2680.0,9,-155.0,9,-4095.0,16
ROBOT_IRONING,TRANSLATOR_ASTRO_BLACK,0,-8670.0,5,2165.0,8,6525.0,10,-6505.0,13
ROBOT_IRONING,TRANSLATOR_ECLIPSE_CHARCOAL,0,13685.0,10,13905.0,13,18365.0,17,27590.0,23
ROBOT_IRONING,TRANSLATOR_GRAPHITE_MIST,0,-6945.0,5,1345.0,9,6640.0,11,-5600.0,14
ROBOT_IRONING,TRANSLATOR_VOID_BLUE,0,-1285.0,5,2060.0,7,6425.0,11,775.0,12
ROBOT_IRONING,PANEL_1X2,0,-2865.0,6,-9385.0,6,3090.0,8,-12250.0,12
ROBOT_IRONING,PANEL_2X2,0,-120.0,7,4350.0,14,4350.0,10,4230.0,21
ROBOT_IRONING,PANEL_1X4,0,14275.0,12,2115.0,8,6695.0,13,16390.0,20
ROBOT_IRONING,PANEL_2X4,0,-3440.0,6,455.0,8,9880.0,10,-2985.0,14
ROBOT_IRONING,PANEL_4X4,0,13360.0,11,9810.0,8,11840.0,16,23170.0,19
ROBOT_IRONING,OXYGEN_SHAKE_MORNING_BREATH,0,6490.0,9,8190.0,11,10365.0,10,14680.0,20
ROBOT_IRONING,OXYGEN_SHAKE_EVENING_BREATH,0,-8600.0,4,-11100.0,5,10000.0,11,-19700.0,9
ROBOT_IRONING,OXYGEN_SHAKE_MINT,0,5270.0,9,12550.0,11,-19860.0,5,17820.0,20
ROBOT_IRONING,OXYGEN_SHAKE_CHOCOLATE,0,9885.0,8,-4440.0,10,-7495.0,8,5445.0,18
ROBOT_IRONING,OXYGEN_SHAKE_GARLIC,0,-15775.0,6,970.0,12,4225.0,11,-14805.0,18
ROBOT_IRONING,SNACKPACK_CHOCOLATE,0,-8540.0,5,15155.0,14,10300.0,10,6615.0,19
ROBOT_IRONING,SNACKPACK_VANILLA,0,-8275.0,5,-120.0,9,-6455.0,7,-8395.0,14
ROBOT_IRONING,SNACKPACK_PISTACHIO,0,-610.0,8,-2835.0,8,7840.0,13,-3445.0,16
ROBOT_IRONING,SNACKPACK_STRAWBERRY,0,-1020.0,10,-4700.0,7,7675.0,12,-5720.0,17
ROBOT_IRONING,SNACKPACK_RASPBERRY,0,6440.0,8,6820.0,13,7475.0,11,13260.0,21
UV_VISOR_YELLOW,UV_VISOR_AMBER,1,-8000.0,7,6015.0,9,3340.0,8,-1985.0,16
UV_VISOR_YELLOW,UV_VISOR_ORANGE,1,-9300.0,6,5055.0,11,-14575.0,6,-4245.0,17
UV_VISOR_YELLOW,UV_VISOR_RED,1,-1605.0,7,11935.0,12,-8285.0,8,10330.0,19
UV_VISOR_YELLOW,UV_VISOR_MAGENTA,1,5600.0,9,9920.0,7,-2485.0,10,15520.0,16
UV_VISOR_YELLOW,TRANSLATOR_SPACE_GRAY,0,-14815.0,5,13635.0,13,6975.0,9,-1180.0,18
UV_VISOR_YELLOW,TRANSLATOR_ASTRO_BLACK,0,-10610.0,6,29605.0,17,-9610.0,6,18995.0,23
UV_VISOR_YELLOW,TRANSLATOR_ECLIPSE_CHARCOAL,0,-8475.0,6,19265.0,11,-1985.0,9,10790.0,17
UV_VISOR_YELLOW,TRANSLATOR_GRAPHITE_MIST,0,-4725.0,8,23745.0,15,3185.0,9,19020.0,23
UV_VISOR_YELLOW,TRANSLATOR_VOID_BLUE,0,2260.0,8,18430.0,10,-8370.0,8,20690.0,18
UV_VISOR_YELLOW,PANEL_1X2,0,-8815.0,8,10355.0,12,-8965.0,8,1540.0,20
UV_VISOR_YELLOW,PANEL_2X2,0,6000.0,10,9475.0,9,-870.0,9,15475.0,19
UV_VISOR_YELLOW,PANEL_1X4,0,-4540.0,5,-5915.0,5,-8630.0,6,-10455.0,10
UV_VISOR_YELLOW,PANEL_2X4,0,11480.0,9,2355.0,7,-13995.0,8,13835.0,16
UV_VISOR_YELLOW,PANEL_4X4,0,3650.0,9,18460.0,11,4135.0,10,22110.0,20
UV_VISOR_YELLOW,OXYGEN_SHAKE_MORNING_BREATH,0,-100.0,8,-10385.0,6,5255.0,12,-10485.0,14
UV_VISOR_YELLOW,OXYGEN_SHAKE_EVENING_BREATH,0,-15220.0,5,5855.0,10,8480.0,10,-9365.0,15
UV_VISOR_YELLOW,OXYGEN_SHAKE_MINT,0,1745.0,7,20145.0,16,-8505.0,7,21890.0,23
UV_VISOR_YELLOW,OXYGEN_SHAKE_CHOCOLATE,0,-7665.0,5,9315.0,9,-22840.0,7,1650.0,14
UV_VISOR_YELLOW,OXYGEN_SHAKE_GARLIC,0,-4100.0,7,28440.0,15,-15620.0,7,24340.0,22
UV_VISOR_YELLOW,SNACKPACK_CHOCOLATE,0,-7600.0,6,9635.0,9,-7855.0,7,2035.0,15
UV_VISOR_YELLOW,SNACKPACK_VANILLA,0,870.0,10,19505.0,13,-6585.0,10,20375.0,23
UV_VISOR_YELLOW,SNACKPACK_PISTACHIO,0,-3235.0,9,17700.0,15,-6385.0,8,14465.0,24
UV_VISOR_YELLOW,SNACKPACK_STRAWBERRY,0,10095.0,10,16335.0,14,-2800.0,10,26430.0,24
UV_VISOR_YELLOW,SNACKPACK_RASPBERRY,0,-9935.0,4,14680.0,10,12670.0,16,4745.0,14
UV_VISOR_AMBER,UV_VISOR_ORANGE,1,6850.0,7,-1290.0,11,1980.0,6,5560.0,18
UV_VISOR_AMBER,UV_VISOR_RED,1,10940.0,8,-2680.0,7,7420.0,9,8260.0,15
UV_VISOR_AMBER,UV_VISOR_MAGENTA,1,-1275.0,6,10350.0,11,3870.0,9,9075.0,17
UV_VISOR_AMBER,TRANSLATOR_SPACE_GRAY,0,11890.0,13,4555.0,11,4680.0,9,16445.0,24
UV_VISOR_AMBER,TRANSLATOR_ASTRO_BLACK,0,5500.0,7,5520.0,10,5585.0,10,11020.0,17
UV_VISOR_AMBER,TRANSLATOR_ECLIPSE_CHARCOAL,0,-1655.0,6,7010.0,10,6280.0,10,5355.0,16
UV_VISOR_AMBER,TRANSLATOR_GRAPHITE_MIST,0,11170.0,9,1800.0,8,-6975.0,8,12970.0,17
UV_VISOR_AMBER,TRANSLATOR_VOID_BLUE,0,600.0,7,7545.0,8,3265.0,11,8145.0,15
UV_VISOR_AMBER,PANEL_1X2,0,6475.0,9,4300.0,9,1830.0,9,10775.0,18
UV_VISOR_AMBER,PANEL_2X2,0,6560.0,10,5.0,9,19015.0,13,6565.0,19
UV_VISOR_AMBER,PANEL_1X4,0,-995.0,5,-2200.0,10,5995.0,9,-3195.0,15
UV_VISOR_AMBER,PANEL_2X4,0,2175.0,8,13380.0,14,890.0,12,15555.0,22
UV_VISOR_AMBER,PANEL_4X4,0,6265.0,7,460.0,8,-6545.0,9,6725.0,15
UV_VISOR_AMBER,OXYGEN_SHAKE_MORNING_BREATH,0,2540.0,6,-5545.0,7,5335.0,10,-3005.0,13
UV_VISOR_AMBER,OXYGEN_SHAKE_EVENING_BREATH,0,9435.0,12,-8900.0,9,10625.0,11,535.0,21
UV_VISOR_AMBER,OXYGEN_SHAKE_MINT,0,10900.0,7,14815.0,12,-11005.0,4,25715.0,19
UV_VISOR_AMBER,OXYGEN_SHAKE_CHOCOLATE,0,6820.0,9,-535.0,11,-7435.0,6,6285.0,20
UV_VISOR_AMBER,OXYGEN_SHAKE_GARLIC,0,-2650.0,8,1220.0,9,6015.0,10,-1430.0,17
UV_VISOR_AMBER,SNACKPACK_CHOCOLATE,0,11540.0,10,-650.0,9,2560.0,9,10890.0,19
UV_VISOR_AMBER,SNACKPACK_VANILLA,0,-2200.0,6,4075.0,9,-1185.0,6,1875.0,15
UV_VISOR_AMBER,SNACKPACK_PISTACHIO,0,1925.0,7,4780.0,14,-475.0,6,6705.0,21
UV_VISOR_AMBER,SNACKPACK_STRAWBERRY,0,-1280.0,7,-4850.0,9,1815.0,8,-6130.0,16
UV_VISOR_AMBER,SNACKPACK_RASPBERRY,0,10885.0,8,2980.0,10,17065.0,14,13865.0,18
UV_VISOR_ORANGE,UV_VISOR_RED,1,8610.0,9,13270.0,12,5610.0,9,21880.0,21
UV_VISOR_ORANGE,UV_VISOR_MAGENTA,1,-3550.0,6,2175.0,9,4260.0,6,-1375.0,15
UV_VISOR_ORANGE,TRANSLATOR_SPACE_GRAY,0,25545.0,17,-4415.0,8,-9345.0,5,21130.0,25
UV_VISOR_ORANGE,TRANSLATOR_ASTRO_BLACK,0,7155.0,10,-10755.0,8,16265.0,12,-3600.0,18
UV_VISOR_ORANGE,TRANSLATOR_ECLIPSE_CHARCOAL,0,-2300.0,6,10055.0,9,16190.0,12,7755.0,15
UV_VISOR_ORANGE,TRANSLATOR_GRAPHITE_MIST,0,14205.0,9,9875.0,10,-2510.0,5,24080.0,19
UV_VISOR_ORANGE,TRANSLATOR_VOID_BLUE,0,11410.0,12,-3005.0,8,15150.0,12,8405.0,20
UV_VISOR_ORANGE,PANEL_1X2,0,9545.0,9,-7655.0,7,-1005.0,7,1890.0,16
UV_VISOR_ORANGE,PANEL_2X2,0,7295.0,7,7825.0,14,-4465.0,6,15120.0,21
UV_VISOR_ORANGE,PANEL_1X4,0,9210.0,7,-13195.0,7,3390.0,6,-3985.0,14
UV_VISOR_ORANGE,PANEL_2X4,0,1680.0,9,20740.0,14,-3345.0,8,22420.0,23
UV_VISOR_ORANGE,PANEL_4X4,0,5195.0,5,-4770.0,10,-7305.0,5,425.0,15
UV_VISOR_ORANGE,OXYGEN_SHAKE_MORNING_BREATH,0,2345.0,5,-2060.0,9,12185.0,10,285.0,14
UV_VISOR_ORANGE,OXYGEN_SHAKE_EVENING_BREATH,0,4795.0,5,9600.0,10,3285.0,7,14395.0,15
UV_VISOR_ORANGE,OXYGEN_SHAKE_MINT,0,19940.0,12,9040.0,11,-24500.0,4,28980.0,23
UV_VISOR_ORANGE,OXYGEN_SHAKE_CHOCOLATE,0,4930.0,7,-4205.0,9,-5190.0,7,725.0,16
UV_VISOR_ORANGE,OXYGEN_SHAKE_GARLIC,0,-11800.0,5,1725.0,10,17210.0,13,-10075.0,15
UV_VISOR_ORANGE,SNACKPACK_CHOCOLATE,0,4225.0,8,15715.0,14,-2550.0,7,19940.0,22
UV_VISOR_ORANGE,SNACKPACK_VANILLA,0,12555.0,10,730.0,11,1385.0,7,13285.0,21
UV_VISOR_ORANGE,SNACKPACK_PISTACHIO,0,9400.0,7,10455.0,13,1040.0,9,19855.0,20
UV_VISOR_ORANGE,SNACKPACK_STRAWBERRY,0,13020.0,9,14850.0,17,10955.0,11,27870.0,26
UV_VISOR_ORANGE,SNACKPACK_RASPBERRY,0,14095.0,10,9800.0,13,1025.0,5,23895.0,23
UV_VISOR_RED,UV_VISOR_MAGENTA,1,-10115.0,4,-2375.0,6,12000.0,11,-12490.0,10
UV_VISOR_RED,TRANSLATOR_SPACE_GRAY,0,9770.0,10,-4820.0,7,-3975.0,7,4950.0,17
UV_VISOR_RED,TRANSLATOR_ASTRO_BLACK,0,4985.0,8,-2610.0,8,16185.0,13,2375.0,16
UV_VISOR_RED,TRANSLATOR_ECLIPSE_CHARCOAL,0,-6385.0,6,14355.0,12,12525.0,11,7970.0,18
UV_VISOR_RED,TRANSLATOR_GRAPHITE_MIST,0,10680.0,11,13115.0,14,10345.0,10,23795.0,25
UV_VISOR_RED,TRANSLATOR_VOID_BLUE,0,-90.0,7,-5435.0,4,7190.0,9,-5525.0,11
UV_VISOR_RED,PANEL_1X2,0,-3405.0,5,3035.0,9,7755.0,8,-370.0,14
UV_VISOR_RED,PANEL_2X2,0,18085.0,10,12955.0,13,1390.0,8,31040.0,23
UV_VISOR_RED,PANEL_1X4,0,1135.0,6,6170.0,8,2495.0,7,7305.0,14
UV_VISOR_RED,PANEL_2X4,0,3840.0,10,4875.0,9,15155.0,10,8715.0,19
UV_VISOR_RED,PANEL_4X4,0,3690.0,9,-1320.0,7,8730.0,12,2370.0,16
UV_VISOR_RED,OXYGEN_SHAKE_MORNING_BREATH,0,-5130.0,6,-15575.0,6,14010.0,10,-20705.0,12
UV_VISOR_RED,OXYGEN_SHAKE_EVENING_BREATH,0,4135.0,7,9475.0,12,9210.0,10,13610.0,19
UV_VISOR_RED,OXYGEN_SHAKE_MINT,0,8370.0,7,13230.0,10,-7495.0,7,21600.0,17
UV_VISOR_RED,OXYGEN_SHAKE_CHOCOLATE,0,2605.0,7,5395.0,10,5785.0,10,8000.0,17
UV_VISOR_RED,OXYGEN_SHAKE_GARLIC,0,4630.0,8,4920.0,11,9475.0,12,9550.0,19
UV_VISOR_RED,SNACKPACK_CHOCOLATE,0,13990.0,11,14015.0,11,13205.0,11,28005.0,22
UV_VISOR_RED,SNACKPACK_VANILLA,0,1585.0,7,6145.0,8,2365.0,7,7730.0,15
UV_VISOR_RED,SNACKPACK_PISTACHIO,0,875.0,6,2290.0,8,10450.0,10,3165.0,14
UV_VISOR_RED,SNACKPACK_STRAWBERRY,0,9010.0,9,-80.0,9,7355.0,10,8930.0,18
UV_VISOR_RED,SNACKPACK_RASPBERRY,0,10660.0,10,4455.0,7,7125.0,8,15115.0,17
UV_VISOR_MAGENTA,TRANSLATOR_SPACE_GRAY,0,-245.0,8,17540.0,14,-4185.0,9,17295.0,22
UV_VISOR_MAGENTA,TRANSLATOR_ASTRO_BLACK,0,17270.0,16,4080.0,12,-6225.0,8,21350.0,28
UV_VISOR_MAGENTA,TRANSLATOR_ECLIPSE_CHARCOAL,0,9390.0,11,4330.0,9,17030.0,15,13720.0,20
UV_VISOR_MAGENTA,TRANSLATOR_GRAPHITE_MIST,0,8060.0,11,14235.0,11,-615.0,10,22295.0,22
UV_VISOR_MAGENTA,TRANSLATOR_VOID_BLUE,0,17190.0,14,29560.0,18,1010.0,10,46750.0,32
UV_VISOR_MAGENTA,PANEL_1X2,0,1510.0,6,10295.0,11,4790.0,10,11805.0,17
UV_VISOR_MAGENTA,PANEL_2X2,0,7600.0,10,780.0,8,4390.0,12,8380.0,18
UV_VISOR_MAGENTA,PANEL_1X4,0,-935.0,4,-16970.0,5,970.0,11,-17905.0,9
UV_VISOR_MAGENTA,PANEL_2X4,0,3165.0,7,15440.0,12,5165.0,11,18605.0,19
UV_VISOR_MAGENTA,PANEL_4X4,0,1670.0,7,11915.0,13,10680.0,12,13585.0,20
UV_VISOR_MAGENTA,OXYGEN_SHAKE_MORNING_BREATH,0,14940.0,11,-10535.0,6,3260.0,11,4405.0,17
UV_VISOR_MAGENTA,OXYGEN_SHAKE_EVENING_BREATH,0,3215.0,8,-2705.0,8,6550.0,9,510.0,16
UV_VISOR_MAGENTA,OXYGEN_SHAKE_MINT,0,5045.0,9,17125.0,13,-18780.0,7,22170.0,22
UV_VISOR_MAGENTA,OXYGEN_SHAKE_CHOCOLATE,0,11865.0,8,12975.0,11,-19585.0,6,24840.0,19
UV_VISOR_MAGENTA,OXYGEN_SHAKE_GARLIC,0,-22345.0,3,11260.0,12,8340.0,12,-11085.0,15
UV_VISOR_MAGENTA,SNACKPACK_CHOCOLATE,0,-5235.0,6,7185.0,9,3415.0,10,1950.0,15
UV_VISOR_MAGENTA,SNACKPACK_VANILLA,0,4970.0,8,15630.0,15,-4575.0,8,20600.0,23
UV_VISOR_MAGENTA,SNACKPACK_PISTACHIO,0,2630.0,6,6110.0,11,-9045.0,6,8740.0,17
UV_VISOR_MAGENTA,SNACKPACK_STRAWBERRY,0,1285.0,6,4230.0,11,-1100.0,8,5515.0,17
UV_VISOR_MAGENTA,SNACKPACK_RASPBERRY,0,2710.0,10,24990.0,18,-310.0,8,27700.0,28
TRANSLATOR_SPACE_GRAY,TRANSLATOR_ASTRO_BLACK,1,4705.0,9,5980.0,12,5335.0,10,10685.0,21
TRANSLATOR_SPACE_GRAY,TRANSLATOR_ECLIPSE_CHARCOAL,1,-9630.0,4,-9420.0,5,7945.0,11,-19050.0,9
TRANSLATOR_SPACE_GRAY,TRANSLATOR_GRAPHITE_MIST,1,7870.0,9,5215.0,14,9335.0,11,13085.0,23
TRANSLATOR_SPACE_GRAY,TRANSLATOR_VOID_BLUE,1,6700.0,10,-1365.0,9,3265.0,10,5335.0,19
TRANSLATOR_SPACE_GRAY,PANEL_1X2,0,5105.0,6,8215.0,9,-4835.0,8,13320.0,15
TRANSLATOR_SPACE_GRAY,PANEL_2X2,0,9040.0,10,10905.0,10,-870.0,6,19945.0,20
TRANSLATOR_SPACE_GRAY,PANEL_1X4,0,2300.0,6,-14350.0,5,-4325.0,6,-12050.0,11
TRANSLATOR_SPACE_GRAY,PANEL_2X4,0,-1660.0,7,6520.0,10,-9515.0,9,4860.0,17
TRANSLATOR_SPACE_GRAY,PANEL_4X4,0,10355.0,8,18580.0,16,-14445.0,5,28935.0,24
TRANSLATOR_SPACE_GRAY,OXYGEN_SHAKE_MORNING_BREATH,0,355.0,5,-18975.0,6,685.0,9,-18620.0,11
TRANSLATOR_SPACE_GRAY,OXYGEN_SHAKE_EVENING_BREATH,0,13640.0,16,-4740.0,9,2025.0,7,8900.0,25
TRANSLATOR_SPACE_GRAY,OXYGEN_SHAKE_MINT,0,7690.0,8,10400.0,13,-6900.0,6,18090.0,21
TRANSLATOR_SPACE_GRAY,OXYGEN_SHAKE_CHOCOLATE,0,3810.0,8,7710.0,11,-11320.0,7,11520.0,19
TRANSLATOR_SPACE_GRAY,OXYGEN_SHAKE_GARLIC,0,-4535.0,10,1375.0,13,-15170.0,7,-3160.0,23
TRANSLATOR_SPACE_GRAY,SNACKPACK_CHOCOLATE,0,9705.0,12,-465.0,8,-1660.0,9,9240.0,20
TRANSLATOR_SPACE_GRAY,SNACKPACK_VANILLA,0,2005.0,11,-475.0,7,4990.0,9,1530.0,18
TRANSLATOR_SPACE_GRAY,SNACKPACK_PISTACHIO,0,3285.0,8,-2585.0,8,5465.0,11,700.0,16
TRANSLATOR_SPACE_GRAY,SNACKPACK_STRAWBERRY,0,4030.0,8,-8475.0,7,-8925.0,6,-4445.0,15
TRANSLATOR_SPACE_GRAY,SNACKPACK_RASPBERRY,0,10660.0,8,19770.0,15,4035.0,9,30430.0,23
TRANSLATOR_ASTRO_BLACK,TRANSLATOR_ECLIPSE_CHARCOAL,1,-190.0,8,9830.0,10,8825.0,9,9640.0,18
TRANSLATOR_ASTRO_BLACK,TRANSLATOR_GRAPHITE_MIST,1,26590.0,19,3560.0,12,8065.0,10,30150.0,31
TRANSLATOR_ASTRO_BLACK,TRANSLATOR_VOID_BLUE,1,1500.0,9,7895.0,8,22850.0,16,9395.0,17
TRANSLATOR_ASTRO_BLACK,PANEL_1X2,0,10195.0,10,7135.0,11,-855.0,6,17330.0,21
TRANSLATOR_ASTRO_BLACK,PANEL_2X2,0,5385.0,7,-1940.0,8,3100.0,9,3445.0,15
TRANSLATOR_ASTRO_BLACK,PANEL_1X4,0,7005.0,8,-4950.0,7,6040.0,10,2055.0,15
TRANSLATOR_ASTRO_BLACK,PANEL_2X4,0,3810.0,10,4410.0,9,-50.0,7,8220.0,19
TRANSLATOR_ASTRO_BLACK,PANEL_4X4,0,3930.0,8,15065.0,12,-6480.0,7,18995.0,20
TRANSLATOR_ASTRO_BLACK,OXYGEN_SHAKE_MORNING_BREATH,0,4880.0,8,11200.0,13,12100.0,11,16080.0,21
TRANSLATOR_ASTRO_BLACK,OXYGEN_SHAKE_EVENING_BREATH,0,760.0,5,4465.0,13,4260.0,9,5225.0,18
TRANSLATOR_ASTRO_BLACK,OXYGEN_SHAKE_MINT,0,9895.0,9,11105.0,11,-13625.0,4,21000.0,20
TRANSLATOR_ASTRO_BLACK,OXYGEN_SHAKE_CHOCOLATE,0,8780.0,9,16445.0,13,-660.0,8,25225.0,22
TRANSLATOR_ASTRO_BLACK,OXYGEN_SHAKE_GARLIC,0,-13175.0,4,14830.0,15,11950.0,13,1655.0,19
TRANSLATOR_ASTRO_BLACK,SNACKPACK_CHOCOLATE,0,2190.0,8,920.0,7,8775.0,11,3110.0,15
TRANSLATOR_ASTRO_BLACK,SNACKPACK_VANILLA,0,16855.0,15,4500.0,9,5265.0,9,21355.0,24
TRANSLATOR_ASTRO_BLACK,SNACKPACK_PISTACHIO,0,1920.0,5,9100.0,12,9860.0,10,11020.0,17
TRANSLATOR_ASTRO_BLACK,SNACKPACK_STRAWBERRY,0,6290.0,7,10875.0,13,7670.0,9,17165.0,20
TRANSLATOR_ASTRO_BLACK,SNACKPACK_RASPBERRY,0,10785.0,10,9665.0,13,9870.0,12,20450.0,23
TRANSLATOR_ECLIPSE_CHARCOAL,TRANSLATOR_GRAPHITE_MIST,1,-135.0,8,7050.0,11,20095.0,16,6915.0,19
TRANSLATOR_ECLIPSE_CHARCOAL,TRANSLATOR_VOID_BLUE,1,9720.0,8,11245.0,11,22910.0,20,20965.0,19
TRANSLATOR_ECLIPSE_CHARCOAL,PANEL_1X2,0,-4145.0,5,-4730.0,7,35.0,8,-8875.0,12
TRANSLATOR_ECLIPSE_CHARCOAL,PANEL_2X2,0,-185.0,7,540.0,10,1200.0,11,355.0,17
TRANSLATOR_ECLIPSE_CHARCOAL,PANEL_1X4,0,14305.0,9,8365.0,11,-2095.0,7,22670.0,20
TRANSLATOR_ECLIPSE_CHARCOAL,PANEL_2X4,0,10635.0,10,8880.0,10,10625.0,11,19515.0,20
TRANSLATOR_ECLIPSE_CHARCOAL,PANEL_4X4,0,8295.0,8,6970.0,10,6030.0,12,15265.0,18
TRANSLATOR_ECLIPSE_CHARCOAL,OXYGEN_SHAKE_MORNING_BREATH,0,1805.0,6,-1935.0,8,5035.0,9,-130.0,14
TRANSLATOR_ECLIPSE_CHARCOAL,OXYGEN_SHAKE_EVENING_BREATH,0,-7270.0,4,17505.0,14,14165.0,13,10235.0,18
TRANSLATOR_ECLIPSE_CHARCOAL,OXYGEN_SHAKE_MINT,0,9445.0,10,13255.0,11,-13365.0,7,22700.0,21
TRANSLATOR_ECLIPSE_CHARCOAL,OXYGEN_SHAKE_CHOCOLATE,0,14480.0,10,13750.0,13,-8190.0,7,28230.0,23
TRANSLATOR_ECLIPSE_CHARCOAL,OXYGEN_SHAKE_GARLIC,0,-19485.0,5,15100.0,13,12905.0,16,-4385.0,18
TRANSLATOR_ECLIPSE_CHARCOAL,SNACKPACK_CHOCOLATE,0,-3925.0,7,17345.0,16,12935.0,14,13420.0,23
TRANSLATOR_ECLIPSE_CHARCOAL,SNACKPACK_VANILLA,0,3790.0,9,11890.0,10,8100.0,12,15680.0,19
TRANSLATOR_ECLIPSE_CHARCOAL,SNACKPACK_PISTACHIO,0,1330.0,7,23065.0,17,10065.0,13,24395.0,24
TRANSLATOR_ECLIPSE_CHARCOAL,SNACKPACK_STRAWBERRY,0,-30.0,7,19105.0,12,10695.0,12,19075.0,19
TRANSLATOR_ECLIPSE_CHARCOAL,SNACKPACK_RASPBERRY,0,1775.0,7,7940.0,13,12270.0,15,9715.0,20
TRANSLATOR_GRAPHITE_MIST,TRANSLATOR_VOID_BLUE,1,9390.0,5,18755.0,12,2235.0,11,28145.0,17
TRANSLATOR_GRAPHITE_MIST,PANEL_1X2,0,10085.0,9,2685.0,9,-7125.0,8,12770.0,18
TRANSLATOR_GRAPHITE_MIST,PANEL_2X2,0,9700.0,7,16645.0,12,-430.0,8,26345.0,19
TRANSLATOR_GRAPHITE_MIST,PANEL_1X4,0,3615.0,6,-4475.0,8,-3520.0,8,-860.0,14
TRANSLATOR_GRAPHITE_MIST,PANEL_2X4,0,-2475.0,7,7695.0,9,-9440.0,8,5220.0,16
TRANSLATOR_GRAPHITE_MIST,PANEL_4X4,0,1255.0,6,6930.0,13,21020.0,18,8185.0,19
TRANSLATOR_GRAPHITE_MIST,OXYGEN_SHAKE_MORNING_BREATH,0,3135.0,7,-19970.0,4,3110.0,11,-16835.0,11
TRANSLATOR_GRAPHITE_MIST,OXYGEN_SHAKE_EVENING_BREATH,0,12525.0,9,21985.0,22,-5425.0,7,34510.0,31
TRANSLATOR_GRAPHITE_MIST,OXYGEN_SHAKE_MINT,0,5740.0,10,16600.0,13,-19460.0,4,22340.0,23
TRANSLATOR_GRAPHITE_MIST,OXYGEN_SHAKE_CHOCOLATE,0,15030.0,10,8450.0,9,-13445.0,6,23480.0,19
TRANSLATOR_GRAPHITE_MIST,OXYGEN_SHAKE_GARLIC,0,-16420.0,3,12030.0,12,-14720.0,6,-4390.0,15
TRANSLATOR_GRAPHITE_MIST,SNACKPACK_CHOCOLATE,0,1055.0,7,10755.0,10,7915.0,10,11810.0,17
TRANSLATOR_GRAPHITE_MIST,SNACKPACK_VANILLA,0,6125.0,8,8880.0,10,-11100.0,6,15005.0,18
TRANSLATOR_GRAPHITE_MIST,SNACKPACK_PISTACHIO,0,12195.0,10,7930.0,9,5685.0,16,20125.0,19
TRANSLATOR_GRAPHITE_MIST,SNACKPACK_STRAWBERRY,0,3285.0,6,12640.0,12,5295.0,14,15925.0,18
TRANSLATOR_GRAPHITE_MIST,SNACKPACK_RASPBERRY,0,10480.0,10,18510.0,16,-4710.0,6,28990.0,26
TRANSLATOR_VOID_BLUE,PANEL_1X2,0,-2725.0,4,-5170.0,8,13965.0,11,-7895.0,12
TRANSLATOR_VOID_BLUE,PANEL_2X2,0,6865.0,8,7620.0,10,2860.0,10,14485.0,18
TRANSLATOR_VOID_BLUE,PANEL_1X4,0,11035.0,8,-18370.0,5,-1460.0,8,-7335.0,13
TRANSLATOR_VOID_BLUE,PANEL_2X4,0,15835.0,10,4610.0,7,17990.0,13,20445.0,17
TRANSLATOR_VOID_BLUE,PANEL_4X4,0,11060.0,9,9125.0,8,-6865.0,9,20185.0,17
TRANSLATOR_VOID_BLUE,OXYGEN_SHAKE_MORNING_BREATH,0,13755.0,8,-2330.0,9,9740.0,11,11425.0,17
TRANSLATOR_VOID_BLUE,OXYGEN_SHAKE_EVENING_BREATH,0,-5410.0,3,-530.0,8,12650.0,12,-5940.0,11
TRANSLATOR_VOID_BLUE,OXYGEN_SHAKE_MINT,0,14775.0,9,7610.0,10,-9175.0,8,22385.0,19
TRANSLATOR_VOID_BLUE,OXYGEN_SHAKE_CHOCOLATE,0,15045.0,9,1760.0,7,13620.0,14,16805.0,16
TRANSLATOR_VOID_BLUE,OXYGEN_SHAKE_GARLIC,0,-9140.0,6,12375.0,10,21655.0,18,3235.0,16
TRANSLATOR_VOID_BLUE,SNACKPACK_CHOCOLATE,0,3450.0,8,-1980.0,6,6930.0,16,1470.0,14
TRANSLATOR_VOID_BLUE,SNACKPACK_VANILLA,0,10300.0,11,9810.0,12,19845.0,17,20110.0,23
TRANSLATOR_VOID_BLUE,SNACKPACK_PISTACHIO,0,7940.0,6,1945.0,8,13245.0,15,9885.0,14
TRANSLATOR_VOID_BLUE,SNACKPACK_STRAWBERRY,0,4810.0,5,-830.0,8,24485.0,22,3980.0,13
TRANSLATOR_VOID_BLUE,SNACKPACK_RASPBERRY,0,4640.0,9,3640.0,8,9220.0,11,8280.0,17
PANEL_1X2,PANEL_2X2,1,5155.0,7,7875.0,9,9495.0,11,13030.0,16
PANEL_1X2,PANEL_1X4,1,2020.0,4,-10725.0,6,13125.0,13,-8705.0,10
PANEL_1X2,PANEL_2X4,1,-1155.0,10,4225.0,10,29865.0,19,3070.0,20
PANEL_1X2,PANEL_4X4,1,7055.0,9,9285.0,10,-19550.0,5,16340.0,19
PANEL_1X2,OXYGEN_SHAKE_MORNING_BREATH,0,5665.0,5,-22105.0,5,3605.0,10,-16440.0,10
PANEL_1X2,OXYGEN_SHAKE_EVENING_BREATH,0,19510.0,13,6315.0,15,18850.0,18,25825.0,28
PANEL_1X2,OXYGEN_SHAKE_MINT,0,9255.0,7,13595.0,12,-8165.0,6,22850.0,19
PANEL_1X2,OXYGEN_SHAKE_CHOCOLATE,0,6155.0,8,-4735.0,6,3795.0,8,1420.0,14
PANEL_1X2,OXYGEN_SHAKE_GARLIC,0,-17585.0,2,-2255.0,9,24455.0,13,-19840.0,11
PANEL_1X2,SNACKPACK_CHOCOLATE,0,-7850.0,4,-1995.0,8,1840.0,10,-9845.0,12
PANEL_1X2,SNACKPACK_VANILLA,0,7630.0,9,9805.0,14,12440.0,12,17435.0,23
PANEL_1X2,SNACKPACK_PISTACHIO,0,5750.0,10,-4625.0,7,5440.0,12,1125.0,17
PANEL_1X2,SNACKPACK_STRAWBERRY,0,-3635.0,5,8645.0,14,7600.0,10,5010.0,19
PANEL_1X2,SNACKPACK_RASPBERRY,0,965.0,5,7290.0,11,3380.0,10,8255.0,16
PANEL_2X2,PANEL_1X4,1,4105.0,11,-17985.0,8,6150.0,8,-13880.0,19
PANEL_2X2,PANEL_2X4,1,5380.0,7,13930.0,10,10690.0,12,19310.0,17
PANEL_2X2,PANEL_4X4,1,5825.0,7,10185.0,9,-6910.0,8,16010.0,16
PANEL_2X2,OXYGEN_SHAKE_MORNING_BREATH,0,4860.0,7,-17235.0,4,8400.0,13,-12375.0,11
PANEL_2X2,OXYGEN_SHAKE_EVENING_BREATH,0,3570.0,11,9385.0,10,7095.0,11,12955.0,21
PANEL_2X2,OXYGEN_SHAKE_MINT,0,14895.0,10,10490.0,14,-1105.0,8,25385.0,24
PANEL_2X2,OXYGEN_SHAKE_CHOCOLATE,0,9110.0,11,2245.0,14,-14605.0,4,11355.0,25
PANEL_2X2,OXYGEN_SHAKE_GARLIC,0,8850.0,10,-1125.0,10,5490.0,11,7725.0,20
PANEL_2X2,SNACKPACK_CHOCOLATE,0,10800.0,8,17675.0,17,4305.0,10,28475.0,25
PANEL_2X2,SNACKPACK_VANILLA,0,1955.0,6,2930.0,12,-1950.0,6,4885.0,18
PANEL_2X2,SNACKPACK_PISTACHIO,0,2200.0,7,7155.0,9,4450.0,7,9355.0,16
PANEL_2X2,SNACKPACK_STRAWBERRY,0,5825.0,6,11960.0,13,-365.0,7,17785.0,19
PANEL_2X2,SNACKPACK_RASPBERRY,0,10895.0,8,5160.0,12,1900.0,7,16055.0,20
PANEL_1X4,PANEL_2X4,1,10425.0,7,-4320.0,9,5395.0,11,6105.0,16
PANEL_1X4,PANEL_4X4,1,13600.0,7,-3955.0,7,-12465.0,7,9645.0,14
PANEL_1X4,OXYGEN_SHAKE_MORNING_BREATH,0,1875.0,6,1860.0,8,1610.0,8,3735.0,14
PANEL_1X4,OXYGEN_SHAKE_EVENING_BREATH,0,-13100.0,5,-16650.0,5,3280.0,9,-29750.0,10
PANEL_1X4,OXYGEN_SHAKE_MINT,0,9395.0,7,-4885.0,7,-4335.0,7,4510.0,14
PANEL_1X4,OXYGEN_SHAKE_CHOCOLATE,0,9445.0,11,-11975.0,5,-1060.0,10,-2530.0,16
PANEL_1X4,OXYGEN_SHAKE_GARLIC,0,-545.0,9,-12610.0,7,3335.0,9,-13155.0,16
PANEL_1X4,SNACKPACK_CHOCOLATE,0,615.0,5,4000.0,11,5735.0,10,4615.0,16
PANEL_1X4,SNACKPACK_VANILLA,0,345.0,6,-12645.0,6,-2730.0,6,-12300.0,12
PANEL_1X4,SNACKPACK_PISTACHIO,0,4535.0,7,-8090.0,7,6130.0,11,-3555.0,14
PANEL_1X4,SNACKPACK_STRAWBERRY,0,1880.0,7,-3540.0,11,6800.0,11,-1660.0,18
PANEL_1X4,SNACKPACK_RASPBERRY,0,8815.0,6,-15645.0,5,5650.0,8,-6830.0,11
PANEL_2X4,PANEL_4X4,1,18970.0,13,-6150.0,6,-19440.0,6,12820.0,19
PANEL_2X4,OXYGEN_SHAKE_MORNING_BREATH,0,4300.0,5,-13465.0,6,8030.0,13,-9165.0,11
PANEL_2X4,OXYGEN_SHAKE_EVENING_BREATH,0,-9010.0,5,5465.0,13,17505.0,14,-3545.0,18
PANEL_2X4,OXYGEN_SHAKE_MINT,0,10660.0,8,20665.0,17,-4540.0,7,31325.0,25
PANEL_2X4,OXYGEN_SHAKE_CHOCOLATE,0,14980.0,9,-2980.0,7,18065.0,13,12000.0,16
PANEL_2X4,OXYGEN_SHAKE_GARLIC,0,-2875.0,6,6475.0,9,27905.0,15,3600.0,15
PANEL_2X4,SNACKPACK_CHOCOLATE,0,1935.0,9,7635.0,11,-1900.0,7,9570.0,20
PANEL_2X4,SNACKPACK_VANILLA,0,3215.0,7,21235.0,15,13955.0,14,24450.0,22
PANEL_2X4,SNACKPACK_PISTACHIO,0,1010.0,7,18040.0,18,5435.0,10,19050.0,25
PANEL_2X4,SNACKPACK_STRAWBERRY,0,13805.0,10,6615.0,13,7800.0,9,20420.0,23
PANEL_2X4,SNACKPACK_RASPBERRY,0,5200.0,8,14810.0,11,4640.0,10,20010.0,19
PANEL_4X4,OXYGEN_SHAKE_MORNING_BREATH,0,11400.0,7,-18020.0,5,2570.0,10,-6620.0,12
PANEL_4X4,OXYGEN_SHAKE_EVENING_BREATH,0,7205.0,8,410.0,11,-4750.0,7,7615.0,19
PANEL_4X4,OXYGEN_SHAKE_MINT,0,11610.0,8,9420.0,8,-30485.0,4,21030.0,16
PANEL_4X4,OXYGEN_SHAKE_CHOCOLATE,0,19530.0,12,8095.0,9,-28740.0,4,27625.0,21
PANEL_4X4,OXYGEN_SHAKE_GARLIC,0,-16270.0,4,7800.0,10,-22300.0,5,-8470.0,14
PANEL_4X4,SNACKPACK_CHOCOLATE,0,8470.0,11,-2335.0,6,1335.0,9,6135.0,17
PANEL_4X4,SNACKPACK_VANILLA,0,11090.0,9,2780.0,9,-9040.0,8,13870.0,18
PANEL_4X4,SNACKPACK_PISTACHIO,0,5340.0,6,-7555.0,5,-13235.0,6,-2215.0,11
PANEL_4X4,SNACKPACK_STRAWBERRY,0,7605.0,6,-4000.0,8,-9485.0,8,3605.0,14
PANEL_4X4,SNACKPACK_RASPBERRY,0,6605.0,7,9565.0,9,-7170.0,7,16170.0,16
OXYGEN_SHAKE_MORNING_BREATH,OXYGEN_SHAKE_EVENING_BREATH,1,8610.0,7,-8295.0,8,10405.0,12,315.0,15
OXYGEN_SHAKE_MORNING_BREATH,OXYGEN_SHAKE_MINT,1,6790.0,8,-9220.0,8,-15820.0,5,-2430.0,16
OXYGEN_SHAKE_MORNING_BREATH,OXYGEN_SHAKE_CHOCOLATE,1,16445.0,10,-4330.0,9,-10895.0,5,12115.0,19
OXYGEN_SHAKE_MORNING_BREATH,OXYGEN_SHAKE_GARLIC,1,-10150.0,6,-6335.0,7,13120.0,12,-16485.0,13
OXYGEN_SHAKE_MORNING_BREATH,SNACKPACK_CHOCOLATE,0,-8940.0,3,-7105.0,6,810.0,9,-16045.0,9
OXYGEN_SHAKE_MORNING_BREATH,SNACKPACK_VANILLA,0,10495.0,9,-13410.0,5,8450.0,14,-2915.0,14
OXYGEN_SHAKE_MORNING_BREATH,SNACKPACK_PISTACHIO,0,8505.0,8,-1810.0,11,11050.0,14,6695.0,19
OXYGEN_SHAKE_MORNING_BREATH,SNACKPACK_STRAWBERRY,0,8305.0,8,-6640.0,8,13900.0,14,1665.0,16
OXYGEN_SHAKE_MORNING_BREATH,SNACKPACK_RASPBERRY,0,1625.0,6,-17270.0,3,20375.0,22,-15645.0,9
OXYGEN_SHAKE_EVENING_BREATH,OXYGEN_SHAKE_MINT,1,-2410.0,5,19280.0,15,-18965.0,5,16870.0,20
OXYGEN_SHAKE_EVENING_BREATH,OXYGEN_SHAKE_CHOCOLATE,1,3900.0,9,-1710.0,9,-10745.0,7,2190.0,18
OXYGEN_SHAKE_EVENING_BREATH,OXYGEN_SHAKE_GARLIC,1,-15645.0,6,8830.0,12,4550.0,9,-6815.0,18
OXYGEN_SHAKE_EVENING_BREATH,SNACKPACK_CHOCOLATE,0,-2555.0,6,-1340.0,8,3100.0,8,-3895.0,14
OXYGEN_SHAKE_EVENING_BREATH,SNACKPACK_VANILLA,0,2325.0,9,-2190.0,9,3155.0,10,135.0,18
OXYGEN_SHAKE_EVENING_BREATH,SNACKPACK_PISTACHIO,0,3005.0,8,6285.0,13,10910.0,12,9290.0,21
OXYGEN_SHAKE_EVENING_BREATH,SNACKPACK_STRAWBERRY,0,-9095.0,4,21935.0,21,20270.0,14,12840.0,25
OXYGEN_SHAKE_EVENING_BREATH,SNACKPACK_RASPBERRY,0,4650.0,7,-110.0,10,-2940.0,6,4540.0,17
OXYGEN_SHAKE_MINT,OXYGEN_SHAKE_CHOCOLATE,1,15230.0,10,8730.0,11,-7300.0,8,23960.0,21
OXYGEN_SHAKE_MINT,OXYGEN_SHAKE_GARLIC,1,-8790.0,7,17590.0,14,-21405.0,5,8800.0,21
OXYGEN_SHAKE_MINT,SNACKPACK_CHOCOLATE,0,3930.0,7,12885.0,10,-12105.0,5,16815.0,17
OXYGEN_SHAKE_MINT,SNACKPACK_VANILLA,0,6295.0,9,14160.0,16,-12105.0,5,20455.0,25
OXYGEN_SHAKE_MINT,SNACKPACK_PISTACHIO,0,9765.0,9,13895.0,13,-7860.0,6,23660.0,22
OXYGEN_SHAKE_MINT,SNACKPACK_STRAWBERRY,0,12520.0,10,21950.0,17,-9975.0,6,34470.0,27
OXYGEN_SHAKE_MINT,SNACKPACK_RASPBERRY,0,19120.0,14,10915.0,10,-10995.0,5,30035.0,24
OXYGEN_SHAKE_CHOCOLATE,OXYGEN_SHAKE_GARLIC,1,-5975.0,8,8520.0,10,13020.0,15,2545.0,18
OXYGEN_SHAKE_CHOCOLATE,SNACKPACK_CHOCOLATE,0,-35.0,5,8740.0,13,-925.0,13,8705.0,18
OXYGEN_SHAKE_CHOCOLATE,SNACKPACK_VANILLA,0,12210.0,10,6830.0,11,-545.0,8,19040.0,21
OXYGEN_SHAKE_CHOCOLATE,SNACKPACK_PISTACHIO,0,16485.0,15,5690.0,12,-4455.0,9,22175.0,27
OXYGEN_SHAKE_CHOCOLATE,SNACKPACK_STRAWBERRY,0,11135.0,12,-1485.0,8,4910.0,12,9650.0,20
OXYGEN_SHAKE_CHOCOLATE,SNACKPACK_RASPBERRY,0,5920.0,6,21430.0,20,-7735.0,6,27350.0,26
OXYGEN_SHAKE_GARLIC,SNACKPACK_CHOCOLATE,0,10345.0,15,6885.0,10,-5245.0,8,17230.0,25
OXYGEN_SHAKE_GARLIC,SNACKPACK_VANILLA,0,-18045.0,4,14150.0,13,5175.0,9,-3895.0,17
OXYGEN_SHAKE_GARLIC,SNACKPACK_PISTACHIO,0,415.0,9,5410.0,8,6145.0,11,5825.0,17
OXYGEN_SHAKE_GARLIC,SNACKPACK_STRAWBERRY,0,1640.0,9,16480.0,13,8935.0,12,18120.0,22
OXYGEN_SHAKE_GARLIC,SNACKPACK_RASPBERRY,0,-8785.0,6,3370.0,11,13495.0,12,-5415.0,17
SNACKPACK_CHOCOLATE,SNACKPACK_VANILLA,1,-2490.0,5,8335.0,9,-1035.0,7,5845.0,14
SNACKPACK_CHOCOLATE,SNACKPACK_PISTACHIO,1,555.0,6,10705.0,13,4965.0,12,11260.0,19
SNACKPACK_CHOCOLATE,SNACKPACK_STRAWBERRY,1,915.0,5,520.0,8,6620.0,12,1435.0,13
SNACKPACK_CHOCOLATE,SNACKPACK_RASPBERRY,1,8255.0,7,12910.0,15,8515.0,13,21165.0,22
SNACKPACK_VANILLA,SNACKPACK_PISTACHIO,1,4345.0,7,8370.0,14,9220.0,14,12715.0,21
SNACKPACK_VANILLA,SNACKPACK_STRAWBERRY,1,7565.0,8,4760.0,11,7360.0,11,12325.0,19
SNACKPACK_VANILLA,SNACKPACK_RASPBERRY,1,4585.0,7,7125.0,11,5560.0,10,11710.0,18
SNACKPACK_PISTACHIO,SNACKPACK_STRAWBERRY,1,-2120.0,7,-1260.0,11,1025.0,8,-3380.0,18
SNACKPACK_PISTACHIO,SNACKPACK_RASPBERRY,1,14710.0,8,16150.0,15,7845.0,10,30860.0,23
SNACKPACK_STRAWBERRY,SNACKPACK_RASPBERRY,1,12915.0,7,20660.0,17,6370.0,8,33575.0,24
