a,b,ent_t,exit_t,hold_ticks,ent_basket,exit_basket,gain
SLEEP_POD_POLYESTER,MICROCHIP_TRIANGLE,1999,2573,574,0,0,4895.0
SLEEP_POD_POLYESTER,MICROCHIP_TRIANGLE,3163,3738,575,0,0,4500.0
SLEEP_POD_POLYESTER,MICROCHIP_TRIANGLE,4830,5072,242,0,0,1585.0
SLEEP_POD_POLYESTER,MICROCHIP_TRIANGLE,5141,6301,1160,0,0,-1220.0
SLEEP_POD_POLYESTER,MICROCHIP_TRIANGLE,6443,7228,785,0,0,-1175.0
SLEEP_POD_POLYESTER,MICROCHIP_TRIANGLE,7689,7840,151,0,0,3470.0
SLEEP_POD_POLYESTER,MICROCHIP_TRIANGLE,8175,9376,1201,0,0,-550.0
SLEEP_POD_POLYESTER,MICROCHIP_TRIANGLE,9925,10222,297,0,1,3080.0
SLEEP_POD_POLYESTER,MICROCHIP_TRIANGLE,11231,11484,253,0,0,1565.0
SLEEP_POD_POLYESTER,MICROCHIP_TRIANGLE,11892,11982,90,0,0,2780.0
SLEEP_POD_POLYESTER,MICROCHIP_TRIANGLE,12166,12535,369,0,0,2655.0
SLEEP_POD_POLYESTER,MICROCHIP_TRIANGLE,13308,13467,159,0,0,2765.0
SLEEP_POD_POLYESTER,MICROCHIP_TRIANGLE,13713,14078,365,0,0,1035.0
SLEEP_POD_POLYESTER,MICROCHIP_TRIANGLE,14699,15137,438,0,0,1770.0
SLEEP_POD_POLYESTER,MICROCHIP_TRIANGLE,15572,16050,478,0,0,1490.0
SLEEP_POD_POLYESTER,MICROCHIP_TRIANGLE,16414,16717,303,0,0,2900.0
SLEEP_POD_POLYESTER,MICROCHIP_TRIANGLE,17789,17928,139,0,0,2100.0
SLEEP_POD_POLYESTER,MICROCHIP_TRIANGLE,18104,20715,2611,0,0,-17480.0
SLEEP_POD_POLYESTER,MICROCHIP_TRIANGLE,21131,21223,92,0,0,2930.0
SLEEP_POD_POLYESTER,MICROCHIP_TRIANGLE,21387,21684,297,0,1,1970.0
SLEEP_POD_POLYESTER,MICROCHIP_TRIANGLE,21830,21915,85,0,0,2415.0
SLEEP_POD_POLYESTER,MICROCHIP_TRIANGLE,21952,22109,157,0,0,2470.0
SLEEP_POD_POLYESTER,MICROCHIP_TRIANGLE,22165,22999,834,0,0,-420.0
SLEEP_POD_POLYESTER,MICROCHIP_TRIANGLE,23206,23344,138,0,0,2635.0
SLEEP_POD_POLYESTER,MICROCHIP_TRIANGLE,23501,23865,364,0,0,1805.0
SLEEP_POD_POLYESTER,MICROCHIP_TRIANGLE,23927,23961,34,0,0,1870.0
SLEEP_POD_POLYESTER,MICROCHIP_TRIANGLE,24021,24044,23,0,0,2005.0
SLEEP_POD_POLYESTER,MICROCHIP_TRIANGLE,24078,24106,28,0,0,1595.0
SLEEP_POD_POLYESTER,MICROCHIP_TRIANGLE,24170,24416,246,0,0,885.0
SLEEP_POD_POLYESTER,MICROCHIP_TRIANGLE,24483,24557,74,0,0,1495.0
SLEEP_POD_POLYESTER,MICROCHIP_TRIANGLE,24735,24761,26,0,0,1405.0
SLEEP_POD_POLYESTER,MICROCHIP_TRIANGLE,24814,24831,17,0,0,1515.0
SLEEP_POD_POLYESTER,MICROCHIP_TRIANGLE,25019,25140,121,0,0,1450.0
SLEEP_POD_POLYESTER,MICROCHIP_TRIANGLE,25152,25250,98,0,0,1315.0
SLEEP_POD_POLYESTER,MICROCHIP_TRIANGLE,25329,25342,13,0,0,1425.0
SLEEP_POD_POLYESTER,MICROCHIP_TRIANGLE,25469,25485,16,0,0,1380.0
SLEEP_POD_POLYESTER,MICROCHIP_TRIANGLE,25540,25700,160,0,0,1380.0
SLEEP_POD_POLYESTER,MICROCHIP_TRIANGLE,25898,26246,348,0,0,1090.0
SLEEP_POD_POLYESTER,MICROCHIP_TRIANGLE,26314,26352,38,0,0,1785.0
SLEEP_POD_POLYESTER,MICROCHIP_TRIANGLE,26973,27024,51,0,0,1815.0
SLEEP_POD_POLYESTER,MICROCHIP_TRIANGLE,27080,27561,481,0,0,1330.0
SLEEP_POD_POLYESTER,MICROCHIP_TRIANGLE,27722,28083,361,0,0,1845.0
SLEEP_POD_POLYESTER,MICROCHIP_TRIANGLE,28185,28246,61,0,0,2405.0
SLEEP_POD_POLYESTER,MICROCHIP_TRIANGLE,28593,28902,309,0,0,1755.0
MICROCHIP_CIRCLE,PEBBLES_XL,1999,3056,1057,0,1,-90.0
MICROCHIP_CIRCLE,PEBBLES_XL,3353,4098,745,0,0,-520.0
MICROCHIP_CIRCLE,PEBBLES_XL,4546,4590,44,0,0,4990.0
MICROCHIP_CIRCLE,PEBBLES_XL,5692,6751,1059,0,0,-4315.0
MICROCHIP_CIRCLE,PEBBLES_XL,7136,7966,830,0,0,-1195.0
MICROCHIP_CIRCLE,PEBBLES_XL,8387,8606,219,0,0,6065.0
MICROCHIP_CIRCLE,PEBBLES_XL,9102,9608,506,0,0,2895.0
MICROCHIP_CIRCLE,PEBBLES_XL,9748,10716,968,1,0,2515.0
MICROCHIP_CIRCLE,PEBBLES_XL,10973,11063,90,0,0,5845.0
MICROCHIP_CIRCLE,PEBBLES_XL,11438,11805,367,0,0,5330.0
MICROCHIP_CIRCLE,PEBBLES_XL,11981,12011,30,0,0,3490.0
MICROCHIP_CIRCLE,PEBBLES_XL,12375,12569,194,0,0,2990.0
MICROCHIP_CIRCLE,PEBBLES_XL,12596,12839,243,0,0,2860.0
MICROCHIP_CIRCLE,PEBBLES_XL,12953,13092,139,1,0,2915.0
MICROCHIP_CIRCLE,PEBBLES_XL,13147,13304,157,0,0,2430.0
MICROCHIP_CIRCLE,PEBBLES_XL,13418,13435,17,0,0,3175.0
MICROCHIP_CIRCLE,PEBBLES_XL,13685,14067,382,0,0,3170.0
MICROCHIP_CIRCLE,PEBBLES_XL,14242,14649,407,0,0,2025.0
MICROCHIP_CIRCLE,PEBBLES_XL,14822,15394,572,0,0,1045.0
MICROCHIP_CIRCLE,PEBBLES_XL,15520,15635,115,0,1,4995.0
MICROCHIP_CIRCLE,PEBBLES_XL,15718,16254,536,0,0,2790.0
MICROCHIP_CIRCLE,PEBBLES_XL,16498,16633,135,0,0,4515.0
MICROCHIP_CIRCLE,PEBBLES_XL,16692,17612,920,0,0,455.0
MICROCHIP_CIRCLE,PEBBLES_XL,18718,18854,136,0,0,4545.0
MICROCHIP_CIRCLE,PEBBLES_XL,18961,19049,88,0,0,3680.0
MICROCHIP_CIRCLE,PEBBLES_XL,19291,20238,947,0,0,1075.0
MICROCHIP_CIRCLE,PEBBLES_XL,20330,20499,169,0,0,3940.0
MICROCHIP_CIRCLE,PEBBLES_XL,20524,20701,177,0,0,2905.0
MICROCHIP_CIRCLE,PEBBLES_XL,20895,21428,533,0,0,2480.0
MICROCHIP_CIRCLE,PEBBLES_XL,21526,21575,49,0,0,4940.0
MICROCHIP_CIRCLE,PEBBLES_XL,22085,22177,92,0,0,4910.0
MICROCHIP_CIRCLE,PEBBLES_XL,22372,22414,42,0,0,4435.0
MICROCHIP_CIRCLE,PEBBLES_XL,22492,23499,1007,0,0,565.0
MICROCHIP_CIRCLE,PEBBLES_XL,23818,24160,342,0,0,4090.0
MICROCHIP_CIRCLE,PEBBLES_XL,24656,25127,471,1,1,2235.0
MICROCHIP_CIRCLE,PEBBLES_XL,25253,25649,396,0,0,2940.0
MICROCHIP_CIRCLE,PEBBLES_XL,25860,26436,576,0,0,3160.0
MICROCHIP_CIRCLE,PEBBLES_XL,26574,28003,1429,0,0,-5405.0
MICROCHIP_CIRCLE,PEBBLES_XL,28233,28462,229,0,0,4980.0
MICROCHIP_CIRCLE,PEBBLES_XL,28556,28665,109,0,0,4030.0
MICROCHIP_CIRCLE,PEBBLES_XL,28989,29895,906,0,0,-735.0
MICROCHIP_RECTANGLE,TRANSLATOR_VOID_BLUE,2183,2813,630,0,0,990.0
MICROCHIP_RECTANGLE,TRANSLATOR_VOID_BLUE,3287,4395,1108,0,0,-2510.0
MICROCHIP_RECTANGLE,TRANSLATOR_VOID_BLUE,5152,5528,376,0,0,1870.0
MICROCHIP_RECTANGLE,TRANSLATOR_VOID_BLUE,5918,6710,792,0,0,-325.0
MICROCHIP_RECTANGLE,TRANSLATOR_VOID_BLUE,7094,7292,198,0,0,2435.0
MICROCHIP_RECTANGLE,TRANSLATOR_VOID_BLUE,7662,7693,31,1,0,2515.0
MICROCHIP_RECTANGLE,TRANSLATOR_VOID_BLUE,7989,8053,64,0,0,1660.0
MICROCHIP_RECTANGLE,TRANSLATOR_VOID_BLUE,8158,8287,129,0,0,1520.0
MICROCHIP_RECTANGLE,TRANSLATOR_VOID_BLUE,8502,8547,45,0,0,1525.0
MICROCHIP_RECTANGLE,TRANSLATOR_VOID_BLUE,8604,8753,149,0,0,1790.0
MICROCHIP_RECTANGLE,TRANSLATOR_VOID_BLUE,9014,9121,107,0,0,1410.0
MICROCHIP_RECTANGLE,TRANSLATOR_VOID_BLUE,9209,11720,2511,0,0,-9225.0
MICROCHIP_RECTANGLE,TRANSLATOR_VOID_BLUE,12134,12416,282,0,0,2775.0
MICROCHIP_RECTANGLE,TRANSLATOR_VOID_BLUE,13176,14367,1191,0,0,-2950.0
MICROCHIP_RECTANGLE,TRANSLATOR_VOID_BLUE,14756,14931,175,0,0,4240.0
MICROCHIP_RECTANGLE,TRANSLATOR_VOID_BLUE,15487,16847,1360,0,0,-1025.0
MICROCHIP_RECTANGLE,TRANSLATOR_VOID_BLUE,17080,17379,299,0,0,2585.0
MICROCHIP_RECTANGLE,TRANSLATOR_VOID_BLUE,17888,19481,1593,0,0,-4505.0
MICROCHIP_RECTANGLE,TRANSLATOR_VOID_BLUE,20190,20270,80,0,0,1785.0
MICROCHIP_RECTANGLE,TRANSLATOR_VOID_BLUE,20348,20528,180,0,0,1645.0
MICROCHIP_RECTANGLE,TRANSLATOR_VOID_BLUE,20599,20701,102,0,0,1885.0
MICROCHIP_RECTANGLE,TRANSLATOR_VOID_BLUE,20743,21298,555,0,0,780.0
MICROCHIP_RECTANGLE,TRANSLATOR_VOID_BLUE,21470,21621,151,0,0,1660.0
MICROCHIP_RECTANGLE,TRANSLATOR_VOID_BLUE,21914,22416,502,0,0,1565.0
MICROCHIP_RECTANGLE,TRANSLATOR_VOID_BLUE,22581,22914,333,0,1,2125.0
MICROCHIP_RECTANGLE,TRANSLATOR_VOID_BLUE,23168,23697,529,0,0,2200.0
MICROCHIP_RECTANGLE,TRANSLATOR_VOID_BLUE,23893,23969,76,0,0,2840.0
MICROCHIP_RECTANGLE,TRANSLATOR_VOID_BLUE,24635,24672,37,0,0,2430.0
MICROCHIP_RECTANGLE,TRANSLATOR_VOID_BLUE,24725,24861,136,0,0,2175.0
MICROCHIP_RECTANGLE,TRANSLATOR_VOID_BLUE,25008,25029,21,0,0,1830.0
MICROCHIP_RECTANGLE,TRANSLATOR_VOID_BLUE,25115,25269,154,0,0,2005.0
MICROCHIP_RECTANGLE,TRANSLATOR_VOID_BLUE,25383,25880,497,0,0,710.0
MICROCHIP_RECTANGLE,TRANSLATOR_VOID_BLUE,26166,26241,75,0,0,2190.0
MICROCHIP_RECTANGLE,TRANSLATOR_VOID_BLUE,26336,27190,854,0,0,-30.0
MICROCHIP_RECTANGLE,TRANSLATOR_VOID_BLUE,28715,28827,112,0,0,1895.0
MICROCHIP_RECTANGLE,TRANSLATOR_VOID_BLUE,28905,28926,21,0,0,1755.0
MICROCHIP_RECTANGLE,TRANSLATOR_VOID_BLUE,28945,29183,238,0,0,1030.0
MICROCHIP_RECTANGLE,TRANSLATOR_VOID_BLUE,29233,29502,269,0,0,1600.0
SLEEP_POD_SUEDE,PEBBLES_M,2053,3022,969,0,0,-715.0
SLEEP_POD_SUEDE,PEBBLES_M,3929,4439,510,0,0,1650.0
SLEEP_POD_SUEDE,PEBBLES_M,4546,5327,781,0,0,1845.0
SLEEP_POD_SUEDE,PEBBLES_M,5660,5704,44,0,0,2140.0
SLEEP_POD_SUEDE,PEBBLES_M,6131,6726,595,0,0,-330.0
SLEEP_POD_SUEDE,PEBBLES_M,6946,9325,2379,0,0,-12620.0
SLEEP_POD_SUEDE,PEBBLES_M,9620,10087,467,0,0,595.0
SLEEP_POD_SUEDE,PEBBLES_M,10361,11330,969,0,0,-2815.0
SLEEP_POD_SUEDE,PEBBLES_M,12206,12741,535,0,0,3170.0
SLEEP_POD_SUEDE,PEBBLES_M,13158,13620,462,0,0,1180.0
SLEEP_POD_SUEDE,PEBBLES_M,13944,14242,298,0,0,2145.0
SLEEP_POD_SUEDE,PEBBLES_M,14952,15374,422,0,0,2145.0
SLEEP_POD_SUEDE,PEBBLES_M,15829,16072,243,0,0,2200.0
SLEEP_POD_SUEDE,PEBBLES_M,16256,16398,142,0,0,1735.0
SLEEP_POD_SUEDE,PEBBLES_M,16494,16594,100,0,0,1585.0
SLEEP_POD_SUEDE,PEBBLES_M,16712,17024,312,0,0,1320.0
SLEEP_POD_SUEDE,PEBBLES_M,17096,17209,113,0,0,1925.0
SLEEP_POD_SUEDE,PEBBLES_M,17240,17431,191,0,0,2445.0
SLEEP_POD_SUEDE,PEBBLES_M,17841,18749,908,0,0,260.0
SLEEP_POD_SUEDE,PEBBLES_M,18950,19355,405,0,0,2045.0
SLEEP_POD_SUEDE,PEBBLES_M,19563,19790,227,0,0,2375.0
SLEEP_POD_SUEDE,PEBBLES_M,20045,20210,165,0,0,2045.0
SLEEP_POD_SUEDE,PEBBLES_M,20554,20800,246,0,0,2755.0
SLEEP_POD_SUEDE,PEBBLES_M,20854,21073,219,1,0,1860.0
SLEEP_POD_SUEDE,PEBBLES_M,21157,21262,105,0,0,2615.0
SLEEP_POD_SUEDE,PEBBLES_M,21753,22125,372,0,0,2210.0
SLEEP_POD_SUEDE,PEBBLES_M,22272,22324,52,0,0,2485.0
SLEEP_POD_SUEDE,PEBBLES_M,22485,22597,112,0,1,2840.0
SLEEP_POD_SUEDE,PEBBLES_M,22713,23516,803,0,0,460.0
SLEEP_POD_SUEDE,PEBBLES_M,23990,24841,851,0,0,2650.0
SLEEP_POD_SUEDE,PEBBLES_M,25270,25510,240,0,0,3450.0
SLEEP_POD_SUEDE,PEBBLES_M,25676,25907,231,0,1,3030.0
SLEEP_POD_SUEDE,PEBBLES_M,25981,26189,208,0,0,2950.0
SLEEP_POD_SUEDE,PEBBLES_M,26405,26620,215,0,0,3115.0
SLEEP_POD_SUEDE,PEBBLES_M,26697,27973,1276,0,0,-3140.0
SLEEP_POD_SUEDE,PEBBLES_M,29142,29189,47,0,0,2635.0
SLEEP_POD_SUEDE,PEBBLES_M,29310,29829,519,0,0,385.0
ROBOT_DISHES,UV_VISOR_RED,3055,3381,326,0,0,2150.0
ROBOT_DISHES,UV_VISOR_RED,3634,3733,99,0,0,2055.0
ROBOT_DISHES,UV_VISOR_RED,3869,4285,416,0,0,1065.0
ROBOT_DISHES,UV_VISOR_RED,5431,6458,1027,0,0,-485.0
ROBOT_DISHES,UV_VISOR_RED,6812,7611,799,0,0,35.0
ROBOT_DISHES,UV_VISOR_RED,8380,9209,829,0,0,995.0
ROBOT_DISHES,UV_VISOR_RED,9977,10202,225,0,0,1520.0
ROBOT_DISHES,UV_VISOR_RED,10267,11052,785,0,0,-460.0
ROBOT_DISHES,UV_VISOR_RED,11798,12808,1010,0,0,1170.0
ROBOT_DISHES,UV_VISOR_RED,13566,13908,342,0,0,1830.0
ROBOT_DISHES,UV_VISOR_RED,14147,14468,321,0,1,1375.0
ROBOT_DISHES,UV_VISOR_RED,14850,15103,253,0,0,1400.0
ROBOT_DISHES,UV_VISOR_RED,15409,16045,636,0,0,1015.0
ROBOT_DISHES,UV_VISOR_RED,16453,16648,195,0,0,2315.0
ROBOT_DISHES,UV_VISOR_RED,17761,17997,236,0,0,1530.0
ROBOT_DISHES,UV_VISOR_RED,18309,19799,1490,0,0,-4065.0
ROBOT_DISHES,UV_VISOR_RED,20315,20521,206,0,0,3210.0
ROBOT_DISHES,UV_VISOR_RED,20907,20951,44,0,0,2780.0
ROBOT_DISHES,UV_VISOR_RED,20994,21781,787,1,0,1185.0
ROBOT_DISHES,UV_VISOR_RED,22150,22814,664,0,0,2030.0
ROBOT_DISHES,UV_VISOR_RED,24529,24583,54,0,0,2990.0
ROBOT_DISHES,UV_VISOR_RED,25015,25176,161,0,0,2450.0
ROBOT_DISHES,UV_VISOR_RED,25233,25256,23,0,0,2890.0
ROBOT_DISHES,UV_VISOR_RED,25423,25593,170,0,0,2120.0
ROBOT_DISHES,UV_VISOR_RED,25691,26220,529,0,0,2160.0
ROBOT_DISHES,UV_VISOR_RED,26747,27149,402,0,0,1645.0
ROBOT_DISHES,UV_VISOR_RED,27498,27651,153,0,0,3795.0
ROBOT_DISHES,UV_VISOR_RED,27981,28156,175,0,0,2805.0
ROBOT_DISHES,UV_VISOR_RED,28746,29332,586,0,0,3140.0
MICROCHIP_OVAL,PEBBLES_XS,2555,3571,1016,0,0,-3655.0
MICROCHIP_OVAL,PEBBLES_XS,4387,4532,145,0,0,4495.0
MICROCHIP_OVAL,PEBBLES_XS,4588,4838,250,0,0,2885.0
MICROCHIP_OVAL,PEBBLES_XS,4970,5189,219,0,0,2805.0
MICROCHIP_OVAL,PEBBLES_XS,5458,5511,53,0,0,2150.0
MICROCHIP_OVAL,PEBBLES_XS,5687,7688,2001,0,0,-6315.0
MICROCHIP_OVAL,PEBBLES_XS,7783,7951,168,0,0,2915.0
MICROCHIP_OVAL,PEBBLES_XS,8298,8604,306,0,0,1840.0
MICROCHIP_OVAL,PEBBLES_XS,8711,9064,353,0,0,655.0
MICROCHIP_OVAL,PEBBLES_XS,9183,9375,192,0,0,2820.0
MICROCHIP_OVAL,PEBBLES_XS,9557,9852,295,0,0,2750.0
MICROCHIP_OVAL,PEBBLES_XS,10553,10975,422,0,0,1510.0
MICROCHIP_OVAL,PEBBLES_XS,11233,11901,668,0,1,890.0
MICROCHIP_OVAL,PEBBLES_XS,12291,13156,865,0,0,70.0
MICROCHIP_OVAL,PEBBLES_XS,14157,14262,105,0,0,2055.0
MICROCHIP_OVAL,PEBBLES_XS,14358,14598,240,1,0,1870.0
MICROCHIP_OVAL,PEBBLES_XS,14806,15271,465,0,0,1750.0
MICROCHIP_OVAL,PEBBLES_XS,15726,15981,255,0,0,3245.0
MICROCHIP_OVAL,PEBBLES_XS,16315,17232,917,1,0,2025.0
MICROCHIP_OVAL,PEBBLES_XS,17805,18655,850,0,0,1860.0
MICROCHIP_OVAL,PEBBLES_XS,18818,19095,277,0,0,4475.0
MICROCHIP_OVAL,PEBBLES_XS,19300,21149,1849,0,0,-8810.0
MICROCHIP_OVAL,PEBBLES_XS,21330,21691,361,0,0,1730.0
MICROCHIP_OVAL,PEBBLES_XS,21782,21841,59,0,0,2525.0
MICROCHIP_OVAL,PEBBLES_XS,22043,22393,350,0,0,1655.0
MICROCHIP_OVAL,PEBBLES_XS,22533,22597,64,0,0,1810.0
MICROCHIP_OVAL,PEBBLES_XS,22834,23011,177,0,0,1490.0
MICROCHIP_OVAL,PEBBLES_XS,23237,23257,20,0,0,1480.0
MICROCHIP_OVAL,PEBBLES_XS,23285,24020,735,0,0,390.0
MICROCHIP_OVAL,PEBBLES_XS,24108,24144,36,0,0,2195.0
MICROCHIP_OVAL,PEBBLES_XS,24280,24364,84,1,0,2395.0
MICROCHIP_OVAL,PEBBLES_XS,25010,25034,24,0,0,1540.0
MICROCHIP_OVAL,PEBBLES_XS,25197,25264,67,0,0,1350.0
MICROCHIP_OVAL,PEBBLES_XS,25413,25429,16,0,0,1240.0
MICROCHIP_OVAL,PEBBLES_XS,25467,25678,211,0,0,1080.0
MICROCHIP_OVAL,PEBBLES_XS,25740,25768,28,0,0,1385.0
MICROCHIP_OVAL,PEBBLES_XS,25791,25811,20,1,0,1270.0
MICROCHIP_OVAL,PEBBLES_XS,26187,26478,291,1,0,865.0
MICROCHIP_OVAL,PEBBLES_XS,26574,26722,148,0,0,1765.0
MICROCHIP_OVAL,PEBBLES_XS,26793,26874,81,0,0,1720.0
MICROCHIP_OVAL,PEBBLES_XS,26920,27033,113,0,0,1800.0
MICROCHIP_OVAL,PEBBLES_XS,27360,27605,245,0,0,1535.0
MICROCHIP_OVAL,PEBBLES_XS,27855,27893,38,0,0,2090.0
MICROCHIP_OVAL,PEBBLES_XS,27974,28493,519,0,0,1165.0
MICROCHIP_OVAL,PEBBLES_XS,28753,29849,1096,0,0,-2735.0
PANEL_1X2,PANEL_2X4,2221,2278,57,0,0,1840.0
PANEL_1X2,PANEL_2X4,2416,2601,185,0,0,1395.0
PANEL_1X2,PANEL_2X4,2772,2877,105,0,0,1295.0
PANEL_1X2,PANEL_2X4,3013,3202,189,0,0,1510.0
PANEL_1X2,PANEL_2X4,3231,3468,237,0,0,1110.0
PANEL_1X2,PANEL_2X4,3581,5641,2060,0,0,-7260.0
PANEL_1X2,PANEL_2X4,6168,6232,64,0,0,1245.0
PANEL_1X2,PANEL_2X4,6407,6571,164,1,0,1225.0
PANEL_1X2,PANEL_2X4,6840,8698,1858,0,0,-6145.0
PANEL_1X2,PANEL_2X4,9019,9197,178,0,0,2630.0
PANEL_1X2,PANEL_2X4,9897,10038,141,1,0,2495.0
PANEL_1X2,PANEL_2X4,10316,11354,1038,0,0,-210.0
PANEL_1X2,PANEL_2X4,11615,11825,210,0,0,2640.0
PANEL_1X2,PANEL_2X4,11998,12215,217,0,0,2015.0
PANEL_1X2,PANEL_2X4,12486,12708,222,0,0,1255.0
PANEL_1X2,PANEL_2X4,12861,13021,160,0,0,1545.0
PANEL_1X2,PANEL_2X4,13143,14091,948,0,0,-800.0
PANEL_1X2,PANEL_2X4,14498,15917,1419,0,0,-2195.0
PANEL_1X2,PANEL_2X4,16598,17400,802,0,0,600.0
PANEL_1X2,PANEL_2X4,17666,19358,1692,0,0,-2490.0
PANEL_1X2,PANEL_2X4,19659,19763,104,0,0,1865.0
PANEL_1X2,PANEL_2X4,20044,20861,817,0,0,-345.0
PANEL_1X2,PANEL_2X4,21291,21406,115,0,0,2700.0
PANEL_1X2,PANEL_2X4,21523,22205,682,0,0,1785.0
PANEL_1X2,PANEL_2X4,22617,22742,125,0,0,2120.0
PANEL_1X2,PANEL_2X4,22902,22926,24,1,0,1290.0
PANEL_1X2,PANEL_2X4,23259,23301,42,0,0,1180.0
PANEL_1X2,PANEL_2X4,23351,23400,49,0,0,1285.0
PANEL_1X2,PANEL_2X4,23525,23657,132,0,0,1000.0
PANEL_1X2,PANEL_2X4,23730,23785,55,0,0,1135.0
PANEL_1X2,PANEL_2X4,23880,24616,736,0,0,445.0
PANEL_1X2,PANEL_2X4,24673,24818,145,0,0,1555.0
PANEL_1X2,PANEL_2X4,24902,25217,315,0,0,1365.0
PANEL_1X2,PANEL_2X4,25290,25373,83,0,0,2155.0
PANEL_1X2,PANEL_2X4,25954,26097,143,0,0,1845.0
PANEL_1X2,PANEL_2X4,26361,26708,347,0,0,1725.0
PANEL_1X2,PANEL_2X4,27087,27910,823,0,0,1595.0
PANEL_1X2,PANEL_2X4,28564,29028,464,0,0,2895.0
PANEL_1X2,PANEL_2X4,29147,29694,547,0,0,1155.0
PANEL_1X2,PANEL_2X4,29804,29891,87,1,0,2980.0
GALAXY_SOUNDS_PLANETARY_RINGS,MICROCHIP_SQUARE,1999,3832,1833,0,0,-11725.0
GALAXY_SOUNDS_PLANETARY_RINGS,MICROCHIP_SQUARE,4338,4869,531,0,0,1850.0
GALAXY_SOUNDS_PLANETARY_RINGS,MICROCHIP_SQUARE,5098,5221,123,0,0,2255.0
GALAXY_SOUNDS_PLANETARY_RINGS,MICROCHIP_SQUARE,5395,5476,81,0,0,2475.0
GALAXY_SOUNDS_PLANETARY_RINGS,MICROCHIP_SQUARE,6035,6073,38,0,1,2230.0
GALAXY_SOUNDS_PLANETARY_RINGS,MICROCHIP_SQUARE,6736,6751,15,0,0,1815.0
GALAXY_SOUNDS_PLANETARY_RINGS,MICROCHIP_SQUARE,6848,7606,758,0,0,-90.0
GALAXY_SOUNDS_PLANETARY_RINGS,MICROCHIP_SQUARE,7654,7719,65,0,0,2405.0
GALAXY_SOUNDS_PLANETARY_RINGS,MICROCHIP_SQUARE,8030,9946,1916,0,0,-6550.0
GALAXY_SOUNDS_PLANETARY_RINGS,MICROCHIP_SQUARE,10718,12525,1807,0,0,-7660.0
GALAXY_SOUNDS_PLANETARY_RINGS,MICROCHIP_SQUARE,13267,14737,1470,0,0,-3735.0
GALAXY_SOUNDS_PLANETARY_RINGS,MICROCHIP_SQUARE,15646,15888,242,0,0,3220.0
GALAXY_SOUNDS_PLANETARY_RINGS,MICROCHIP_SQUARE,16512,16629,117,0,0,4245.0
GALAXY_SOUNDS_PLANETARY_RINGS,MICROCHIP_SQUARE,16798,16932,134,0,0,3720.0
GALAXY_SOUNDS_PLANETARY_RINGS,MICROCHIP_SQUARE,17307,17771,464,0,0,2105.0
GALAXY_SOUNDS_PLANETARY_RINGS,MICROCHIP_SQUARE,17880,18271,391,0,0,2400.0
GALAXY_SOUNDS_PLANETARY_RINGS,MICROCHIP_SQUARE,19040,19371,331,0,0,4015.0
GALAXY_SOUNDS_PLANETARY_RINGS,MICROCHIP_SQUARE,19695,21106,1411,0,0,-2940.0
GALAXY_SOUNDS_PLANETARY_RINGS,MICROCHIP_SQUARE,21353,21863,510,0,0,5425.0
GALAXY_SOUNDS_PLANETARY_RINGS,MICROCHIP_SQUARE,22338,22437,99,0,0,4585.0
GALAXY_SOUNDS_PLANETARY_RINGS,MICROCHIP_SQUARE,22828,23156,328,0,0,4380.0
GALAXY_SOUNDS_PLANETARY_RINGS,MICROCHIP_SQUARE,23727,24361,634,0,0,290.0
GALAXY_SOUNDS_PLANETARY_RINGS,MICROCHIP_SQUARE,24822,25271,449,0,0,4265.0
GALAXY_SOUNDS_PLANETARY_RINGS,MICROCHIP_SQUARE,26074,27066,992,0,0,1515.0
GALAXY_SOUNDS_PLANETARY_RINGS,MICROCHIP_SQUARE,27171,27544,373,0,0,3000.0
GALAXY_SOUNDS_PLANETARY_RINGS,MICROCHIP_SQUARE,27745,28478,733,0,0,-210.0
GALAXY_SOUNDS_PLANETARY_RINGS,MICROCHIP_SQUARE,29546,29626,80,0,0,3395.0
GALAXY_SOUNDS_PLANETARY_RINGS,MICROCHIP_SQUARE,29805,29991,186,0,0,2615.0
ROBOT_VACUUMING,SNACKPACK_RASPBERRY,2650,3614,964,0,0,2220.0
ROBOT_VACUUMING,SNACKPACK_RASPBERRY,4182,4263,81,0,0,1680.0
ROBOT_VACUUMING,SNACKPACK_RASPBERRY,4453,4583,130,0,0,1325.0
ROBOT_VACUUMING,SNACKPACK_RASPBERRY,4657,4727,70,0,0,1550.0
ROBOT_VACUUMING,SNACKPACK_RASPBERRY,4890,6004,1114,0,0,-2185.0
ROBOT_VACUUMING,SNACKPACK_RASPBERRY,7330,7882,552,0,0,525.0
ROBOT_VACUUMING,SNACKPACK_RASPBERRY,8253,8881,628,0,0,430.0
ROBOT_VACUUMING,SNACKPACK_RASPBERRY,9377,9440,63,0,0,2005.0
ROBOT_VACUUMING,SNACKPACK_RASPBERRY,9766,10255,489,0,0,2005.0
ROBOT_VACUUMING,SNACKPACK_RASPBERRY,10756,10942,186,0,0,1565.0
ROBOT_VACUUMING,SNACKPACK_RASPBERRY,11133,11257,124,0,0,1405.0
ROBOT_VACUUMING,SNACKPACK_RASPBERRY,11332,11421,89,0,0,1450.0
ROBOT_VACUUMING,SNACKPACK_RASPBERRY,11878,11945,67,0,0,1515.0
ROBOT_VACUUMING,SNACKPACK_RASPBERRY,11994,13126,1132,0,0,-685.0
ROBOT_VACUUMING,SNACKPACK_RASPBERRY,13803,13944,141,0,0,1440.0
ROBOT_VACUUMING,SNACKPACK_RASPBERRY,14080,16165,2085,0,0,-4955.0
ROBOT_VACUUMING,SNACKPACK_RASPBERRY,16429,16661,232,0,0,1735.0
ROBOT_VACUUMING,SNACKPACK_RASPBERRY,16968,17099,131,0,1,1350.0
ROBOT_VACUUMING,SNACKPACK_RASPBERRY,17304,17982,678,0,0,385.0
ROBOT_VACUUMING,SNACKPACK_RASPBERRY,18163,18328,165,0,0,1665.0
ROBOT_VACUUMING,SNACKPACK_RASPBERRY,18516,18544,28,0,0,1645.0
ROBOT_VACUUMING,SNACKPACK_RASPBERRY,18790,18968,178,0,0,1400.0
ROBOT_VACUUMING,SNACKPACK_RASPBERRY,19998,20055,57,0,0,1320.0
ROBOT_VACUUMING,SNACKPACK_RASPBERRY,20194,20400,206,0,0,1225.0
ROBOT_VACUUMING,SNACKPACK_RASPBERRY,20445,20464,19,0,0,1145.0
ROBOT_VACUUMING,SNACKPACK_RASPBERRY,20574,20752,178,0,0,1040.0
ROBOT_VACUUMING,SNACKPACK_RASPBERRY,21017,21164,147,0,0,1085.0
ROBOT_VACUUMING,SNACKPACK_RASPBERRY,21386,21440,54,0,0,1375.0
ROBOT_VACUUMING,SNACKPACK_RASPBERRY,21804,21925,121,0,0,1230.0
ROBOT_VACUUMING,SNACKPACK_RASPBERRY,21987,22063,76,0,0,1255.0
ROBOT_VACUUMING,SNACKPACK_RASPBERRY,22083,22162,79,0,0,1275.0
ROBOT_VACUUMING,SNACKPACK_RASPBERRY,22203,22891,688,0,0,385.0
ROBOT_VACUUMING,SNACKPACK_RASPBERRY,23394,23445,51,0,0,1550.0
ROBOT_VACUUMING,SNACKPACK_RASPBERRY,23547,23731,184,0,0,1395.0
ROBOT_VACUUMING,SNACKPACK_RASPBERRY,23780,23875,95,0,0,1505.0
ROBOT_VACUUMING,SNACKPACK_RASPBERRY,23901,24452,551,0,0,575.0
ROBOT_VACUUMING,SNACKPACK_RASPBERRY,24484,24546,62,0,0,1505.0
ROBOT_VACUUMING,SNACKPACK_RASPBERRY,25312,25540,228,0,0,985.0
ROBOT_VACUUMING,SNACKPACK_RASPBERRY,26180,26293,113,0,0,975.0
ROBOT_VACUUMING,SNACKPACK_RASPBERRY,26415,26484,69,0,0,1200.0
ROBOT_VACUUMING,SNACKPACK_RASPBERRY,26746,26891,145,0,0,1090.0
ROBOT_VACUUMING,SNACKPACK_RASPBERRY,27082,27189,107,0,0,1035.0
ROBOT_VACUUMING,SNACKPACK_RASPBERRY,27412,27653,241,0,0,1225.0
ROBOT_VACUUMING,SNACKPACK_RASPBERRY,27900,27930,30,0,0,1335.0
ROBOT_VACUUMING,SNACKPACK_RASPBERRY,27969,28467,498,0,0,535.0
ROBOT_VACUUMING,SNACKPACK_RASPBERRY,28584,28651,67,0,0,1780.0
ROBOT_VACUUMING,SNACKPACK_RASPBERRY,28986,29075,89,0,0,1360.0
ROBOT_VACUUMING,SNACKPACK_RASPBERRY,29111,29157,46,0,0,1495.0
ROBOT_VACUUMING,SNACKPACK_RASPBERRY,29188,29221,33,0,0,1470.0
PEBBLES_S,PANEL_2X2,2380,3152,772,0,0,715.0
PEBBLES_S,PANEL_2X2,3363,4124,761,0,0,650.0
PEBBLES_S,PANEL_2X2,4595,4653,58,0,0,3470.0
PEBBLES_S,PANEL_2X2,5205,5926,721,0,0,-380.0
PEBBLES_S,PANEL_2X2,7484,8429,945,0,0,-380.0
PEBBLES_S,PANEL_2X2,8915,9744,829,0,0,1050.0
PEBBLES_S,PANEL_2X2,9759,10005,246,0,0,2060.0
PEBBLES_S,PANEL_2X2,10567,10683,116,1,0,1820.0
PEBBLES_S,PANEL_2X2,10833,11029,196,0,0,1300.0
PEBBLES_S,PANEL_2X2,11126,11253,127,0,0,1470.0
PEBBLES_S,PANEL_2X2,11286,11418,132,0,0,1450.0
PEBBLES_S,PANEL_2X2,11506,11530,24,0,0,1630.0
PEBBLES_S,PANEL_2X2,11586,11741,155,1,1,1365.0
PEBBLES_S,PANEL_2X2,11767,11981,214,0,0,1370.0
PEBBLES_S,PANEL_2X2,12127,12149,22,0,0,1930.0
PEBBLES_S,PANEL_2X2,12334,12454,120,0,0,1690.0
PEBBLES_S,PANEL_2X2,12668,12723,55,0,0,1780.0
PEBBLES_S,PANEL_2X2,12832,12887,55,0,0,1520.0
PEBBLES_S,PANEL_2X2,12984,13120,136,0,1,1710.0
PEBBLES_S,PANEL_2X2,13168,13281,113,0,0,1815.0
PEBBLES_S,PANEL_2X2,13870,14060,190,0,0,1515.0
PEBBLES_S,PANEL_2X2,14183,15786,1603,0,0,-3690.0
PEBBLES_S,PANEL_2X2,16342,16373,31,0,0,2005.0
PEBBLES_S,PANEL_2X2,16822,18118,1296,0,0,-2760.0
PEBBLES_S,PANEL_2X2,18480,19520,1040,0,0,-335.0
PEBBLES_S,PANEL_2X2,19985,20061,76,0,0,2665.0
PEBBLES_S,PANEL_2X2,20388,20474,86,0,0,1505.0
PEBBLES_S,PANEL_2X2,20553,20669,116,0,0,1430.0
PEBBLES_S,PANEL_2X2,20732,20970,238,0,0,1500.0
PEBBLES_S,PANEL_2X2,21255,21407,152,0,0,1850.0
PEBBLES_S,PANEL_2X2,21597,21682,85,0,0,1700.0
PEBBLES_S,PANEL_2X2,21811,21826,15,0,0,1620.0
PEBBLES_S,PANEL_2X2,22117,22135,18,0,0,1595.0
PEBBLES_S,PANEL_2X2,22181,22315,134,0,0,1690.0
PEBBLES_S,PANEL_2X2,22409,22865,456,0,0,765.0
PEBBLES_S,PANEL_2X2,23528,23648,120,1,0,2370.0
PEBBLES_S,PANEL_2X2,23751,24317,566,0,0,1975.0
PEBBLES_S,PANEL_2X2,24475,24972,497,0,0,1670.0
PEBBLES_S,PANEL_2X2,25300,25500,200,0,0,3320.0
PEBBLES_S,PANEL_2X2,26243,26436,193,0,0,2100.0
PEBBLES_S,PANEL_2X2,26651,28126,1475,0,0,-4510.0
PEBBLES_S,PANEL_2X2,28865,29030,165,0,0,2265.0
PEBBLES_S,PANEL_2X2,29440,29906,466,0,0,1080.0
GALAXY_SOUNDS_BLACK_HOLES,OXYGEN_SHAKE_GARLIC,1999,2094,95,0,0,3850.0
GALAXY_SOUNDS_BLACK_HOLES,OXYGEN_SHAKE_GARLIC,2368,4307,1939,0,0,-3545.0
GALAXY_SOUNDS_BLACK_HOLES,OXYGEN_SHAKE_GARLIC,4361,5332,971,0,0,-2425.0
GALAXY_SOUNDS_BLACK_HOLES,OXYGEN_SHAKE_GARLIC,5957,6544,587,0,0,2655.0
GALAXY_SOUNDS_BLACK_HOLES,OXYGEN_SHAKE_GARLIC,6923,7280,357,0,0,1890.0
GALAXY_SOUNDS_BLACK_HOLES,OXYGEN_SHAKE_GARLIC,7359,8250,891,1,0,-1465.0
GALAXY_SOUNDS_BLACK_HOLES,OXYGEN_SHAKE_GARLIC,10013,10526,513,0,0,740.0
GALAXY_SOUNDS_BLACK_HOLES,OXYGEN_SHAKE_GARLIC,10790,11553,763,0,0,265.0
GALAXY_SOUNDS_BLACK_HOLES,OXYGEN_SHAKE_GARLIC,11765,11901,136,0,0,3365.0
GALAXY_SOUNDS_BLACK_HOLES,OXYGEN_SHAKE_GARLIC,12185,12773,588,0,0,1170.0
GALAXY_SOUNDS_BLACK_HOLES,OXYGEN_SHAKE_GARLIC,14733,14944,211,0,0,1685.0
GALAXY_SOUNDS_BLACK_HOLES,OXYGEN_SHAKE_GARLIC,15096,15549,453,0,0,1585.0
GALAXY_SOUNDS_BLACK_HOLES,OXYGEN_SHAKE_GARLIC,15710,16209,499,0,0,1130.0
GALAXY_SOUNDS_BLACK_HOLES,OXYGEN_SHAKE_GARLIC,16963,17055,92,0,0,1820.0
GALAXY_SOUNDS_BLACK_HOLES,OXYGEN_SHAKE_GARLIC,17176,17274,98,0,0,1650.0
GALAXY_SOUNDS_BLACK_HOLES,OXYGEN_SHAKE_GARLIC,17433,18274,841,0,0,-1980.0
GALAXY_SOUNDS_BLACK_HOLES,OXYGEN_SHAKE_GARLIC,19114,20838,1724,0,0,-5760.0
GALAXY_SOUNDS_BLACK_HOLES,OXYGEN_SHAKE_GARLIC,21707,21790,83,0,0,1970.0
GALAXY_SOUNDS_BLACK_HOLES,OXYGEN_SHAKE_GARLIC,21956,21982,26,0,0,2165.0
GALAXY_SOUNDS_BLACK_HOLES,OXYGEN_SHAKE_GARLIC,22056,22089,33,0,1,1860.0
GALAXY_SOUNDS_BLACK_HOLES,OXYGEN_SHAKE_GARLIC,22437,22587,150,0,0,1570.0
GALAXY_SOUNDS_BLACK_HOLES,OXYGEN_SHAKE_GARLIC,22741,22785,44,0,0,1620.0
GALAXY_SOUNDS_BLACK_HOLES,OXYGEN_SHAKE_GARLIC,22909,22988,79,0,0,1670.0
GALAXY_SOUNDS_BLACK_HOLES,OXYGEN_SHAKE_GARLIC,23239,23277,38,0,0,1540.0
GALAXY_SOUNDS_BLACK_HOLES,OXYGEN_SHAKE_GARLIC,23493,23611,118,0,1,1450.0
GALAXY_SOUNDS_BLACK_HOLES,OXYGEN_SHAKE_GARLIC,23661,24363,702,0,0,430.0
GALAXY_SOUNDS_BLACK_HOLES,OXYGEN_SHAKE_GARLIC,24519,24777,258,0,0,1885.0
GALAXY_SOUNDS_BLACK_HOLES,OXYGEN_SHAKE_GARLIC,24917,25180,263,0,0,2320.0
GALAXY_SOUNDS_BLACK_HOLES,OXYGEN_SHAKE_GARLIC,25421,25949,528,0,0,1345.0
GALAXY_SOUNDS_BLACK_HOLES,OXYGEN_SHAKE_GARLIC,26196,26281,85,0,0,2290.0
GALAXY_SOUNDS_BLACK_HOLES,OXYGEN_SHAKE_GARLIC,26418,27255,837,0,0,-670.0
GALAXY_SOUNDS_BLACK_HOLES,OXYGEN_SHAKE_GARLIC,27435,27790,355,0,0,2645.0
GALAXY_SOUNDS_BLACK_HOLES,OXYGEN_SHAKE_GARLIC,27932,28473,541,0,0,1305.0
GALAXY_SOUNDS_BLACK_HOLES,OXYGEN_SHAKE_GARLIC,28560,29917,1357,0,0,-4610.0
SLEEP_POD_LAMB_WOOL,SNACKPACK_VANILLA,2909,3214,305,0,0,1985.0
SLEEP_POD_LAMB_WOOL,SNACKPACK_VANILLA,4362,4812,450,0,0,930.0
SLEEP_POD_LAMB_WOOL,SNACKPACK_VANILLA,5144,7254,2110,0,0,-7940.0
SLEEP_POD_LAMB_WOOL,SNACKPACK_VANILLA,7456,7576,120,0,0,2110.0
SLEEP_POD_LAMB_WOOL,SNACKPACK_VANILLA,7752,8819,1067,0,1,-255.0
SLEEP_POD_LAMB_WOOL,SNACKPACK_VANILLA,9919,10038,119,1,0,1660.0
SLEEP_POD_LAMB_WOOL,SNACKPACK_VANILLA,10116,10220,104,0,1,1720.0
SLEEP_POD_LAMB_WOOL,SNACKPACK_VANILLA,10365,10464,99,0,0,1615.0
SLEEP_POD_LAMB_WOOL,SNACKPACK_VANILLA,10624,10645,21,0,0,1330.0
SLEEP_POD_LAMB_WOOL,SNACKPACK_VANILLA,10703,10736,33,0,0,1315.0
SLEEP_POD_LAMB_WOOL,SNACKPACK_VANILLA,10783,11076,293,0,0,730.0
SLEEP_POD_LAMB_WOOL,SNACKPACK_VANILLA,11141,12221,1080,0,0,-725.0
SLEEP_POD_LAMB_WOOL,SNACKPACK_VANILLA,12750,13000,250,0,0,1580.0
SLEEP_POD_LAMB_WOOL,SNACKPACK_VANILLA,13099,14612,1513,0,0,-3110.0
SLEEP_POD_LAMB_WOOL,SNACKPACK_VANILLA,15064,15730,666,0,0,530.0
SLEEP_POD_LAMB_WOOL,SNACKPACK_VANILLA,15811,15991,180,0,0,1290.0
SLEEP_POD_LAMB_WOOL,SNACKPACK_VANILLA,16133,17913,1780,0,0,-3925.0
SLEEP_POD_LAMB_WOOL,SNACKPACK_VANILLA,18211,19415,1204,0,0,-850.0
SLEEP_POD_LAMB_WOOL,SNACKPACK_VANILLA,19800,20257,457,1,0,1630.0
SLEEP_POD_LAMB_WOOL,SNACKPACK_VANILLA,20466,21360,894,0,0,-570.0
SLEEP_POD_LAMB_WOOL,SNACKPACK_VANILLA,22325,22415,90,0,0,2165.0
SLEEP_POD_LAMB_WOOL,SNACKPACK_VANILLA,22694,22923,229,0,0,1525.0
SLEEP_POD_LAMB_WOOL,SNACKPACK_VANILLA,23129,23344,215,0,0,1405.0
SLEEP_POD_LAMB_WOOL,SNACKPACK_VANILLA,23487,24635,1148,0,0,-605.0
SLEEP_POD_LAMB_WOOL,SNACKPACK_VANILLA,25466,25670,204,0,0,1520.0
SLEEP_POD_LAMB_WOOL,SNACKPACK_VANILLA,25899,25950,51,0,0,1585.0
SLEEP_POD_LAMB_WOOL,SNACKPACK_VANILLA,26090,26197,107,0,0,1615.0
SLEEP_POD_LAMB_WOOL,SNACKPACK_VANILLA,26617,26670,53,0,0,1475.0
SLEEP_POD_LAMB_WOOL,SNACKPACK_VANILLA,26696,27156,460,0,0,1435.0
SLEEP_POD_LAMB_WOOL,SNACKPACK_VANILLA,27370,27461,91,0,0,1670.0
SLEEP_POD_LAMB_WOOL,SNACKPACK_VANILLA,27623,27681,58,0,0,1705.0
SLEEP_POD_LAMB_WOOL,SNACKPACK_VANILLA,27975,28149,174,0,0,1630.0
SLEEP_POD_LAMB_WOOL,SNACKPACK_VANILLA,28271,28597,326,0,0,1450.0
SLEEP_POD_LAMB_WOOL,SNACKPACK_VANILLA,28965,29183,218,1,0,1760.0
SLEEP_POD_LAMB_WOOL,SNACKPACK_VANILLA,29369,29521,152,0,0,1770.0
TRANSLATOR_GRAPHITE_MIST,PANEL_4X4,2073,2187,114,0,0,1480.0
TRANSLATOR_GRAPHITE_MIST,PANEL_4X4,2360,2381,21,0,0,1580.0
TRANSLATOR_GRAPHITE_MIST,PANEL_4X4,2674,3235,561,0,0,535.0
TRANSLATOR_GRAPHITE_MIST,PANEL_4X4,3854,4713,859,0,0,560.0
TRANSLATOR_GRAPHITE_MIST,PANEL_4X4,5504,5994,490,0,0,1260.0
TRANSLATOR_GRAPHITE_MIST,PANEL_4X4,6708,8940,2232,0,0,-4160.0
TRANSLATOR_GRAPHITE_MIST,PANEL_4X4,9440,12641,3201,0,0,-9250.0
TRANSLATOR_GRAPHITE_MIST,PANEL_4X4,12996,13314,318,0,0,2070.0
TRANSLATOR_GRAPHITE_MIST,PANEL_4X4,13332,13685,353,0,0,1065.0
TRANSLATOR_GRAPHITE_MIST,PANEL_4X4,14708,14891,183,0,0,1810.0
TRANSLATOR_GRAPHITE_MIST,PANEL_4X4,14985,15358,373,0,0,1000.0
TRANSLATOR_GRAPHITE_MIST,PANEL_4X4,15649,15685,36,1,0,1900.0
TRANSLATOR_GRAPHITE_MIST,PANEL_4X4,15906,16242,336,0,0,985.0
TRANSLATOR_GRAPHITE_MIST,PANEL_4X4,16612,16638,26,0,0,1555.0
TRANSLATOR_GRAPHITE_MIST,PANEL_4X4,16714,17136,422,1,0,825.0
TRANSLATOR_GRAPHITE_MIST,PANEL_4X4,17393,17916,523,0,1,670.0
TRANSLATOR_GRAPHITE_MIST,PANEL_4X4,18339,18532,193,0,0,1600.0
TRANSLATOR_GRAPHITE_MIST,PANEL_4X4,18566,18690,124,0,0,1600.0
TRANSLATOR_GRAPHITE_MIST,PANEL_4X4,18852,19862,1010,0,0,-610.0
TRANSLATOR_GRAPHITE_MIST,PANEL_4X4,20666,21246,580,0,0,1585.0
TRANSLATOR_GRAPHITE_MIST,PANEL_4X4,21347,21859,512,0,0,785.0
TRANSLATOR_GRAPHITE_MIST,PANEL_4X4,22318,22458,140,0,0,2095.0
TRANSLATOR_GRAPHITE_MIST,PANEL_4X4,22826,23046,220,0,0,1355.0
TRANSLATOR_GRAPHITE_MIST,PANEL_4X4,23376,23509,133,0,0,1600.0
TRANSLATOR_GRAPHITE_MIST,PANEL_4X4,23730,23803,73,0,0,1585.0
TRANSLATOR_GRAPHITE_MIST,PANEL_4X4,23995,24076,81,0,0,2000.0
TRANSLATOR_GRAPHITE_MIST,PANEL_4X4,24371,24423,52,0,0,1330.0
TRANSLATOR_GRAPHITE_MIST,PANEL_4X4,24448,24732,284,0,0,810.0
TRANSLATOR_GRAPHITE_MIST,PANEL_4X4,24835,26046,1211,0,0,-1140.0
TRANSLATOR_GRAPHITE_MIST,PANEL_4X4,26638,26828,190,0,0,1730.0
TRANSLATOR_GRAPHITE_MIST,PANEL_4X4,26992,27120,128,0,1,1265.0
TRANSLATOR_GRAPHITE_MIST,PANEL_4X4,27185,27245,60,0,0,1430.0
TRANSLATOR_GRAPHITE_MIST,PANEL_4X4,27333,27362,29,0,0,1300.0
TRANSLATOR_GRAPHITE_MIST,PANEL_4X4,27473,27850,377,0,0,595.0
TRANSLATOR_GRAPHITE_MIST,PANEL_4X4,27976,28089,113,0,0,1325.0
TRANSLATOR_GRAPHITE_MIST,PANEL_4X4,28249,28813,564,0,0,-40.0
TRANSLATOR_GRAPHITE_MIST,PANEL_4X4,28867,29246,379,0,0,1410.0
SLEEP_POD_COTTON,PEBBLES_L,2495,2994,499,0,0,1310.0
SLEEP_POD_COTTON,PEBBLES_L,4178,4823,645,0,0,655.0
SLEEP_POD_COTTON,PEBBLES_L,5261,7521,2260,0,0,-16195.0
SLEEP_POD_COTTON,PEBBLES_L,7863,8382,519,0,0,2665.0
SLEEP_POD_COTTON,PEBBLES_L,9106,10137,1031,0,0,-1360.0
SLEEP_POD_COTTON,PEBBLES_L,10566,10992,426,0,0,2310.0
SLEEP_POD_COTTON,PEBBLES_L,11151,11693,542,0,0,1455.0
SLEEP_POD_COTTON,PEBBLES_L,12377,12545,168,0,0,2015.0
SLEEP_POD_COTTON,PEBBLES_L,12608,13149,541,0,0,485.0
SLEEP_POD_COTTON,PEBBLES_L,13413,15176,1763,0,0,-9565.0
SLEEP_POD_COTTON,PEBBLES_L,15458,16211,753,0,0,4060.0
SLEEP_POD_COTTON,PEBBLES_L,16890,17280,390,0,0,4305.0
SLEEP_POD_COTTON,PEBBLES_L,18081,19665,1584,0,0,-1555.0
SLEEP_POD_COTTON,PEBBLES_L,20288,22015,1727,0,0,-4495.0
SLEEP_POD_COTTON,PEBBLES_L,22141,22679,538,0,0,3805.0
SLEEP_POD_COTTON,PEBBLES_L,22910,24089,1179,0,0,1200.0
SLEEP_POD_COTTON,PEBBLES_L,24540,25083,543,0,0,2505.0
SLEEP_POD_COTTON,PEBBLES_L,25901,26017,116,0,0,3270.0
SLEEP_POD_COTTON,PEBBLES_L,26042,27164,1122,0,0,-55.0
SLEEP_POD_COTTON,PEBBLES_L,27805,27914,109,0,0,1755.0
SLEEP_POD_COTTON,PEBBLES_L,27961,27978,17,0,0,1825.0
SLEEP_POD_COTTON,PEBBLES_L,27993,28086,93,0,0,1975.0
SLEEP_POD_COTTON,PEBBLES_L,28489,28515,26,0,0,2085.0
SLEEP_POD_COTTON,PEBBLES_L,28583,28767,184,0,0,1790.0
SLEEP_POD_COTTON,PEBBLES_L,28889,28983,94,0,0,2320.0
SLEEP_POD_COTTON,PEBBLES_L,29003,29061,58,0,0,1810.0
SLEEP_POD_COTTON,PEBBLES_L,29347,29926,579,0,0,190.0
ROBOT_LAUNDRY,UV_VISOR_AMBER,2002,2165,163,0,0,2725.0
ROBOT_LAUNDRY,UV_VISOR_AMBER,3143,4773,1630,0,0,-4295.0
ROBOT_LAUNDRY,UV_VISOR_AMBER,5242,6160,918,0,0,-230.0
ROBOT_LAUNDRY,UV_VISOR_AMBER,6877,7057,180,0,0,2120.0
ROBOT_LAUNDRY,UV_VISOR_AMBER,7194,7447,253,0,0,1350.0
ROBOT_LAUNDRY,UV_VISOR_AMBER,7525,7598,73,0,0,1405.0
ROBOT_LAUNDRY,UV_VISOR_AMBER,7835,7959,124,0,0,1315.0
ROBOT_LAUNDRY,UV_VISOR_AMBER,8224,8727,503,0,0,620.0
ROBOT_LAUNDRY,UV_VISOR_AMBER,8835,8993,158,0,0,1790.0
ROBOT_LAUNDRY,UV_VISOR_AMBER,9263,9719,456,0,0,1070.0
ROBOT_LAUNDRY,UV_VISOR_AMBER,10073,12015,1942,0,0,-7275.0
ROBOT_LAUNDRY,UV_VISOR_AMBER,12258,12554,296,0,0,1760.0
ROBOT_LAUNDRY,UV_VISOR_AMBER,12645,12727,82,0,0,1905.0
ROBOT_LAUNDRY,UV_VISOR_AMBER,13056,13154,98,0,0,1320.0
ROBOT_LAUNDRY,UV_VISOR_AMBER,13222,13435,213,0,0,1450.0
ROBOT_LAUNDRY,UV_VISOR_AMBER,13479,13570,91,0,0,1400.0
ROBOT_LAUNDRY,UV_VISOR_AMBER,13665,13839,174,0,0,1125.0
ROBOT_LAUNDRY,UV_VISOR_AMBER,13968,14005,37,0,0,1630.0
ROBOT_LAUNDRY,UV_VISOR_AMBER,14541,14605,64,0,0,1160.0
ROBOT_LAUNDRY,UV_VISOR_AMBER,14745,14766,21,0,0,1225.0
ROBOT_LAUNDRY,UV_VISOR_AMBER,14831,15355,524,0,0,410.0
ROBOT_LAUNDRY,UV_VISOR_AMBER,15688,15795,107,0,0,1810.0
ROBOT_LAUNDRY,UV_VISOR_AMBER,15918,16136,218,0,0,1520.0
ROBOT_LAUNDRY,UV_VISOR_AMBER,16391,16554,163,1,0,2070.0
ROBOT_LAUNDRY,UV_VISOR_AMBER,16849,17177,328,0,0,985.0
ROBOT_LAUNDRY,UV_VISOR_AMBER,17373,17955,582,0,0,1320.0
ROBOT_LAUNDRY,UV_VISOR_AMBER,18393,18443,50,0,0,1660.0
ROBOT_LAUNDRY,UV_VISOR_AMBER,18815,20541,1726,0,0,-2950.0
ROBOT_LAUNDRY,UV_VISOR_AMBER,20829,21034,205,0,0,1430.0
ROBOT_LAUNDRY,UV_VISOR_AMBER,21512,22033,521,0,0,260.0
ROBOT_LAUNDRY,UV_VISOR_AMBER,22579,22841,262,1,0,1785.0
ROBOT_LAUNDRY,UV_VISOR_AMBER,23129,23263,134,0,0,1715.0
ROBOT_LAUNDRY,UV_VISOR_AMBER,23706,23869,163,0,0,1710.0
ROBOT_LAUNDRY,UV_VISOR_AMBER,24163,24273,110,1,1,1420.0
ROBOT_LAUNDRY,UV_VISOR_AMBER,24659,24857,198,0,0,1380.0
ROBOT_LAUNDRY,UV_VISOR_AMBER,24894,25591,697,0,0,5.0
ROBOT_LAUNDRY,UV_VISOR_AMBER,26514,26547,33,0,0,1155.0
ROBOT_LAUNDRY,UV_VISOR_AMBER,26632,27235,603,0,0,400.0
ROBOT_LAUNDRY,UV_VISOR_AMBER,27677,28388,711,0,0,745.0
ROBOT_LAUNDRY,UV_VISOR_AMBER,29423,29632,209,0,0,1900.0
ROBOT_LAUNDRY,UV_VISOR_AMBER,29736,29825,89,0,0,1935.0
OXYGEN_SHAKE_EVENING_BREATH,SNACKPACK_STRAWBERRY,1999,3253,1254,0,0,-230.0
OXYGEN_SHAKE_EVENING_BREATH,SNACKPACK_STRAWBERRY,3746,5820,2074,0,0,-6005.0
OXYGEN_SHAKE_EVENING_BREATH,SNACKPACK_STRAWBERRY,6694,8353,1659,0,0,-2900.0
OXYGEN_SHAKE_EVENING_BREATH,SNACKPACK_STRAWBERRY,8835,9691,856,0,0,40.0
OXYGEN_SHAKE_EVENING_BREATH,SNACKPACK_STRAWBERRY,10407,11046,639,0,1,1550.0
OXYGEN_SHAKE_EVENING_BREATH,SNACKPACK_STRAWBERRY,11437,11980,543,0,0,585.0
OXYGEN_SHAKE_EVENING_BREATH,SNACKPACK_STRAWBERRY,12275,13132,857,0,0,-480.0
OXYGEN_SHAKE_EVENING_BREATH,SNACKPACK_STRAWBERRY,13536,14620,1084,0,0,-35.0
OXYGEN_SHAKE_EVENING_BREATH,SNACKPACK_STRAWBERRY,14864,15066,202,0,0,1470.0
OXYGEN_SHAKE_EVENING_BREATH,SNACKPACK_STRAWBERRY,15205,15333,128,0,0,1570.0
OXYGEN_SHAKE_EVENING_BREATH,SNACKPACK_STRAWBERRY,15369,15465,96,0,0,1450.0
OXYGEN_SHAKE_EVENING_BREATH,SNACKPACK_STRAWBERRY,15591,15626,35,0,0,1255.0
OXYGEN_SHAKE_EVENING_BREATH,SNACKPACK_STRAWBERRY,15726,15760,34,0,0,1150.0
OXYGEN_SHAKE_EVENING_BREATH,SNACKPACK_STRAWBERRY,15873,15931,58,0,0,1160.0
OXYGEN_SHAKE_EVENING_BREATH,SNACKPACK_STRAWBERRY,16024,16323,299,0,0,840.0
OXYGEN_SHAKE_EVENING_BREATH,SNACKPACK_STRAWBERRY,16345,16427,82,0,0,1280.0
OXYGEN_SHAKE_EVENING_BREATH,SNACKPACK_STRAWBERRY,16854,16873,19,0,0,1420.0
OXYGEN_SHAKE_EVENING_BREATH,SNACKPACK_STRAWBERRY,17133,17254,121,0,0,1300.0
OXYGEN_SHAKE_EVENING_BREATH,SNACKPACK_STRAWBERRY,17277,17310,33,0,0,1110.0
OXYGEN_SHAKE_EVENING_BREATH,SNACKPACK_STRAWBERRY,17548,17662,114,1,0,1070.0
OXYGEN_SHAKE_EVENING_BREATH,SNACKPACK_STRAWBERRY,17761,17774,13,0,0,1315.0
OXYGEN_SHAKE_EVENING_BREATH,SNACKPACK_STRAWBERRY,17870,18179,309,0,0,760.0
OXYGEN_SHAKE_EVENING_BREATH,SNACKPACK_STRAWBERRY,18279,18341,62,0,0,1230.0
OXYGEN_SHAKE_EVENING_BREATH,SNACKPACK_STRAWBERRY,18381,18480,99,0,0,1330.0
OXYGEN_SHAKE_EVENING_BREATH,SNACKPACK_STRAWBERRY,18599,19170,571,0,0,605.0
OXYGEN_SHAKE_EVENING_BREATH,SNACKPACK_STRAWBERRY,20570,20648,78,0,0,1430.0
OXYGEN_SHAKE_EVENING_BREATH,SNACKPACK_STRAWBERRY,20751,20810,59,0,0,1505.0
OXYGEN_SHAKE_EVENING_BREATH,SNACKPACK_STRAWBERRY,21085,21706,621,1,0,375.0
OXYGEN_SHAKE_EVENING_BREATH,SNACKPACK_STRAWBERRY,21829,21900,71,0,0,1965.0
OXYGEN_SHAKE_EVENING_BREATH,SNACKPACK_STRAWBERRY,22161,22279,118,1,0,2320.0
OXYGEN_SHAKE_EVENING_BREATH,SNACKPACK_STRAWBERRY,22508,22776,268,0,0,2105.0
OXYGEN_SHAKE_EVENING_BREATH,SNACKPACK_STRAWBERRY,23586,23893,307,0,0,1060.0
OXYGEN_SHAKE_EVENING_BREATH,SNACKPACK_STRAWBERRY,24106,24773,667,0,0,-415.0
OXYGEN_SHAKE_EVENING_BREATH,SNACKPACK_STRAWBERRY,24995,25074,79,0,0,2200.0
OXYGEN_SHAKE_EVENING_BREATH,SNACKPACK_STRAWBERRY,25464,25506,42,0,0,1965.0
OXYGEN_SHAKE_EVENING_BREATH,SNACKPACK_STRAWBERRY,25603,26776,1173,0,0,-500.0
OXYGEN_SHAKE_EVENING_BREATH,SNACKPACK_STRAWBERRY,27136,27205,69,0,0,2600.0
OXYGEN_SHAKE_EVENING_BREATH,SNACKPACK_STRAWBERRY,27543,27734,191,0,0,1840.0
OXYGEN_SHAKE_EVENING_BREATH,SNACKPACK_STRAWBERRY,28351,28505,154,0,0,1820.0
ROBOT_IRONING,TRANSLATOR_ECLIPSE_CHARCOAL,2288,2519,231,0,0,1390.0
ROBOT_IRONING,TRANSLATOR_ECLIPSE_CHARCOAL,2724,3074,350,0,0,1110.0
ROBOT_IRONING,TRANSLATOR_ECLIPSE_CHARCOAL,3237,4785,1548,0,0,-2845.0
ROBOT_IRONING,TRANSLATOR_ECLIPSE_CHARCOAL,5106,5289,183,0,0,2890.0
ROBOT_IRONING,TRANSLATOR_ECLIPSE_CHARCOAL,5676,6168,492,0,0,1160.0
ROBOT_IRONING,TRANSLATOR_ECLIPSE_CHARCOAL,6737,7461,724,0,0,505.0
ROBOT_IRONING,TRANSLATOR_ECLIPSE_CHARCOAL,7531,7838,307,0,0,2630.0
ROBOT_IRONING,TRANSLATOR_ECLIPSE_CHARCOAL,7982,8238,256,0,0,2645.0
ROBOT_IRONING,TRANSLATOR_ECLIPSE_CHARCOAL,8523,8837,314,0,0,1860.0
ROBOT_IRONING,TRANSLATOR_ECLIPSE_CHARCOAL,9077,9470,393,0,0,2340.0
ROBOT_IRONING,TRANSLATOR_ECLIPSE_CHARCOAL,10134,10239,105,0,0,2895.0
ROBOT_IRONING,TRANSLATOR_ECLIPSE_CHARCOAL,10653,11959,1306,0,0,510.0
ROBOT_IRONING,TRANSLATOR_ECLIPSE_CHARCOAL,12407,12498,91,0,0,1920.0
ROBOT_IRONING,TRANSLATOR_ECLIPSE_CHARCOAL,12607,12827,220,0,0,1235.0
ROBOT_IRONING,TRANSLATOR_ECLIPSE_CHARCOAL,13009,13165,156,0,0,1560.0
ROBOT_IRONING,TRANSLATOR_ECLIPSE_CHARCOAL,13353,13706,353,0,0,920.0
ROBOT_IRONING,TRANSLATOR_ECLIPSE_CHARCOAL,13821,14274,453,0,0,1335.0
ROBOT_IRONING,TRANSLATOR_ECLIPSE_CHARCOAL,14407,14957,550,0,0,490.0
ROBOT_IRONING,TRANSLATOR_ECLIPSE_CHARCOAL,15172,15362,190,0,0,1900.0
ROBOT_IRONING,TRANSLATOR_ECLIPSE_CHARCOAL,15704,17180,1476,0,0,-3025.0
ROBOT_IRONING,TRANSLATOR_ECLIPSE_CHARCOAL,17830,17890,60,0,0,1670.0
ROBOT_IRONING,TRANSLATOR_ECLIPSE_CHARCOAL,17940,18000,60,0,0,1285.0
ROBOT_IRONING,TRANSLATOR_ECLIPSE_CHARCOAL,18239,18309,70,0,0,1210.0
ROBOT_IRONING,TRANSLATOR_ECLIPSE_CHARCOAL,18343,20304,1961,0,1,-3935.0
ROBOT_IRONING,TRANSLATOR_ECLIPSE_CHARCOAL,20377,20575,198,0,0,1925.0
ROBOT_IRONING,TRANSLATOR_ECLIPSE_CHARCOAL,20948,21042,94,0,0,1535.0
ROBOT_IRONING,TRANSLATOR_ECLIPSE_CHARCOAL,21738,21759,21,0,0,1340.0
ROBOT_IRONING,TRANSLATOR_ECLIPSE_CHARCOAL,21902,22017,115,0,0,1240.0
ROBOT_IRONING,TRANSLATOR_ECLIPSE_CHARCOAL,22166,22357,191,0,0,1220.0
ROBOT_IRONING,TRANSLATOR_ECLIPSE_CHARCOAL,22412,23019,607,0,0,270.0
ROBOT_IRONING,TRANSLATOR_ECLIPSE_CHARCOAL,24397,24586,189,0,0,1115.0
ROBOT_IRONING,TRANSLATOR_ECLIPSE_CHARCOAL,24676,24723,47,0,0,1245.0
ROBOT_IRONING,TRANSLATOR_ECLIPSE_CHARCOAL,24804,25399,595,0,1,0.0
ROBOT_IRONING,TRANSLATOR_ECLIPSE_CHARCOAL,25494,26033,539,0,0,655.0
ROBOT_IRONING,TRANSLATOR_ECLIPSE_CHARCOAL,26282,26472,190,0,0,1710.0
ROBOT_IRONING,TRANSLATOR_ECLIPSE_CHARCOAL,26822,27056,234,0,0,1035.0
ROBOT_IRONING,TRANSLATOR_ECLIPSE_CHARCOAL,27543,27655,112,0,0,1225.0
ROBOT_IRONING,TRANSLATOR_ECLIPSE_CHARCOAL,27675,28468,793,0,0,-55.0
ROBOT_IRONING,TRANSLATOR_ECLIPSE_CHARCOAL,28967,29451,484,0,0,940.0
ROBOT_IRONING,TRANSLATOR_ECLIPSE_CHARCOAL,29621,29893,272,0,0,880.0
GALAXY_SOUNDS_DARK_MATTER,TRANSLATOR_SPACE_GRAY,2014,2271,257,1,0,1990.0
GALAXY_SOUNDS_DARK_MATTER,TRANSLATOR_SPACE_GRAY,2638,2739,101,0,0,1940.0
GALAXY_SOUNDS_DARK_MATTER,TRANSLATOR_SPACE_GRAY,3544,5707,2163,0,0,-5090.0
GALAXY_SOUNDS_DARK_MATTER,TRANSLATOR_SPACE_GRAY,5848,6617,769,0,0,585.0
GALAXY_SOUNDS_DARK_MATTER,TRANSLATOR_SPACE_GRAY,6941,7796,855,0,0,-650.0
GALAXY_SOUNDS_DARK_MATTER,TRANSLATOR_SPACE_GRAY,8290,8388,98,0,0,2305.0
GALAXY_SOUNDS_DARK_MATTER,TRANSLATOR_SPACE_GRAY,8655,9831,1176,0,0,-1560.0
GALAXY_SOUNDS_DARK_MATTER,TRANSLATOR_SPACE_GRAY,10527,11339,812,1,0,820.0
GALAXY_SOUNDS_DARK_MATTER,TRANSLATOR_SPACE_GRAY,11682,11838,156,0,0,1960.0
GALAXY_SOUNDS_DARK_MATTER,TRANSLATOR_SPACE_GRAY,12345,12742,397,0,0,895.0
GALAXY_SOUNDS_DARK_MATTER,TRANSLATOR_SPACE_GRAY,12970,14249,1279,0,0,-4465.0
GALAXY_SOUNDS_DARK_MATTER,TRANSLATOR_SPACE_GRAY,15158,16294,1136,0,0,-1360.0
GALAXY_SOUNDS_DARK_MATTER,TRANSLATOR_SPACE_GRAY,16902,17627,725,0,0,2275.0
GALAXY_SOUNDS_DARK_MATTER,TRANSLATOR_SPACE_GRAY,18194,19245,1051,0,0,-570.0
GALAXY_SOUNDS_DARK_MATTER,TRANSLATOR_SPACE_GRAY,19767,19929,162,0,0,2640.0
GALAXY_SOUNDS_DARK_MATTER,TRANSLATOR_SPACE_GRAY,20070,20279,209,0,0,2660.0
GALAXY_SOUNDS_DARK_MATTER,TRANSLATOR_SPACE_GRAY,20793,20951,158,0,0,2830.0
GALAXY_SOUNDS_DARK_MATTER,TRANSLATOR_SPACE_GRAY,21358,21380,22,0,0,1830.0
GALAXY_SOUNDS_DARK_MATTER,TRANSLATOR_SPACE_GRAY,21738,21805,67,0,0,1760.0
GALAXY_SOUNDS_DARK_MATTER,TRANSLATOR_SPACE_GRAY,21869,22274,405,0,0,1150.0
GALAXY_SOUNDS_DARK_MATTER,TRANSLATOR_SPACE_GRAY,22580,23016,436,0,0,1175.0
GALAXY_SOUNDS_DARK_MATTER,TRANSLATOR_SPACE_GRAY,23167,23357,190,0,0,2065.0
GALAXY_SOUNDS_DARK_MATTER,TRANSLATOR_SPACE_GRAY,23852,23924,72,0,0,1780.0
GALAXY_SOUNDS_DARK_MATTER,TRANSLATOR_SPACE_GRAY,23982,24178,196,0,0,1670.0
GALAXY_SOUNDS_DARK_MATTER,TRANSLATOR_SPACE_GRAY,24342,24695,353,0,0,1570.0
GALAXY_SOUNDS_DARK_MATTER,TRANSLATOR_SPACE_GRAY,24898,25661,763,0,0,-10.0
GALAXY_SOUNDS_DARK_MATTER,TRANSLATOR_SPACE_GRAY,26393,27581,1188,0,0,-2190.0
GALAXY_SOUNDS_DARK_MATTER,TRANSLATOR_SPACE_GRAY,27975,28650,675,0,0,2955.0
GALAXY_SOUNDS_SOLAR_FLAMES,SNACKPACK_PISTACHIO,2798,4029,1231,0,0,-185.0
GALAXY_SOUNDS_SOLAR_FLAMES,SNACKPACK_PISTACHIO,4409,4567,158,0,0,2495.0
GALAXY_SOUNDS_SOLAR_FLAMES,SNACKPACK_PISTACHIO,4801,6376,1575,0,0,-3925.0
GALAXY_SOUNDS_SOLAR_FLAMES,SNACKPACK_PISTACHIO,7510,8636,1126,0,0,-2880.0
GALAXY_SOUNDS_SOLAR_FLAMES,SNACKPACK_PISTACHIO,9223,9615,392,0,0,2095.0
GALAXY_SOUNDS_SOLAR_FLAMES,SNACKPACK_PISTACHIO,9862,10746,884,0,0,770.0
GALAXY_SOUNDS_SOLAR_FLAMES,SNACKPACK_PISTACHIO,11423,12235,812,0,0,195.0
GALAXY_SOUNDS_SOLAR_FLAMES,SNACKPACK_PISTACHIO,12771,13515,744,0,0,150.0
GALAXY_SOUNDS_SOLAR_FLAMES,SNACKPACK_PISTACHIO,13628,13813,185,0,0,1740.0
GALAXY_SOUNDS_SOLAR_FLAMES,SNACKPACK_PISTACHIO,13953,15752,1799,0,0,-4165.0
GALAXY_SOUNDS_SOLAR_FLAMES,SNACKPACK_PISTACHIO,16115,16411,296,0,0,2245.0
GALAXY_SOUNDS_SOLAR_FLAMES,SNACKPACK_PISTACHIO,16753,16827,74,0,0,1900.0
GALAXY_SOUNDS_SOLAR_FLAMES,SNACKPACK_PISTACHIO,16967,18392,1425,0,1,-2000.0
GALAXY_SOUNDS_SOLAR_FLAMES,SNACKPACK_PISTACHIO,19241,20661,1420,0,0,-950.0
GALAXY_SOUNDS_SOLAR_FLAMES,SNACKPACK_PISTACHIO,21089,21518,429,0,0,595.0
GALAXY_SOUNDS_SOLAR_FLAMES,SNACKPACK_PISTACHIO,21652,21705,53,0,0,1295.0
GALAXY_SOUNDS_SOLAR_FLAMES,SNACKPACK_PISTACHIO,21929,22028,99,0,0,1240.0
GALAXY_SOUNDS_SOLAR_FLAMES,SNACKPACK_PISTACHIO,22835,22887,52,0,0,1115.0
GALAXY_SOUNDS_SOLAR_FLAMES,SNACKPACK_PISTACHIO,23021,23117,96,0,0,1015.0
GALAXY_SOUNDS_SOLAR_FLAMES,SNACKPACK_PISTACHIO,23182,23202,20,0,0,890.0
GALAXY_SOUNDS_SOLAR_FLAMES,SNACKPACK_PISTACHIO,23235,23274,39,0,0,855.0
GALAXY_SOUNDS_SOLAR_FLAMES,SNACKPACK_PISTACHIO,23522,23567,45,0,0,870.0
GALAXY_SOUNDS_SOLAR_FLAMES,SNACKPACK_PISTACHIO,23908,23939,31,0,0,845.0
GALAXY_SOUNDS_SOLAR_FLAMES,SNACKPACK_PISTACHIO,24080,24307,227,0,0,610.0
GALAXY_SOUNDS_SOLAR_FLAMES,SNACKPACK_PISTACHIO,24337,24464,127,0,0,785.0
GALAXY_SOUNDS_SOLAR_FLAMES,SNACKPACK_PISTACHIO,24491,26016,1525,0,0,-4430.0
GALAXY_SOUNDS_SOLAR_FLAMES,SNACKPACK_PISTACHIO,26425,26805,380,0,0,1485.0
GALAXY_SOUNDS_SOLAR_FLAMES,SNACKPACK_PISTACHIO,27171,27317,146,0,0,1265.0
GALAXY_SOUNDS_SOLAR_FLAMES,SNACKPACK_PISTACHIO,27377,27437,60,0,0,1325.0
GALAXY_SOUNDS_SOLAR_FLAMES,SNACKPACK_PISTACHIO,27582,27647,65,0,0,1290.0
GALAXY_SOUNDS_SOLAR_FLAMES,SNACKPACK_PISTACHIO,27844,27988,144,1,0,1335.0
GALAXY_SOUNDS_SOLAR_FLAMES,SNACKPACK_PISTACHIO,28389,28450,61,0,0,1285.0
GALAXY_SOUNDS_SOLAR_FLAMES,SNACKPACK_PISTACHIO,28492,28535,43,0,0,1235.0
GALAXY_SOUNDS_SOLAR_FLAMES,SNACKPACK_PISTACHIO,28648,29512,864,0,0,-620.0
GALAXY_SOUNDS_SOLAR_FLAMES,SNACKPACK_PISTACHIO,29616,29871,255,0,0,1865.0
TRANSLATOR_ASTRO_BLACK,OXYGEN_SHAKE_MORNING_BREATH,3057,4574,1517,0,0,-3270.0
TRANSLATOR_ASTRO_BLACK,OXYGEN_SHAKE_MORNING_BREATH,5043,5732,689,0,0,1145.0
TRANSLATOR_ASTRO_BLACK,OXYGEN_SHAKE_MORNING_BREATH,6006,6159,153,0,0,2180.0
TRANSLATOR_ASTRO_BLACK,OXYGEN_SHAKE_MORNING_BREATH,6328,6577,249,0,0,2645.0
TRANSLATOR_ASTRO_BLACK,OXYGEN_SHAKE_MORNING_BREATH,6846,8461,1615,0,0,-2615.0
TRANSLATOR_ASTRO_BLACK,OXYGEN_SHAKE_MORNING_BREATH,8788,8976,188,0,0,2070.0
TRANSLATOR_ASTRO_BLACK,OXYGEN_SHAKE_MORNING_BREATH,9369,9455,86,0,0,1580.0
TRANSLATOR_ASTRO_BLACK,OXYGEN_SHAKE_MORNING_BREATH,9521,9829,308,0,0,1145.0
TRANSLATOR_ASTRO_BLACK,OXYGEN_SHAKE_MORNING_BREATH,9954,10256,302,0,1,1245.0
TRANSLATOR_ASTRO_BLACK,OXYGEN_SHAKE_MORNING_BREATH,10547,11658,1111,0,0,-1910.0
TRANSLATOR_ASTRO_BLACK,OXYGEN_SHAKE_MORNING_BREATH,12221,12464,243,0,0,3115.0
TRANSLATOR_ASTRO_BLACK,OXYGEN_SHAKE_MORNING_BREATH,12944,13051,107,0,0,3325.0
TRANSLATOR_ASTRO_BLACK,OXYGEN_SHAKE_MORNING_BREATH,13426,13822,396,0,0,2890.0
TRANSLATOR_ASTRO_BLACK,OXYGEN_SHAKE_MORNING_BREATH,14358,14703,345,0,0,1550.0
TRANSLATOR_ASTRO_BLACK,OXYGEN_SHAKE_MORNING_BREATH,15032,15129,97,0,0,2050.0
TRANSLATOR_ASTRO_BLACK,OXYGEN_SHAKE_MORNING_BREATH,15251,15787,536,0,0,1690.0
TRANSLATOR_ASTRO_BLACK,OXYGEN_SHAKE_MORNING_BREATH,16166,18632,2466,0,0,-8005.0
TRANSLATOR_ASTRO_BLACK,OXYGEN_SHAKE_MORNING_BREATH,18850,19228,378,0,0,1310.0
TRANSLATOR_ASTRO_BLACK,OXYGEN_SHAKE_MORNING_BREATH,19264,19333,69,0,0,1225.0
TRANSLATOR_ASTRO_BLACK,OXYGEN_SHAKE_MORNING_BREATH,19540,19605,65,0,0,1230.0
TRANSLATOR_ASTRO_BLACK,OXYGEN_SHAKE_MORNING_BREATH,19656,19725,69,0,0,1325.0
TRANSLATOR_ASTRO_BLACK,OXYGEN_SHAKE_MORNING_BREATH,19940,20476,536,0,0,160.0
TRANSLATOR_ASTRO_BLACK,OXYGEN_SHAKE_MORNING_BREATH,20582,20645,63,0,0,2270.0
TRANSLATOR_ASTRO_BLACK,OXYGEN_SHAKE_MORNING_BREATH,20950,21191,241,0,0,2195.0
TRANSLATOR_ASTRO_BLACK,OXYGEN_SHAKE_MORNING_BREATH,22396,22564,168,0,0,1665.0
TRANSLATOR_ASTRO_BLACK,OXYGEN_SHAKE_MORNING_BREATH,22803,23760,957,0,0,-795.0
TRANSLATOR_ASTRO_BLACK,OXYGEN_SHAKE_MORNING_BREATH,24425,24758,333,0,0,2060.0
TRANSLATOR_ASTRO_BLACK,OXYGEN_SHAKE_MORNING_BREATH,24925,24981,56,0,0,2015.0
TRANSLATOR_ASTRO_BLACK,OXYGEN_SHAKE_MORNING_BREATH,25617,25678,61,1,0,1765.0
TRANSLATOR_ASTRO_BLACK,OXYGEN_SHAKE_MORNING_BREATH,25793,26929,1136,0,0,-1430.0
TRANSLATOR_ASTRO_BLACK,OXYGEN_SHAKE_MORNING_BREATH,27488,28571,1083,0,0,-1405.0
TRANSLATOR_ASTRO_BLACK,OXYGEN_SHAKE_MORNING_BREATH,29472,29511,39,0,0,1805.0
SLEEP_POD_NYLON,OXYGEN_SHAKE_CHOCOLATE,1999,2920,921,0,0,2945.0
SLEEP_POD_NYLON,OXYGEN_SHAKE_CHOCOLATE,4012,4371,359,0,0,1390.0
SLEEP_POD_NYLON,OXYGEN_SHAKE_CHOCOLATE,4598,4667,69,0,0,1540.0
SLEEP_POD_NYLON,OXYGEN_SHAKE_CHOCOLATE,4706,5021,315,0,0,1455.0
SLEEP_POD_NYLON,OXYGEN_SHAKE_CHOCOLATE,5399,5443,44,0,0,1745.0
SLEEP_POD_NYLON,OXYGEN_SHAKE_CHOCOLATE,5485,5713,228,0,0,1315.0
SLEEP_POD_NYLON,OXYGEN_SHAKE_CHOCOLATE,5988,7463,1475,0,0,-2070.0
SLEEP_POD_NYLON,OXYGEN_SHAKE_CHOCOLATE,7721,8322,601,0,1,1165.0
SLEEP_POD_NYLON,OXYGEN_SHAKE_CHOCOLATE,8942,9010,68,0,0,1485.0
SLEEP_POD_NYLON,OXYGEN_SHAKE_CHOCOLATE,9152,9279,127,0,0,1440.0
SLEEP_POD_NYLON,OXYGEN_SHAKE_CHOCOLATE,9538,9638,100,0,0,1530.0
SLEEP_POD_NYLON,OXYGEN_SHAKE_CHOCOLATE,9833,11180,1347,0,0,-3180.0
SLEEP_POD_NYLON,OXYGEN_SHAKE_CHOCOLATE,11797,13129,1332,0,0,-3780.0
SLEEP_POD_NYLON,OXYGEN_SHAKE_CHOCOLATE,14493,15188,695,0,0,1690.0
SLEEP_POD_NYLON,OXYGEN_SHAKE_CHOCOLATE,15384,15699,315,0,0,1645.0
SLEEP_POD_NYLON,OXYGEN_SHAKE_CHOCOLATE,15973,16536,563,0,0,435.0
SLEEP_POD_NYLON,OXYGEN_SHAKE_CHOCOLATE,16721,18035,1314,0,0,-275.0
SLEEP_POD_NYLON,OXYGEN_SHAKE_CHOCOLATE,18544,18566,22,0,0,1695.0
SLEEP_POD_NYLON,OXYGEN_SHAKE_CHOCOLATE,18603,18840,237,0,0,1190.0
SLEEP_POD_NYLON,OXYGEN_SHAKE_CHOCOLATE,18985,19021,36,0,1,1165.0
SLEEP_POD_NYLON,OXYGEN_SHAKE_CHOCOLATE,19300,19550,250,0,0,975.0
SLEEP_POD_NYLON,OXYGEN_SHAKE_CHOCOLATE,19898,21034,1136,0,0,-2630.0
SLEEP_POD_NYLON,OXYGEN_SHAKE_CHOCOLATE,22637,22689,52,0,0,2290.0
SLEEP_POD_NYLON,OXYGEN_SHAKE_CHOCOLATE,23203,23247,44,0,0,1615.0
SLEEP_POD_NYLON,OXYGEN_SHAKE_CHOCOLATE,23684,25210,1526,0,0,-3225.0
SLEEP_POD_NYLON,OXYGEN_SHAKE_CHOCOLATE,25589,25979,390,0,0,915.0
SLEEP_POD_NYLON,OXYGEN_SHAKE_CHOCOLATE,26376,26471,95,0,0,2430.0
SLEEP_POD_NYLON,OXYGEN_SHAKE_CHOCOLATE,27170,27390,220,0,0,2565.0
SLEEP_POD_NYLON,OXYGEN_SHAKE_CHOCOLATE,27667,28124,457,0,0,1755.0
SLEEP_POD_NYLON,OXYGEN_SHAKE_CHOCOLATE,28809,29133,324,0,0,2070.0
SLEEP_POD_NYLON,OXYGEN_SHAKE_CHOCOLATE,29344,29609,265,0,0,2080.0
ROBOT_MOPPING,UV_VISOR_MAGENTA,2068,2257,189,0,0,1390.0
ROBOT_MOPPING,UV_VISOR_MAGENTA,2318,3235,917,0,0,-495.0
ROBOT_MOPPING,UV_VISOR_MAGENTA,4320,4686,366,0,0,950.0
ROBOT_MOPPING,UV_VISOR_MAGENTA,4903,5002,99,0,0,1760.0
ROBOT_MOPPING,UV_VISOR_MAGENTA,5091,5644,553,0,0,520.0
ROBOT_MOPPING,UV_VISOR_MAGENTA,5777,6316,539,0,0,290.0
ROBOT_MOPPING,UV_VISOR_MAGENTA,7255,7276,21,0,0,1885.0
ROBOT_MOPPING,UV_VISOR_MAGENTA,7418,7543,125,0,0,1840.0
ROBOT_MOPPING,UV_VISOR_MAGENTA,7663,7842,179,0,1,1670.0
ROBOT_MOPPING,UV_VISOR_MAGENTA,8173,8199,26,0,0,1790.0
ROBOT_MOPPING,UV_VISOR_MAGENTA,8220,10964,2744,0,0,-10920.0
ROBOT_MOPPING,UV_VISOR_MAGENTA,11769,12068,299,0,0,1645.0
ROBOT_MOPPING,UV_VISOR_MAGENTA,12110,13582,1472,0,0,-2375.0
ROBOT_MOPPING,UV_VISOR_MAGENTA,13861,14393,532,0,0,2110.0
ROBOT_MOPPING,UV_VISOR_MAGENTA,14811,17205,2394,0,0,-7405.0
ROBOT_MOPPING,UV_VISOR_MAGENTA,17580,17639,59,0,0,2910.0
ROBOT_MOPPING,UV_VISOR_MAGENTA,17781,18769,988,1,0,-250.0
ROBOT_MOPPING,UV_VISOR_MAGENTA,19644,19970,326,0,0,965.0
ROBOT_MOPPING,UV_VISOR_MAGENTA,20554,20699,145,0,0,2065.0
ROBOT_MOPPING,UV_VISOR_MAGENTA,20861,20956,95,0,0,2025.0
ROBOT_MOPPING,UV_VISOR_MAGENTA,21079,21452,373,0,0,2055.0
ROBOT_MOPPING,UV_VISOR_MAGENTA,21559,23006,1447,0,0,-3665.0
ROBOT_MOPPING,UV_VISOR_MAGENTA,23480,25172,1692,0,0,-2300.0
ROBOT_MOPPING,UV_VISOR_MAGENTA,25236,25600,364,0,0,1800.0
ROBOT_MOPPING,UV_VISOR_MAGENTA,25980,26321,341,0,0,1630.0
ROBOT_MOPPING,UV_VISOR_MAGENTA,26363,26459,96,0,0,2180.0
ROBOT_MOPPING,UV_VISOR_MAGENTA,26550,26992,442,0,0,1535.0
ROBOT_MOPPING,UV_VISOR_MAGENTA,27439,27658,219,0,0,2330.0
ROBOT_MOPPING,UV_VISOR_MAGENTA,27764,27904,140,0,0,1995.0
ROBOT_MOPPING,UV_VISOR_MAGENTA,28228,29756,1528,1,0,-4715.0
PANEL_1X4,SNACKPACK_CHOCOLATE,2953,3559,606,0,0,2990.0
PANEL_1X4,SNACKPACK_CHOCOLATE,3729,4645,916,0,0,2265.0
PANEL_1X4,SNACKPACK_CHOCOLATE,5737,6562,825,0,0,-280.0
PANEL_1X4,SNACKPACK_CHOCOLATE,6607,8551,1944,0,0,-4190.0
PANEL_1X4,SNACKPACK_CHOCOLATE,8666,9376,710,0,0,-170.0
PANEL_1X4,SNACKPACK_CHOCOLATE,9647,10298,651,1,0,490.0
PANEL_1X4,SNACKPACK_CHOCOLATE,10582,11548,966,0,0,-55.0
PANEL_1X4,SNACKPACK_CHOCOLATE,12273,12430,157,0,0,1875.0
PANEL_1X4,SNACKPACK_CHOCOLATE,12733,12772,39,0,0,1370.0
PANEL_1X4,SNACKPACK_CHOCOLATE,12896,13032,136,0,0,1220.0
PANEL_1X4,SNACKPACK_CHOCOLATE,13158,13225,67,0,0,1290.0
PANEL_1X4,SNACKPACK_CHOCOLATE,13270,13315,45,0,0,1605.0
PANEL_1X4,SNACKPACK_CHOCOLATE,13563,14521,958,0,0,-1155.0
PANEL_1X4,SNACKPACK_CHOCOLATE,14914,16292,1378,0,0,-2610.0
PANEL_1X4,SNACKPACK_CHOCOLATE,16550,17753,1203,0,0,-1600.0
PANEL_1X4,SNACKPACK_CHOCOLATE,18413,19380,967,0,0,-450.0
PANEL_1X4,SNACKPACK_CHOCOLATE,20252,20590,338,0,0,1615.0
PANEL_1X4,SNACKPACK_CHOCOLATE,20668,21837,1169,0,0,-1335.0
PANEL_1X4,SNACKPACK_CHOCOLATE,22242,22515,273,0,0,1335.0
PANEL_1X4,SNACKPACK_CHOCOLATE,22759,24370,1611,0,0,-1550.0
PANEL_1X4,SNACKPACK_CHOCOLATE,24772,24808,36,0,0,1445.0
PANEL_1X4,SNACKPACK_CHOCOLATE,25085,25966,881,0,0,210.0
PANEL_1X4,SNACKPACK_CHOCOLATE,26222,26369,147,0,0,1565.0
PANEL_1X4,SNACKPACK_CHOCOLATE,26494,27004,510,0,0,1120.0
PANEL_1X4,SNACKPACK_CHOCOLATE,27353,28133,780,0,0,80.0
PANEL_1X4,SNACKPACK_CHOCOLATE,28867,29062,195,0,0,1250.0
